generation,algorithm,fitness_mode,fitness_priority,fitness_score,primary_fitness,weighted_error,missing_jackpot,jackpot_spins,jackpot_probability,missing_symbols,symbol_concentration,win_rate_shortfall,rtp_error,rtp,win_rate
1,GA weighted game design,weighted,weighted constraint violations>rtp_error>reel_symbol_concentration,"(107.63913255360623,)",107.63913255360623,107.63913255360623,0,1,0.0005787037037037037,4,0.25,0.4626157407407408,0.6079861111111111,0.3420138888888889,0.08738425925925926
2,GA weighted game design,weighted,weighted constraint violations>rtp_error>reel_symbol_concentration,"(73.8501461988304,)",73.8501461988304,73.8501461988304,0,4,0.0023148148148148147,3,0.26851851851851855,0.39722222222222225,0.32847222222222217,0.6215277777777778,0.1527777777777778
3,GA weighted game design,weighted,weighted constraint violations>rtp_error>reel_symbol_concentration,"(56.3879142300195,)",56.3879142300195,56.3879142300195,0,4,0.0023148148148148147,4,0.3055555555555556,0.37175925925925934,0.16527777777777775,0.7847222222222222,0.17824074074074073
4,GA weighted game design,weighted,weighted constraint violations>rtp_error>reel_symbol_concentration,"(46.236842105263165,)",46.236842105263165,46.236842105263165,0,2,0.0011574074074074073,3,0.24537037037037038,0.3983796296296297,0.059953703703703676,0.8900462962962963,0.15162037037037038
5,GA weighted game design,weighted,weighted constraint violations>rtp_error>reel_symbol_concentration,"(38.10769980506823,)",38.10769980506823,38.10769980506823,1,0,0.0,3,0.3287037037037037,0.325462962962963,0.005555555555555536,0.9444444444444444,0.22453703703703703
6,GA weighted game design,weighted,weighted constraint violations>rtp_error>reel_symbol_concentration,"(35.596003898635466,)",35.596003898635466,35.596003898635466,0,2,0.0011574074074074073,2,0.2638888888888889,0.31851851851851853,0.026388888888888795,0.9236111111111112,0.23148148148148148
7,GA weighted game design,weighted,weighted constraint violations>rtp_error>reel_symbol_concentration,"(35.596003898635466,)",35.596003898635466,35.596003898635466,0,2,0.0011574074074074073,2,0.2638888888888889,0.31851851851851853,0.026388888888888795,0.9236111111111112,0.23148148148148148
8,GA weighted game design,weighted,weighted constraint violations>rtp_error>reel_symbol_concentration,"(35.596003898635466,)",35.596003898635466,35.596003898635466,0,2,0.0011574074074074073,2,0.2638888888888889,0.31851851851851853,0.026388888888888795,0.9236111111111112,0.23148148148148148
9,GA weighted game design,weighted,weighted constraint violations>rtp_error>reel_symbol_concentration,"(30.38194444444445,)",30.38194444444445,30.38194444444445,0,3,0.001736111111111111,3,0.29629629629629634,0.27048611111111115,0.007291666666666585,0.9427083333333334,0.2795138888888889
10,GA weighted game design,weighted,weighted constraint violations>rtp_error>reel_symbol_concentration,"(30.38194444444445,)",30.38194444444445,30.38194444444445,0,3,0.001736111111111111,3,0.29629629629629634,0.27048611111111115,0.007291666666666585,0.9427083333333334,0.2795138888888889
11,GA weighted game design,weighted,weighted constraint violations>rtp_error>reel_symbol_concentration,"(30.38194444444445,)",30.38194444444445,30.38194444444445,0,3,0.001736111111111111,3,0.29629629629629634,0.27048611111111115,0.007291666666666585,0.9427083333333334,0.2795138888888889
12,GA weighted game design,weighted,weighted constraint violations>rtp_error>reel_symbol_concentration,"(30.38194444444445,)",30.38194444444445,30.38194444444445,0,3,0.001736111111111111,3,0.29629629629629634,0.27048611111111115,0.007291666666666585,0.9427083333333334,0.2795138888888889
13,GA weighted game design,weighted,weighted constraint violations>rtp_error>reel_symbol_concentration,"(30.38194444444445,)",30.38194444444445,30.38194444444445,0,3,0.001736111111111111,3,0.29629629629629634,0.27048611111111115,0.007291666666666585,0.9427083333333334,0.2795138888888889
14,GA weighted game design,weighted,weighted constraint violations>rtp_error>reel_symbol_concentration,"(30.38194444444445,)",30.38194444444445,30.38194444444445,0,3,0.001736111111111111,3,0.29629629629629634,0.27048611111111115,0.007291666666666585,0.9427083333333334,0.2795138888888889
15,GA weighted game design,weighted,weighted constraint violations>rtp_error>reel_symbol_concentration,"(30.38194444444445,)",30.38194444444445,30.38194444444445,0,3,0.001736111111111111,3,0.29629629629629634,0.27048611111111115,0.007291666666666585,0.9427083333333334,0.2795138888888889
16,GA weighted game design,weighted,weighted constraint violations>rtp_error>reel_symbol_concentration,"(30.38194444444445,)",30.38194444444445,30.38194444444445,0,3,0.001736111111111111,3,0.29629629629629634,0.27048611111111115,0.007291666666666585,0.9427083333333334,0.2795138888888889
17,GA weighted game design,weighted,weighted constraint violations>rtp_error>reel_symbol_concentration,"(30.38194444444445,)",30.38194444444445,30.38194444444445,0,3,0.001736111111111111,3,0.29629629629629634,0.27048611111111115,0.007291666666666585,0.9427083333333334,0.2795138888888889
18,GA weighted game design,weighted,weighted constraint violations>rtp_error>reel_symbol_concentration,"(30.38194444444445,)",30.38194444444445,30.38194444444445,0,3,0.001736111111111111,3,0.29629629629629634,0.27048611111111115,0.007291666666666585,0.9427083333333334,0.2795138888888889
19,GA weighted game design,weighted,weighted constraint violations>rtp_error>reel_symbol_concentration,"(29.363060428849906,)",29.363060428849906,29.363060428849906,0,3,0.001736111111111111,2,0.2777777777777778,0.2589120370370371,0.018402777777777768,0.9315972222222222,0.29108796296296297
20,GA weighted game design,weighted,weighted constraint violations>rtp_error>reel_symbol_concentration,"(29.363060428849906,)",29.363060428849906,29.363060428849906,0,3,0.001736111111111111,2,0.2777777777777778,0.2589120370370371,0.018402777777777768,0.9315972222222222,0.29108796296296297
21,GA weighted game design,weighted,weighted constraint violations>rtp_error>reel_symbol_concentration,"(29.363060428849906,)",29.363060428849906,29.363060428849906,0,3,0.001736111111111111,2,0.2777777777777778,0.2589120370370371,0.018402777777777768,0.9315972222222222,0.29108796296296297
22,GA weighted game design,weighted,weighted constraint violations>rtp_error>reel_symbol_concentration,"(29.363060428849906,)",29.363060428849906,29.363060428849906,0,3,0.001736111111111111,2,0.2777777777777778,0.2589120370370371,0.018402777777777768,0.9315972222222222,0.29108796296296297
23,GA weighted game design,weighted,weighted constraint violations>rtp_error>reel_symbol_concentration,"(29.363060428849906,)",29.363060428849906,29.363060428849906,0,3,0.001736111111111111,2,0.2777777777777778,0.2589120370370371,0.018402777777777768,0.9315972222222222,0.29108796296296297
24,GA weighted game design,weighted,weighted constraint violations>rtp_error>reel_symbol_concentration,"(29.363060428849906,)",29.363060428849906,29.363060428849906,0,3,0.001736111111111111,2,0.2777777777777778,0.2589120370370371,0.018402777777777768,0.9315972222222222,0.29108796296296297
25,GA weighted game design,weighted,weighted constraint violations>rtp_error>reel_symbol_concentration,"(29.363060428849906,)",29.363060428849906,29.363060428849906,0,3,0.001736111111111111,2,0.2777777777777778,0.2589120370370371,0.018402777777777768,0.9315972222222222,0.29108796296296297
26,GA weighted game design,weighted,weighted constraint violations>rtp_error>reel_symbol_concentration,"(29.363060428849906,)",29.363060428849906,29.363060428849906,0,3,0.001736111111111111,2,0.2777777777777778,0.2589120370370371,0.018402777777777768,0.9315972222222222,0.29108796296296297
27,GA weighted game design,weighted,weighted constraint violations>rtp_error>reel_symbol_concentration,"(29.363060428849906,)",29.363060428849906,29.363060428849906,0,3,0.001736111111111111,2,0.2777777777777778,0.2589120370370371,0.018402777777777768,0.9315972222222222,0.29108796296296297
28,GA weighted game design,weighted,weighted constraint violations>rtp_error>reel_symbol_concentration,"(29.363060428849906,)",29.363060428849906,29.363060428849906,0,3,0.001736111111111111,2,0.2777777777777778,0.2589120370370371,0.018402777777777768,0.9315972222222222,0.29108796296296297
29,GA weighted game design,weighted,weighted constraint violations>rtp_error>reel_symbol_concentration,"(29.363060428849906,)",29.363060428849906,29.363060428849906,0,3,0.001736111111111111,2,0.2777777777777778,0.2589120370370371,0.018402777777777768,0.9315972222222222,0.29108796296296297
30,GA weighted game design,weighted,weighted constraint violations>rtp_error>reel_symbol_concentration,"(29.363060428849906,)",29.363060428849906,29.363060428849906,0,3,0.001736111111111111,2,0.2777777777777778,0.2589120370370371,0.018402777777777768,0.9315972222222222,0.29108796296296297
31,GA weighted game design,weighted,weighted constraint violations>rtp_error>reel_symbol_concentration,"(29.363060428849906,)",29.363060428849906,29.363060428849906,0,3,0.001736111111111111,2,0.2777777777777778,0.2589120370370371,0.018402777777777768,0.9315972222222222,0.29108796296296297
32,GA weighted game design,weighted,weighted constraint violations>rtp_error>reel_symbol_concentration,"(29.363060428849906,)",29.363060428849906,29.363060428849906,0,3,0.001736111111111111,2,0.2777777777777778,0.2589120370370371,0.018402777777777768,0.9315972222222222,0.29108796296296297
33,GA weighted game design,weighted,weighted constraint violations>rtp_error>reel_symbol_concentration,"(29.363060428849906,)",29.363060428849906,29.363060428849906,0,3,0.001736111111111111,2,0.2777777777777778,0.2589120370370371,0.018402777777777768,0.9315972222222222,0.29108796296296297
34,GA weighted game design,weighted,weighted constraint violations>rtp_error>reel_symbol_concentration,"(29.363060428849906,)",29.363060428849906,29.363060428849906,0,3,0.001736111111111111,2,0.2777777777777778,0.2589120370370371,0.018402777777777768,0.9315972222222222,0.29108796296296297
35,GA weighted game design,weighted,weighted constraint violations>rtp_error>reel_symbol_concentration,"(29.363060428849906,)",29.363060428849906,29.363060428849906,0,3,0.001736111111111111,2,0.2777777777777778,0.2589120370370371,0.018402777777777768,0.9315972222222222,0.29108796296296297
36,GA weighted game design,weighted,weighted constraint violations>rtp_error>reel_symbol_concentration,"(29.15716374269006,)",29.15716374269006,29.15716374269006,0,3,0.001736111111111111,3,0.3425925925925926,0.22881944444444446,0.021874999999999978,0.928125,0.3211805555555556
37,GA weighted game design,weighted,weighted constraint violations>rtp_error>reel_symbol_concentration,"(29.15716374269006,)",29.15716374269006,29.15716374269006,0,3,0.001736111111111111,3,0.3425925925925926,0.22881944444444446,0.021874999999999978,0.928125,0.3211805555555556
38,GA weighted game design,weighted,weighted constraint violations>rtp_error>reel_symbol_concentration,"(29.15716374269006,)",29.15716374269006,29.15716374269006,0,3,0.001736111111111111,3,0.3425925925925926,0.22881944444444446,0.021874999999999978,0.928125,0.3211805555555556
39,GA weighted game design,weighted,weighted constraint violations>rtp_error>reel_symbol_concentration,"(29.15716374269006,)",29.15716374269006,29.15716374269006,0,3,0.001736111111111111,3,0.3425925925925926,0.22881944444444446,0.021874999999999978,0.928125,0.3211805555555556
40,GA weighted game design,weighted,weighted constraint violations>rtp_error>reel_symbol_concentration,"(27.996101364522417,)",27.996101364522417,27.996101364522417,0,6,0.003472222222222222,3,0.3333333333333333,0.2155092592592593,0.027083333333333348,0.9770833333333333,0.33449074074074076
41,GA weighted game design,weighted,weighted constraint violations>rtp_error>reel_symbol_concentration,"(26.357212475633524,)",26.357212475633524,26.357212475633524,1,0,0.0,3,0.3333333333333333,0.19120370370370376,0.02499999999999991,0.925,0.3587962962962963
42,GA weighted game design,weighted,weighted constraint violations>rtp_error>reel_symbol_concentration,"(26.357212475633524,)",26.357212475633524,26.357212475633524,1,0,0.0,3,0.3333333333333333,0.19120370370370376,0.02499999999999991,0.925,0.3587962962962963
43,GA weighted game design,weighted,weighted constraint violations>rtp_error>reel_symbol_concentration,"(26.357212475633524,)",26.357212475633524,26.357212475633524,1,0,0.0,3,0.3333333333333333,0.19120370370370376,0.02499999999999991,0.925,0.3587962962962963
44,GA weighted game design,weighted,weighted constraint violations>rtp_error>reel_symbol_concentration,"(26.357212475633524,)",26.357212475633524,26.357212475633524,1,0,0.0,3,0.3333333333333333,0.19120370370370376,0.02499999999999991,0.925,0.3587962962962963
45,GA weighted game design,weighted,weighted constraint violations>rtp_error>reel_symbol_concentration,"(26.357212475633524,)",26.357212475633524,26.357212475633524,1,0,0.0,3,0.3333333333333333,0.19120370370370376,0.02499999999999991,0.925,0.3587962962962963
46,GA weighted game design,weighted,weighted constraint violations>rtp_error>reel_symbol_concentration,"(26.357212475633524,)",26.357212475633524,26.357212475633524,1,0,0.0,3,0.3333333333333333,0.19120370370370376,0.02499999999999991,0.925,0.3587962962962963
47,GA weighted game design,weighted,weighted constraint violations>rtp_error>reel_symbol_concentration,"(26.357212475633524,)",26.357212475633524,26.357212475633524,1,0,0.0,3,0.3333333333333333,0.19120370370370376,0.02499999999999991,0.925,0.3587962962962963
48,GA weighted game design,weighted,weighted constraint violations>rtp_error>reel_symbol_concentration,"(26.357212475633524,)",26.357212475633524,26.357212475633524,1,0,0.0,3,0.3333333333333333,0.19120370370370376,0.02499999999999991,0.925,0.3587962962962963
49,GA weighted game design,weighted,weighted constraint violations>rtp_error>reel_symbol_concentration,"(20.90765107212476,)",20.90765107212476,20.90765107212476,0,2,0.0011574074074074073,3,0.33796296296296297,0.15995370370370376,0.001099537037037135,0.9510995370370371,0.3900462962962963
50,GA weighted game design,weighted,weighted constraint violations>rtp_error>reel_symbol_concentration,"(20.90765107212476,)",20.90765107212476,20.90765107212476,0,2,0.0011574074074074073,3,0.33796296296296297,0.15995370370370376,0.001099537037037135,0.9510995370370371,0.3900462962962963
51,GA weighted game design,weighted,weighted constraint violations>rtp_error>reel_symbol_concentration,"(20.90765107212476,)",20.90765107212476,20.90765107212476,0,2,0.0011574074074074073,3,0.33796296296296297,0.15995370370370376,0.001099537037037135,0.9510995370370371,0.3900462962962963
52,GA weighted game design,weighted,weighted constraint violations>rtp_error>reel_symbol_concentration,"(20.90765107212476,)",20.90765107212476,20.90765107212476,0,2,0.0011574074074074073,3,0.33796296296296297,0.15995370370370376,0.001099537037037135,0.9510995370370371,0.3900462962962963
53,GA weighted game design,weighted,weighted constraint violations>rtp_error>reel_symbol_concentration,"(20.90765107212476,)",20.90765107212476,20.90765107212476,0,2,0.0011574074074074073,3,0.33796296296296297,0.15995370370370376,0.001099537037037135,0.9510995370370371,0.3900462962962963
54,GA weighted game design,weighted,weighted constraint violations>rtp_error>reel_symbol_concentration,"(20.90765107212476,)",20.90765107212476,20.90765107212476,0,2,0.0011574074074074073,3,0.33796296296296297,0.15995370370370376,0.001099537037037135,0.9510995370370371,0.3900462962962963
55,GA weighted game design,weighted,weighted constraint violations>rtp_error>reel_symbol_concentration,"(20.90765107212476,)",20.90765107212476,20.90765107212476,0,2,0.0011574074074074073,3,0.33796296296296297,0.15995370370370376,0.001099537037037135,0.9510995370370371,0.3900462962962963
56,GA weighted game design,weighted,weighted constraint violations>rtp_error>reel_symbol_concentration,"(20.90765107212476,)",20.90765107212476,20.90765107212476,0,2,0.0011574074074074073,3,0.33796296296296297,0.15995370370370376,0.001099537037037135,0.9510995370370371,0.3900462962962963
57,GA weighted game design,weighted,weighted constraint violations>rtp_error>reel_symbol_concentration,"(20.90765107212476,)",20.90765107212476,20.90765107212476,0,2,0.0011574074074074073,3,0.33796296296296297,0.15995370370370376,0.001099537037037135,0.9510995370370371,0.3900462962962963
58,GA weighted game design,weighted,weighted constraint violations>rtp_error>reel_symbol_concentration,"(20.90765107212476,)",20.90765107212476,20.90765107212476,0,2,0.0011574074074074073,3,0.33796296296296297,0.15995370370370376,0.001099537037037135,0.9510995370370371,0.3900462962962963
59,GA weighted game design,weighted,weighted constraint violations>rtp_error>reel_symbol_concentration,"(20.90765107212476,)",20.90765107212476,20.90765107212476,0,2,0.0011574074074074073,3,0.33796296296296297,0.15995370370370376,0.001099537037037135,0.9510995370370371,0.3900462962962963
60,GA weighted game design,weighted,weighted constraint violations>rtp_error>reel_symbol_concentration,"(20.90765107212476,)",20.90765107212476,20.90765107212476,0,2,0.0011574074074074073,3,0.33796296296296297,0.15995370370370376,0.001099537037037135,0.9510995370370371,0.3900462962962963
61,GA weighted game design,weighted,weighted constraint violations>rtp_error>reel_symbol_concentration,"(20.90765107212476,)",20.90765107212476,20.90765107212476,0,2,0.0011574074074074073,3,0.33796296296296297,0.15995370370370376,0.001099537037037135,0.9510995370370371,0.3900462962962963
62,GA weighted game design,weighted,weighted constraint violations>rtp_error>reel_symbol_concentration,"(20.90765107212476,)",20.90765107212476,20.90765107212476,0,2,0.0011574074074074073,3,0.33796296296296297,0.15995370370370376,0.001099537037037135,0.9510995370370371,0.3900462962962963
63,GA weighted game design,weighted,weighted constraint violations>rtp_error>reel_symbol_concentration,"(20.90765107212476,)",20.90765107212476,20.90765107212476,0,2,0.0011574074074074073,3,0.33796296296296297,0.15995370370370376,0.001099537037037135,0.9510995370370371,0.3900462962962963
64,GA weighted game design,weighted,weighted constraint violations>rtp_error>reel_symbol_concentration,"(20.90765107212476,)",20.90765107212476,20.90765107212476,0,2,0.0011574074074074073,3,0.33796296296296297,0.15995370370370376,0.001099537037037135,0.9510995370370371,0.3900462962962963
65,GA weighted game design,weighted,weighted constraint violations>rtp_error>reel_symbol_concentration,"(20.90765107212476,)",20.90765107212476,20.90765107212476,0,2,0.0011574074074074073,3,0.33796296296296297,0.15995370370370376,0.001099537037037135,0.9510995370370371,0.3900462962962963
66,GA weighted game design,weighted,weighted constraint violations>rtp_error>reel_symbol_concentration,"(20.90765107212476,)",20.90765107212476,20.90765107212476,0,2,0.0011574074074074073,3,0.33796296296296297,0.15995370370370376,0.001099537037037135,0.9510995370370371,0.3900462962962963
67,GA weighted game design,weighted,weighted constraint violations>rtp_error>reel_symbol_concentration,"(20.90765107212476,)",20.90765107212476,20.90765107212476,0,2,0.0011574074074074073,3,0.33796296296296297,0.15995370370370376,0.001099537037037135,0.9510995370370371,0.3900462962962963
68,GA weighted game design,weighted,weighted constraint violations>rtp_error>reel_symbol_concentration,"(20.90765107212476,)",20.90765107212476,20.90765107212476,0,2,0.0011574074074074073,3,0.33796296296296297,0.15995370370370376,0.001099537037037135,0.9510995370370371,0.3900462962962963
69,GA weighted game design,weighted,weighted constraint violations>rtp_error>reel_symbol_concentration,"(19.983644005847964,)",19.983644005847964,19.983644005847964,0,3,0.001736111111111111,3,0.34722222222222227,0.13159722222222225,0.02560763888888895,0.9756076388888889,0.4184027777777778
70,GA weighted game design,weighted,weighted constraint violations>rtp_error>reel_symbol_concentration,"(19.983644005847964,)",19.983644005847964,19.983644005847964,0,3,0.001736111111111111,3,0.34722222222222227,0.13159722222222225,0.02560763888888895,0.9756076388888889,0.4184027777777778
71,GA weighted game design,weighted,weighted constraint violations>rtp_error>reel_symbol_concentration,"(19.983644005847964,)",19.983644005847964,19.983644005847964,0,3,0.001736111111111111,3,0.34722222222222227,0.13159722222222225,0.02560763888888895,0.9756076388888889,0.4184027777777778
72,GA weighted game design,weighted,weighted constraint violations>rtp_error>reel_symbol_concentration,"(19.983644005847964,)",19.983644005847964,19.983644005847964,0,3,0.001736111111111111,3,0.34722222222222227,0.13159722222222225,0.02560763888888895,0.9756076388888889,0.4184027777777778
73,GA weighted game design,weighted,weighted constraint violations>rtp_error>reel_symbol_concentration,"(19.983644005847964,)",19.983644005847964,19.983644005847964,0,3,0.001736111111111111,3,0.34722222222222227,0.13159722222222225,0.02560763888888895,0.9756076388888889,0.4184027777777778
74,GA weighted game design,weighted,weighted constraint violations>rtp_error>reel_symbol_concentration,"(19.983644005847964,)",19.983644005847964,19.983644005847964,0,3,0.001736111111111111,3,0.34722222222222227,0.13159722222222225,0.02560763888888895,0.9756076388888889,0.4184027777777778
75,GA weighted game design,weighted,weighted constraint violations>rtp_error>reel_symbol_concentration,"(19.983644005847964,)",19.983644005847964,19.983644005847964,0,3,0.001736111111111111,3,0.34722222222222227,0.13159722222222225,0.02560763888888895,0.9756076388888889,0.4184027777777778
76,GA weighted game design,weighted,weighted constraint violations>rtp_error>reel_symbol_concentration,"(19.983644005847964,)",19.983644005847964,19.983644005847964,0,3,0.001736111111111111,3,0.34722222222222227,0.13159722222222225,0.02560763888888895,0.9756076388888889,0.4184027777777778
77,GA weighted game design,weighted,weighted constraint violations>rtp_error>reel_symbol_concentration,"(19.983644005847964,)",19.983644005847964,19.983644005847964,0,3,0.001736111111111111,3,0.34722222222222227,0.13159722222222225,0.02560763888888895,0.9756076388888889,0.4184027777777778
78,GA weighted game design,weighted,weighted constraint violations>rtp_error>reel_symbol_concentration,"(19.983644005847964,)",19.983644005847964,19.983644005847964,0,3,0.001736111111111111,3,0.34722222222222227,0.13159722222222225,0.02560763888888895,0.9756076388888889,0.4184027777777778
79,GA weighted game design,weighted,weighted constraint violations>rtp_error>reel_symbol_concentration,"(19.983644005847964,)",19.983644005847964,19.983644005847964,0,3,0.001736111111111111,3,0.34722222222222227,0.13159722222222225,0.02560763888888895,0.9756076388888889,0.4184027777777778
80,GA weighted game design,weighted,weighted constraint violations>rtp_error>reel_symbol_concentration,"(19.983644005847964,)",19.983644005847964,19.983644005847964,0,3,0.001736111111111111,3,0.34722222222222227,0.13159722222222225,0.02560763888888895,0.9756076388888889,0.4184027777777778
81,GA weighted game design,weighted,weighted constraint violations>rtp_error>reel_symbol_concentration,"(19.983644005847964,)",19.983644005847964,19.983644005847964,0,3,0.001736111111111111,3,0.34722222222222227,0.13159722222222225,0.02560763888888895,0.9756076388888889,0.4184027777777778
82,GA weighted game design,weighted,weighted constraint violations>rtp_error>reel_symbol_concentration,"(19.983644005847964,)",19.983644005847964,19.983644005847964,0,3,0.001736111111111111,3,0.34722222222222227,0.13159722222222225,0.02560763888888895,0.9756076388888889,0.4184027777777778
83,GA weighted game design,weighted,weighted constraint violations>rtp_error>reel_symbol_concentration,"(19.983644005847964,)",19.983644005847964,19.983644005847964,0,3,0.001736111111111111,3,0.34722222222222227,0.13159722222222225,0.02560763888888895,0.9756076388888889,0.4184027777777778
84,GA weighted game design,weighted,weighted constraint violations>rtp_error>reel_symbol_concentration,"(19.983644005847964,)",19.983644005847964,19.983644005847964,0,3,0.001736111111111111,3,0.34722222222222227,0.13159722222222225,0.02560763888888895,0.9756076388888889,0.4184027777777778
85,GA weighted game design,weighted,weighted constraint violations>rtp_error>reel_symbol_concentration,"(19.983644005847964,)",19.983644005847964,19.983644005847964,0,3,0.001736111111111111,3,0.34722222222222227,0.13159722222222225,0.02560763888888895,0.9756076388888889,0.4184027777777778
86,GA weighted game design,weighted,weighted constraint violations>rtp_error>reel_symbol_concentration,"(19.983644005847964,)",19.983644005847964,19.983644005847964,0,3,0.001736111111111111,3,0.34722222222222227,0.13159722222222225,0.02560763888888895,0.9756076388888889,0.4184027777777778
87,GA weighted game design,weighted,weighted constraint violations>rtp_error>reel_symbol_concentration,"(19.983644005847964,)",19.983644005847964,19.983644005847964,0,3,0.001736111111111111,3,0.34722222222222227,0.13159722222222225,0.02560763888888895,0.9756076388888889,0.4184027777777778
88,GA weighted game design,weighted,weighted constraint violations>rtp_error>reel_symbol_concentration,"(19.983644005847964,)",19.983644005847964,19.983644005847964,0,3,0.001736111111111111,3,0.34722222222222227,0.13159722222222225,0.02560763888888895,0.9756076388888889,0.4184027777777778
89,GA weighted game design,weighted,weighted constraint violations>rtp_error>reel_symbol_concentration,"(19.632766812865505,)",19.632766812865505,19.632766812865505,0,3,0.001736111111111111,3,0.33796296296296297,0.13159722222222225,0.02560763888888895,0.9756076388888889,0.4184027777777778
90,GA weighted game design,weighted,weighted constraint violations>rtp_error>reel_symbol_concentration,"(19.632766812865505,)",19.632766812865505,19.632766812865505,0,3,0.001736111111111111,3,0.33796296296296297,0.13159722222222225,0.02560763888888895,0.9756076388888889,0.4184027777777778
91,GA weighted game design,weighted,weighted constraint violations>rtp_error>reel_symbol_concentration,"(19.632766812865505,)",19.632766812865505,19.632766812865505,0,3,0.001736111111111111,3,0.33796296296296297,0.13159722222222225,0.02560763888888895,0.9756076388888889,0.4184027777777778
92,GA weighted game design,weighted,weighted constraint violations>rtp_error>reel_symbol_concentration,"(19.632766812865505,)",19.632766812865505,19.632766812865505,0,3,0.001736111111111111,3,0.33796296296296297,0.13159722222222225,0.02560763888888895,0.9756076388888889,0.4184027777777778
93,GA weighted game design,weighted,weighted constraint violations>rtp_error>reel_symbol_concentration,"(19.632766812865505,)",19.632766812865505,19.632766812865505,0,3,0.001736111111111111,3,0.33796296296296297,0.13159722222222225,0.02560763888888895,0.9756076388888889,0.4184027777777778
94,GA weighted game design,weighted,weighted constraint violations>rtp_error>reel_symbol_concentration,"(19.632766812865505,)",19.632766812865505,19.632766812865505,0,3,0.001736111111111111,3,0.33796296296296297,0.13159722222222225,0.02560763888888895,0.9756076388888889,0.4184027777777778
95,GA weighted game design,weighted,weighted constraint violations>rtp_error>reel_symbol_concentration,"(19.632766812865505,)",19.632766812865505,19.632766812865505,0,3,0.001736111111111111,3,0.33796296296296297,0.13159722222222225,0.02560763888888895,0.9756076388888889,0.4184027777777778
96,GA weighted game design,weighted,weighted constraint violations>rtp_error>reel_symbol_concentration,"(19.632766812865505,)",19.632766812865505,19.632766812865505,0,3,0.001736111111111111,3,0.33796296296296297,0.13159722222222225,0.02560763888888895,0.9756076388888889,0.4184027777777778
97,GA weighted game design,weighted,weighted constraint violations>rtp_error>reel_symbol_concentration,"(19.632766812865505,)",19.632766812865505,19.632766812865505,0,3,0.001736111111111111,3,0.33796296296296297,0.13159722222222225,0.02560763888888895,0.9756076388888889,0.4184027777777778
98,GA weighted game design,weighted,weighted constraint violations>rtp_error>reel_symbol_concentration,"(19.632766812865505,)",19.632766812865505,19.632766812865505,0,3,0.001736111111111111,3,0.33796296296296297,0.13159722222222225,0.02560763888888895,0.9756076388888889,0.4184027777777778
99,GA weighted game design,weighted,weighted constraint violations>rtp_error>reel_symbol_concentration,"(19.632766812865505,)",19.632766812865505,19.632766812865505,0,3,0.001736111111111111,3,0.33796296296296297,0.13159722222222225,0.02560763888888895,0.9756076388888889,0.4184027777777778
100,GA weighted game design,weighted,weighted constraint violations>rtp_error>reel_symbol_concentration,"(19.632766812865505,)",19.632766812865505,19.632766812865505,0,3,0.001736111111111111,3,0.33796296296296297,0.13159722222222225,0.02560763888888895,0.9756076388888889,0.4184027777777778
101,GA weighted game design,weighted,weighted constraint violations>rtp_error>reel_symbol_concentration,"(19.632766812865505,)",19.632766812865505,19.632766812865505,0,3,0.001736111111111111,3,0.33796296296296297,0.13159722222222225,0.02560763888888895,0.9756076388888889,0.4184027777777778
102,GA weighted game design,weighted,weighted constraint violations>rtp_error>reel_symbol_concentration,"(19.632766812865505,)",19.632766812865505,19.632766812865505,0,3,0.001736111111111111,3,0.33796296296296297,0.13159722222222225,0.02560763888888895,0.9756076388888889,0.4184027777777778
103,GA weighted game design,weighted,weighted constraint violations>rtp_error>reel_symbol_concentration,"(19.632766812865505,)",19.632766812865505,19.632766812865505,0,3,0.001736111111111111,3,0.33796296296296297,0.13159722222222225,0.02560763888888895,0.9756076388888889,0.4184027777777778
104,GA weighted game design,weighted,weighted constraint violations>rtp_error>reel_symbol_concentration,"(19.632766812865505,)",19.632766812865505,19.632766812865505,0,3,0.001736111111111111,3,0.33796296296296297,0.13159722222222225,0.02560763888888895,0.9756076388888889,0.4184027777777778
105,GA weighted game design,weighted,weighted constraint violations>rtp_error>reel_symbol_concentration,"(19.632766812865505,)",19.632766812865505,19.632766812865505,0,3,0.001736111111111111,3,0.33796296296296297,0.13159722222222225,0.02560763888888895,0.9756076388888889,0.4184027777777778
106,GA weighted game design,weighted,weighted constraint violations>rtp_error>reel_symbol_concentration,"(19.632766812865505,)",19.632766812865505,19.632766812865505,0,3,0.001736111111111111,3,0.33796296296296297,0.13159722222222225,0.02560763888888895,0.9756076388888889,0.4184027777777778
107,GA weighted game design,weighted,weighted constraint violations>rtp_error>reel_symbol_concentration,"(19.632766812865505,)",19.632766812865505,19.632766812865505,0,3,0.001736111111111111,3,0.33796296296296297,0.13159722222222225,0.02560763888888895,0.9756076388888889,0.4184027777777778
108,GA weighted game design,weighted,weighted constraint violations>rtp_error>reel_symbol_concentration,"(19.632766812865505,)",19.632766812865505,19.632766812865505,0,3,0.001736111111111111,3,0.33796296296296297,0.13159722222222225,0.02560763888888895,0.9756076388888889,0.4184027777777778
109,GA weighted game design,weighted,weighted constraint violations>rtp_error>reel_symbol_concentration,"(19.457328216374275,)",19.457328216374275,19.457328216374275,0,3,0.001736111111111111,3,0.3333333333333333,0.13159722222222225,0.02560763888888895,0.9756076388888889,0.4184027777777778
110,GA weighted game design,weighted,weighted constraint violations>rtp_error>reel_symbol_concentration,"(19.457328216374275,)",19.457328216374275,19.457328216374275,0,3,0.001736111111111111,3,0.3333333333333333,0.13159722222222225,0.02560763888888895,0.9756076388888889,0.4184027777777778
111,GA weighted game design,weighted,weighted constraint violations>rtp_error>reel_symbol_concentration,"(19.457328216374275,)",19.457328216374275,19.457328216374275,0,3,0.001736111111111111,3,0.3333333333333333,0.13159722222222225,0.02560763888888895,0.9756076388888889,0.4184027777777778
112,GA weighted game design,weighted,weighted constraint violations>rtp_error>reel_symbol_concentration,"(19.457328216374275,)",19.457328216374275,19.457328216374275,0,3,0.001736111111111111,3,0.3333333333333333,0.13159722222222225,0.02560763888888895,0.9756076388888889,0.4184027777777778
113,GA weighted game design,weighted,weighted constraint violations>rtp_error>reel_symbol_concentration,"(19.457328216374275,)",19.457328216374275,19.457328216374275,0,3,0.001736111111111111,3,0.3333333333333333,0.13159722222222225,0.02560763888888895,0.9756076388888889,0.4184027777777778
114,GA weighted game design,weighted,weighted constraint violations>rtp_error>reel_symbol_concentration,"(19.457328216374275,)",19.457328216374275,19.457328216374275,0,3,0.001736111111111111,3,0.3333333333333333,0.13159722222222225,0.02560763888888895,0.9756076388888889,0.4184027777777778
115,GA weighted game design,weighted,weighted constraint violations>rtp_error>reel_symbol_concentration,"(19.457328216374275,)",19.457328216374275,19.457328216374275,0,3,0.001736111111111111,3,0.3333333333333333,0.13159722222222225,0.02560763888888895,0.9756076388888889,0.4184027777777778
116,GA weighted game design,weighted,weighted constraint violations>rtp_error>reel_symbol_concentration,"(19.457328216374275,)",19.457328216374275,19.457328216374275,0,3,0.001736111111111111,3,0.3333333333333333,0.13159722222222225,0.02560763888888895,0.9756076388888889,0.4184027777777778
117,GA weighted game design,weighted,weighted constraint violations>rtp_error>reel_symbol_concentration,"(19.457328216374275,)",19.457328216374275,19.457328216374275,0,3,0.001736111111111111,3,0.3333333333333333,0.13159722222222225,0.02560763888888895,0.9756076388888889,0.4184027777777778
118,GA weighted game design,weighted,weighted constraint violations>rtp_error>reel_symbol_concentration,"(19.457328216374275,)",19.457328216374275,19.457328216374275,0,3,0.001736111111111111,3,0.3333333333333333,0.13159722222222225,0.02560763888888895,0.9756076388888889,0.4184027777777778
119,GA weighted game design,weighted,weighted constraint violations>rtp_error>reel_symbol_concentration,"(19.457328216374275,)",19.457328216374275,19.457328216374275,0,3,0.001736111111111111,3,0.3333333333333333,0.13159722222222225,0.02560763888888895,0.9756076388888889,0.4184027777777778
120,GA weighted game design,weighted,weighted constraint violations>rtp_error>reel_symbol_concentration,"(19.457328216374275,)",19.457328216374275,19.457328216374275,0,3,0.001736111111111111,3,0.3333333333333333,0.13159722222222225,0.02560763888888895,0.9756076388888889,0.4184027777777778
121,GA weighted game design,weighted,weighted constraint violations>rtp_error>reel_symbol_concentration,"(19.457328216374275,)",19.457328216374275,19.457328216374275,0,3,0.001736111111111111,3,0.3333333333333333,0.13159722222222225,0.02560763888888895,0.9756076388888889,0.4184027777777778
122,GA weighted game design,weighted,weighted constraint violations>rtp_error>reel_symbol_concentration,"(19.457328216374275,)",19.457328216374275,19.457328216374275,0,3,0.001736111111111111,3,0.3333333333333333,0.13159722222222225,0.02560763888888895,0.9756076388888889,0.4184027777777778
123,GA weighted game design,weighted,weighted constraint violations>rtp_error>reel_symbol_concentration,"(19.457328216374275,)",19.457328216374275,19.457328216374275,0,3,0.001736111111111111,3,0.3333333333333333,0.13159722222222225,0.02560763888888895,0.9756076388888889,0.4184027777777778
124,GA weighted game design,weighted,weighted constraint violations>rtp_error>reel_symbol_concentration,"(19.457328216374275,)",19.457328216374275,19.457328216374275,0,3,0.001736111111111111,3,0.3333333333333333,0.13159722222222225,0.02560763888888895,0.9756076388888889,0.4184027777777778
125,GA weighted game design,weighted,weighted constraint violations>rtp_error>reel_symbol_concentration,"(19.457328216374275,)",19.457328216374275,19.457328216374275,0,3,0.001736111111111111,3,0.3333333333333333,0.13159722222222225,0.02560763888888895,0.9756076388888889,0.4184027777777778
126,GA weighted game design,weighted,weighted constraint violations>rtp_error>reel_symbol_concentration,"(19.457328216374275,)",19.457328216374275,19.457328216374275,0,3,0.001736111111111111,3,0.3333333333333333,0.13159722222222225,0.02560763888888895,0.9756076388888889,0.4184027777777778
127,GA weighted game design,weighted,weighted constraint violations>rtp_error>reel_symbol_concentration,"(19.457328216374275,)",19.457328216374275,19.457328216374275,0,3,0.001736111111111111,3,0.3333333333333333,0.13159722222222225,0.02560763888888895,0.9756076388888889,0.4184027777777778
128,GA weighted game design,weighted,weighted constraint violations>rtp_error>reel_symbol_concentration,"(19.457328216374275,)",19.457328216374275,19.457328216374275,0,3,0.001736111111111111,3,0.3333333333333333,0.13159722222222225,0.02560763888888895,0.9756076388888889,0.4184027777777778
129,GA weighted game design,weighted,weighted constraint violations>rtp_error>reel_symbol_concentration,"(19.457328216374275,)",19.457328216374275,19.457328216374275,0,3,0.001736111111111111,3,0.3333333333333333,0.13159722222222225,0.02560763888888895,0.9756076388888889,0.4184027777777778
130,GA weighted game design,weighted,weighted constraint violations>rtp_error>reel_symbol_concentration,"(19.457328216374275,)",19.457328216374275,19.457328216374275,0,3,0.001736111111111111,3,0.3333333333333333,0.13159722222222225,0.02560763888888895,0.9756076388888889,0.4184027777777778
131,GA weighted game design,weighted,weighted constraint violations>rtp_error>reel_symbol_concentration,"(19.457328216374275,)",19.457328216374275,19.457328216374275,0,3,0.001736111111111111,3,0.3333333333333333,0.13159722222222225,0.02560763888888895,0.9756076388888889,0.4184027777777778
132,GA weighted game design,weighted,weighted constraint violations>rtp_error>reel_symbol_concentration,"(19.457328216374275,)",19.457328216374275,19.457328216374275,0,3,0.001736111111111111,3,0.3333333333333333,0.13159722222222225,0.02560763888888895,0.9756076388888889,0.4184027777777778
133,GA weighted game design,weighted,weighted constraint violations>rtp_error>reel_symbol_concentration,"(19.457328216374275,)",19.457328216374275,19.457328216374275,0,3,0.001736111111111111,3,0.3333333333333333,0.13159722222222225,0.02560763888888895,0.9756076388888889,0.4184027777777778
134,GA weighted game design,weighted,weighted constraint violations>rtp_error>reel_symbol_concentration,"(19.457328216374275,)",19.457328216374275,19.457328216374275,0,3,0.001736111111111111,3,0.3333333333333333,0.13159722222222225,0.02560763888888895,0.9756076388888889,0.4184027777777778
135,GA weighted game design,weighted,weighted constraint violations>rtp_error>reel_symbol_concentration,"(19.457328216374275,)",19.457328216374275,19.457328216374275,0,3,0.001736111111111111,3,0.3333333333333333,0.13159722222222225,0.02560763888888895,0.9756076388888889,0.4184027777777778
136,GA weighted game design,weighted,weighted constraint violations>rtp_error>reel_symbol_concentration,"(19.457328216374275,)",19.457328216374275,19.457328216374275,0,3,0.001736111111111111,3,0.3333333333333333,0.13159722222222225,0.02560763888888895,0.9756076388888889,0.4184027777777778
137,GA weighted game design,weighted,weighted constraint violations>rtp_error>reel_symbol_concentration,"(19.457328216374275,)",19.457328216374275,19.457328216374275,0,3,0.001736111111111111,3,0.3333333333333333,0.13159722222222225,0.02560763888888895,0.9756076388888889,0.4184027777777778
138,GA weighted game design,weighted,weighted constraint violations>rtp_error>reel_symbol_concentration,"(19.457328216374275,)",19.457328216374275,19.457328216374275,0,3,0.001736111111111111,3,0.3333333333333333,0.13159722222222225,0.02560763888888895,0.9756076388888889,0.4184027777777778
139,GA weighted game design,weighted,weighted constraint violations>rtp_error>reel_symbol_concentration,"(19.457328216374275,)",19.457328216374275,19.457328216374275,0,3,0.001736111111111111,3,0.3333333333333333,0.13159722222222225,0.02560763888888895,0.9756076388888889,0.4184027777777778
140,GA weighted game design,weighted,weighted constraint violations>rtp_error>reel_symbol_concentration,"(19.457328216374275,)",19.457328216374275,19.457328216374275,0,3,0.001736111111111111,3,0.3333333333333333,0.13159722222222225,0.02560763888888895,0.9756076388888889,0.4184027777777778
141,GA weighted game design,weighted,weighted constraint violations>rtp_error>reel_symbol_concentration,"(19.457328216374275,)",19.457328216374275,19.457328216374275,0,3,0.001736111111111111,3,0.3333333333333333,0.13159722222222225,0.02560763888888895,0.9756076388888889,0.4184027777777778
142,GA weighted game design,weighted,weighted constraint violations>rtp_error>reel_symbol_concentration,"(19.457328216374275,)",19.457328216374275,19.457328216374275,0,3,0.001736111111111111,3,0.3333333333333333,0.13159722222222225,0.02560763888888895,0.9756076388888889,0.4184027777777778
143,GA weighted game design,weighted,weighted constraint violations>rtp_error>reel_symbol_concentration,"(19.457328216374275,)",19.457328216374275,19.457328216374275,0,3,0.001736111111111111,3,0.3333333333333333,0.13159722222222225,0.02560763888888895,0.9756076388888889,0.4184027777777778
144,GA weighted game design,weighted,weighted constraint violations>rtp_error>reel_symbol_concentration,"(19.457328216374275,)",19.457328216374275,19.457328216374275,0,3,0.001736111111111111,3,0.3333333333333333,0.13159722222222225,0.02560763888888895,0.9756076388888889,0.4184027777777778
145,GA weighted game design,weighted,weighted constraint violations>rtp_error>reel_symbol_concentration,"(16.01449805068226,)",16.01449805068226,16.01449805068226,0,12,0.006944444444444444,3,0.35648148148148157,0.07546296296296301,0.038541666666666585,0.9114583333333334,0.47453703703703703
146,GA weighted game design,weighted,weighted constraint violations>rtp_error>reel_symbol_concentration,"(16.01449805068226,)",16.01449805068226,16.01449805068226,0,12,0.006944444444444444,3,0.35648148148148157,0.07546296296296301,0.038541666666666585,0.9114583333333334,0.47453703703703703
147,GA weighted game design,weighted,weighted constraint violations>rtp_error>reel_symbol_concentration,"(16.01449805068226,)",16.01449805068226,16.01449805068226,0,12,0.006944444444444444,3,0.35648148148148157,0.07546296296296301,0.038541666666666585,0.9114583333333334,0.47453703703703703
148,GA weighted game design,weighted,weighted constraint violations>rtp_error>reel_symbol_concentration,"(16.01449805068226,)",16.01449805068226,16.01449805068226,0,12,0.006944444444444444,3,0.35648148148148157,0.07546296296296301,0.038541666666666585,0.9114583333333334,0.47453703703703703
149,GA weighted game design,weighted,weighted constraint violations>rtp_error>reel_symbol_concentration,"(16.01449805068226,)",16.01449805068226,16.01449805068226,0,12,0.006944444444444444,3,0.35648148148148157,0.07546296296296301,0.038541666666666585,0.9114583333333334,0.47453703703703703
150,GA weighted game design,weighted,weighted constraint violations>rtp_error>reel_symbol_concentration,"(16.01449805068226,)",16.01449805068226,16.01449805068226,0,12,0.006944444444444444,3,0.35648148148148157,0.07546296296296301,0.038541666666666585,0.9114583333333334,0.47453703703703703
151,GA weighted game design,weighted,weighted constraint violations>rtp_error>reel_symbol_concentration,"(16.01449805068226,)",16.01449805068226,16.01449805068226,0,12,0.006944444444444444,3,0.35648148148148157,0.07546296296296301,0.038541666666666585,0.9114583333333334,0.47453703703703703
152,GA weighted game design,weighted,weighted constraint violations>rtp_error>reel_symbol_concentration,"(16.01449805068226,)",16.01449805068226,16.01449805068226,0,12,0.006944444444444444,3,0.35648148148148157,0.07546296296296301,0.038541666666666585,0.9114583333333334,0.47453703703703703
153,GA weighted game design,weighted,weighted constraint violations>rtp_error>reel_symbol_concentration,"(16.01449805068226,)",16.01449805068226,16.01449805068226,0,12,0.006944444444444444,3,0.35648148148148157,0.07546296296296301,0.038541666666666585,0.9114583333333334,0.47453703703703703
154,GA weighted game design,weighted,weighted constraint violations>rtp_error>reel_symbol_concentration,"(16.01449805068226,)",16.01449805068226,16.01449805068226,0,12,0.006944444444444444,3,0.35648148148148157,0.07546296296296301,0.038541666666666585,0.9114583333333334,0.47453703703703703
155,GA weighted game design,weighted,weighted constraint violations>rtp_error>reel_symbol_concentration,"(16.01449805068226,)",16.01449805068226,16.01449805068226,0,12,0.006944444444444444,3,0.35648148148148157,0.07546296296296301,0.038541666666666585,0.9114583333333334,0.47453703703703703
156,GA weighted game design,weighted,weighted constraint violations>rtp_error>reel_symbol_concentration,"(16.01449805068226,)",16.01449805068226,16.01449805068226,0,12,0.006944444444444444,3,0.35648148148148157,0.07546296296296301,0.038541666666666585,0.9114583333333334,0.47453703703703703
157,GA weighted game design,weighted,weighted constraint violations>rtp_error>reel_symbol_concentration,"(16.01449805068226,)",16.01449805068226,16.01449805068226,0,12,0.006944444444444444,3,0.35648148148148157,0.07546296296296301,0.038541666666666585,0.9114583333333334,0.47453703703703703
158,GA weighted game design,weighted,weighted constraint violations>rtp_error>reel_symbol_concentration,"(16.01449805068226,)",16.01449805068226,16.01449805068226,0,12,0.006944444444444444,3,0.35648148148148157,0.07546296296296301,0.038541666666666585,0.9114583333333334,0.47453703703703703
159,GA weighted game design,weighted,weighted constraint violations>rtp_error>reel_symbol_concentration,"(16.01449805068226,)",16.01449805068226,16.01449805068226,0,12,0.006944444444444444,3,0.35648148148148157,0.07546296296296301,0.038541666666666585,0.9114583333333334,0.47453703703703703
160,GA weighted game design,weighted,weighted constraint violations>rtp_error>reel_symbol_concentration,"(16.01449805068226,)",16.01449805068226,16.01449805068226,0,12,0.006944444444444444,3,0.35648148148148157,0.07546296296296301,0.038541666666666585,0.9114583333333334,0.47453703703703703
161,GA weighted game design,weighted,weighted constraint violations>rtp_error>reel_symbol_concentration,"(16.01449805068226,)",16.01449805068226,16.01449805068226,0,12,0.006944444444444444,3,0.35648148148148157,0.07546296296296301,0.038541666666666585,0.9114583333333334,0.47453703703703703
162,GA weighted game design,weighted,weighted constraint violations>rtp_error>reel_symbol_concentration,"(16.01449805068226,)",16.01449805068226,16.01449805068226,0,12,0.006944444444444444,3,0.35648148148148157,0.07546296296296301,0.038541666666666585,0.9114583333333334,0.47453703703703703
163,GA weighted game design,weighted,weighted constraint violations>rtp_error>reel_symbol_concentration,"(16.01449805068226,)",16.01449805068226,16.01449805068226,0,12,0.006944444444444444,3,0.35648148148148157,0.07546296296296301,0.038541666666666585,0.9114583333333334,0.47453703703703703
164,GA weighted game design,weighted,weighted constraint violations>rtp_error>reel_symbol_concentration,"(16.01449805068226,)",16.01449805068226,16.01449805068226,0,12,0.006944444444444444,3,0.35648148148148157,0.07546296296296301,0.038541666666666585,0.9114583333333334,0.47453703703703703
165,GA weighted game design,weighted,weighted constraint violations>rtp_error>reel_symbol_concentration,"(11.200048732943472,)",11.200048732943472,11.200048732943472,0,16,0.009259259259259259,3,0.375,0.048842592592592604,0.006018518518518534,0.9560185185185185,0.5011574074074074
166,GA weighted game design,weighted,weighted constraint violations>rtp_error>reel_symbol_concentration,"(11.200048732943472,)",11.200048732943472,11.200048732943472,0,16,0.009259259259259259,3,0.375,0.048842592592592604,0.006018518518518534,0.9560185185185185,0.5011574074074074
167,GA weighted game design,weighted,weighted constraint violations>rtp_error>reel_symbol_concentration,"(11.200048732943472,)",11.200048732943472,11.200048732943472,0,16,0.009259259259259259,3,0.375,0.048842592592592604,0.006018518518518534,0.9560185185185185,0.5011574074074074
168,GA weighted game design,weighted,weighted constraint violations>rtp_error>reel_symbol_concentration,"(11.200048732943472,)",11.200048732943472,11.200048732943472,0,16,0.009259259259259259,3,0.375,0.048842592592592604,0.006018518518518534,0.9560185185185185,0.5011574074074074
169,GA weighted game design,weighted,weighted constraint violations>rtp_error>reel_symbol_concentration,"(11.200048732943472,)",11.200048732943472,11.200048732943472,0,16,0.009259259259259259,3,0.375,0.048842592592592604,0.006018518518518534,0.9560185185185185,0.5011574074074074
170,GA weighted game design,weighted,weighted constraint violations>rtp_error>reel_symbol_concentration,"(11.200048732943472,)",11.200048732943472,11.200048732943472,0,16,0.009259259259259259,3,0.375,0.048842592592592604,0.006018518518518534,0.9560185185185185,0.5011574074074074
171,GA weighted game design,weighted,weighted constraint violations>rtp_error>reel_symbol_concentration,"(11.200048732943472,)",11.200048732943472,11.200048732943472,0,16,0.009259259259259259,3,0.375,0.048842592592592604,0.006018518518518534,0.9560185185185185,0.5011574074074074
172,GA weighted game design,weighted,weighted constraint violations>rtp_error>reel_symbol_concentration,"(11.200048732943472,)",11.200048732943472,11.200048732943472,0,16,0.009259259259259259,3,0.375,0.048842592592592604,0.006018518518518534,0.9560185185185185,0.5011574074074074
173,GA weighted game design,weighted,weighted constraint violations>rtp_error>reel_symbol_concentration,"(11.200048732943472,)",11.200048732943472,11.200048732943472,0,16,0.009259259259259259,3,0.375,0.048842592592592604,0.006018518518518534,0.9560185185185185,0.5011574074074074
174,GA weighted game design,weighted,weighted constraint violations>rtp_error>reel_symbol_concentration,"(11.200048732943472,)",11.200048732943472,11.200048732943472,0,16,0.009259259259259259,3,0.375,0.048842592592592604,0.006018518518518534,0.9560185185185185,0.5011574074074074
175,GA weighted game design,weighted,weighted constraint violations>rtp_error>reel_symbol_concentration,"(11.200048732943472,)",11.200048732943472,11.200048732943472,0,16,0.009259259259259259,3,0.375,0.048842592592592604,0.006018518518518534,0.9560185185185185,0.5011574074074074
176,GA weighted game design,weighted,weighted constraint violations>rtp_error>reel_symbol_concentration,"(11.200048732943472,)",11.200048732943472,11.200048732943472,0,16,0.009259259259259259,3,0.375,0.048842592592592604,0.006018518518518534,0.9560185185185185,0.5011574074074074
177,GA weighted game design,weighted,weighted constraint violations>rtp_error>reel_symbol_concentration,"(11.200048732943472,)",11.200048732943472,11.200048732943472,0,16,0.009259259259259259,3,0.375,0.048842592592592604,0.006018518518518534,0.9560185185185185,0.5011574074074074
178,GA weighted game design,weighted,weighted constraint violations>rtp_error>reel_symbol_concentration,"(11.200048732943472,)",11.200048732943472,11.200048732943472,0,16,0.009259259259259259,3,0.375,0.048842592592592604,0.006018518518518534,0.9560185185185185,0.5011574074074074
179,GA weighted game design,weighted,weighted constraint violations>rtp_error>reel_symbol_concentration,"(11.200048732943472,)",11.200048732943472,11.200048732943472,0,16,0.009259259259259259,3,0.375,0.048842592592592604,0.006018518518518534,0.9560185185185185,0.5011574074074074
180,GA weighted game design,weighted,weighted constraint violations>rtp_error>reel_symbol_concentration,"(11.200048732943472,)",11.200048732943472,11.200048732943472,0,16,0.009259259259259259,3,0.375,0.048842592592592604,0.006018518518518534,0.9560185185185185,0.5011574074074074
181,GA weighted game design,weighted,weighted constraint violations>rtp_error>reel_symbol_concentration,"(11.200048732943472,)",11.200048732943472,11.200048732943472,0,16,0.009259259259259259,3,0.375,0.048842592592592604,0.006018518518518534,0.9560185185185185,0.5011574074074074
182,GA weighted game design,weighted,weighted constraint violations>rtp_error>reel_symbol_concentration,"(11.200048732943472,)",11.200048732943472,11.200048732943472,0,16,0.009259259259259259,3,0.375,0.048842592592592604,0.006018518518518534,0.9560185185185185,0.5011574074074074
183,GA weighted game design,weighted,weighted constraint violations>rtp_error>reel_symbol_concentration,"(11.200048732943472,)",11.200048732943472,11.200048732943472,0,16,0.009259259259259259,3,0.375,0.048842592592592604,0.006018518518518534,0.9560185185185185,0.5011574074074074
184,GA weighted game design,weighted,weighted constraint violations>rtp_error>reel_symbol_concentration,"(11.200048732943472,)",11.200048732943472,11.200048732943472,0,16,0.009259259259259259,3,0.375,0.048842592592592604,0.006018518518518534,0.9560185185185185,0.5011574074074074
185,GA weighted game design,weighted,weighted constraint violations>rtp_error>reel_symbol_concentration,"(11.024610136452244,)",11.024610136452244,11.024610136452244,0,16,0.009259259259259259,3,0.3703703703703704,0.048842592592592604,0.006018518518518534,0.9560185185185185,0.5011574074074074
186,GA weighted game design,weighted,weighted constraint violations>rtp_error>reel_symbol_concentration,"(11.024610136452244,)",11.024610136452244,11.024610136452244,0,16,0.009259259259259259,3,0.3703703703703704,0.048842592592592604,0.006018518518518534,0.9560185185185185,0.5011574074074074
187,GA weighted game design,weighted,weighted constraint violations>rtp_error>reel_symbol_concentration,"(11.024610136452244,)",11.024610136452244,11.024610136452244,0,16,0.009259259259259259,3,0.3703703703703704,0.048842592592592604,0.006018518518518534,0.9560185185185185,0.5011574074074074
188,GA weighted game design,weighted,weighted constraint violations>rtp_error>reel_symbol_concentration,"(11.024610136452244,)",11.024610136452244,11.024610136452244,0,16,0.009259259259259259,3,0.3703703703703704,0.048842592592592604,0.006018518518518534,0.9560185185185185,0.5011574074074074
189,GA weighted game design,weighted,weighted constraint violations>rtp_error>reel_symbol_concentration,"(11.024610136452244,)",11.024610136452244,11.024610136452244,0,16,0.009259259259259259,3,0.3703703703703704,0.048842592592592604,0.006018518518518534,0.9560185185185185,0.5011574074074074
190,GA weighted game design,weighted,weighted constraint violations>rtp_error>reel_symbol_concentration,"(11.024610136452244,)",11.024610136452244,11.024610136452244,0,16,0.009259259259259259,3,0.3703703703703704,0.048842592592592604,0.006018518518518534,0.9560185185185185,0.5011574074074074
191,GA weighted game design,weighted,weighted constraint violations>rtp_error>reel_symbol_concentration,"(11.024610136452244,)",11.024610136452244,11.024610136452244,0,16,0.009259259259259259,3,0.3703703703703704,0.048842592592592604,0.006018518518518534,0.9560185185185185,0.5011574074074074
192,GA weighted game design,weighted,weighted constraint violations>rtp_error>reel_symbol_concentration,"(11.024610136452244,)",11.024610136452244,11.024610136452244,0,16,0.009259259259259259,3,0.3703703703703704,0.048842592592592604,0.006018518518518534,0.9560185185185185,0.5011574074074074
193,GA weighted game design,weighted,weighted constraint violations>rtp_error>reel_symbol_concentration,"(11.024610136452244,)",11.024610136452244,11.024610136452244,0,16,0.009259259259259259,3,0.3703703703703704,0.048842592592592604,0.006018518518518534,0.9560185185185185,0.5011574074074074
194,GA weighted game design,weighted,weighted constraint violations>rtp_error>reel_symbol_concentration,"(11.024610136452244,)",11.024610136452244,11.024610136452244,0,16,0.009259259259259259,3,0.3703703703703704,0.048842592592592604,0.006018518518518534,0.9560185185185185,0.5011574074074074
195,GA weighted game design,weighted,weighted constraint violations>rtp_error>reel_symbol_concentration,"(11.024610136452244,)",11.024610136452244,11.024610136452244,0,16,0.009259259259259259,3,0.3703703703703704,0.048842592592592604,0.006018518518518534,0.9560185185185185,0.5011574074074074
196,GA weighted game design,weighted,weighted constraint violations>rtp_error>reel_symbol_concentration,"(11.024610136452244,)",11.024610136452244,11.024610136452244,0,16,0.009259259259259259,3,0.3703703703703704,0.048842592592592604,0.006018518518518534,0.9560185185185185,0.5011574074074074
197,GA weighted game design,weighted,weighted constraint violations>rtp_error>reel_symbol_concentration,"(11.024610136452244,)",11.024610136452244,11.024610136452244,0,16,0.009259259259259259,3,0.3703703703703704,0.048842592592592604,0.006018518518518534,0.9560185185185185,0.5011574074074074
198,GA weighted game design,weighted,weighted constraint violations>rtp_error>reel_symbol_concentration,"(11.024610136452244,)",11.024610136452244,11.024610136452244,0,16,0.009259259259259259,3,0.3703703703703704,0.048842592592592604,0.006018518518518534,0.9560185185185185,0.5011574074074074
199,GA weighted game design,weighted,weighted constraint violations>rtp_error>reel_symbol_concentration,"(11.024610136452244,)",11.024610136452244,11.024610136452244,0,16,0.009259259259259259,3,0.3703703703703704,0.048842592592592604,0.006018518518518534,0.9560185185185185,0.5011574074074074
200,GA weighted game design,weighted,weighted constraint violations>rtp_error>reel_symbol_concentration,"(11.024610136452244,)",11.024610136452244,11.024610136452244,0,16,0.009259259259259259,3,0.3703703703703704,0.048842592592592604,0.006018518518518534,0.9560185185185185,0.5011574074074074
201,GA weighted game design,weighted,weighted constraint violations>rtp_error>reel_symbol_concentration,"(11.024610136452244,)",11.024610136452244,11.024610136452244,0,16,0.009259259259259259,3,0.3703703703703704,0.048842592592592604,0.006018518518518534,0.9560185185185185,0.5011574074074074
202,GA weighted game design,weighted,weighted constraint violations>rtp_error>reel_symbol_concentration,"(11.024610136452244,)",11.024610136452244,11.024610136452244,0,16,0.009259259259259259,3,0.3703703703703704,0.048842592592592604,0.006018518518518534,0.9560185185185185,0.5011574074074074
203,GA weighted game design,weighted,weighted constraint violations>rtp_error>reel_symbol_concentration,"(11.024610136452244,)",11.024610136452244,11.024610136452244,0,16,0.009259259259259259,3,0.3703703703703704,0.048842592592592604,0.006018518518518534,0.9560185185185185,0.5011574074074074
204,GA weighted game design,weighted,weighted constraint violations>rtp_error>reel_symbol_concentration,"(11.024610136452244,)",11.024610136452244,11.024610136452244,0,16,0.009259259259259259,3,0.3703703703703704,0.048842592592592604,0.006018518518518534,0.9560185185185185,0.5011574074074074
205,GA weighted game design,weighted,weighted constraint violations>rtp_error>reel_symbol_concentration,"(11.024610136452244,)",11.024610136452244,11.024610136452244,0,16,0.009259259259259259,3,0.3703703703703704,0.048842592592592604,0.006018518518518534,0.9560185185185185,0.5011574074074074
206,GA weighted game design,weighted,weighted constraint violations>rtp_error>reel_symbol_concentration,"(11.024610136452244,)",11.024610136452244,11.024610136452244,0,16,0.009259259259259259,3,0.3703703703703704,0.048842592592592604,0.006018518518518534,0.9560185185185185,0.5011574074074074
207,GA weighted game design,weighted,weighted constraint violations>rtp_error>reel_symbol_concentration,"(11.024610136452244,)",11.024610136452244,11.024610136452244,0,16,0.009259259259259259,3,0.3703703703703704,0.048842592592592604,0.006018518518518534,0.9560185185185185,0.5011574074074074
208,GA weighted game design,weighted,weighted constraint violations>rtp_error>reel_symbol_concentration,"(11.024610136452244,)",11.024610136452244,11.024610136452244,0,16,0.009259259259259259,3,0.3703703703703704,0.048842592592592604,0.006018518518518534,0.9560185185185185,0.5011574074074074
209,GA weighted game design,weighted,weighted constraint violations>rtp_error>reel_symbol_concentration,"(11.024610136452244,)",11.024610136452244,11.024610136452244,0,16,0.009259259259259259,3,0.3703703703703704,0.048842592592592604,0.006018518518518534,0.9560185185185185,0.5011574074074074
210,GA weighted game design,weighted,weighted constraint violations>rtp_error>reel_symbol_concentration,"(11.024610136452244,)",11.024610136452244,11.024610136452244,0,16,0.009259259259259259,3,0.3703703703703704,0.048842592592592604,0.006018518518518534,0.9560185185185185,0.5011574074074074
211,GA weighted game design,weighted,weighted constraint violations>rtp_error>reel_symbol_concentration,"(11.024610136452244,)",11.024610136452244,11.024610136452244,0,16,0.009259259259259259,3,0.3703703703703704,0.048842592592592604,0.006018518518518534,0.9560185185185185,0.5011574074074074
212,GA weighted game design,weighted,weighted constraint violations>rtp_error>reel_symbol_concentration,"(11.024610136452244,)",11.024610136452244,11.024610136452244,0,16,0.009259259259259259,3,0.3703703703703704,0.048842592592592604,0.006018518518518534,0.9560185185185185,0.5011574074074074
213,GA weighted game design,weighted,weighted constraint violations>rtp_error>reel_symbol_concentration,"(11.024610136452244,)",11.024610136452244,11.024610136452244,0,16,0.009259259259259259,3,0.3703703703703704,0.048842592592592604,0.006018518518518534,0.9560185185185185,0.5011574074074074
214,GA weighted game design,weighted,weighted constraint violations>rtp_error>reel_symbol_concentration,"(11.024610136452244,)",11.024610136452244,11.024610136452244,0,16,0.009259259259259259,3,0.3703703703703704,0.048842592592592604,0.006018518518518534,0.9560185185185185,0.5011574074074074
215,GA weighted game design,weighted,weighted constraint violations>rtp_error>reel_symbol_concentration,"(11.024610136452244,)",11.024610136452244,11.024610136452244,0,16,0.009259259259259259,3,0.3703703703703704,0.048842592592592604,0.006018518518518534,0.9560185185185185,0.5011574074074074
216,GA weighted game design,weighted,weighted constraint violations>rtp_error>reel_symbol_concentration,"(11.024610136452244,)",11.024610136452244,11.024610136452244,0,16,0.009259259259259259,3,0.3703703703703704,0.048842592592592604,0.006018518518518534,0.9560185185185185,0.5011574074074074
217,GA weighted game design,weighted,weighted constraint violations>rtp_error>reel_symbol_concentration,"(11.024610136452244,)",11.024610136452244,11.024610136452244,0,16,0.009259259259259259,3,0.3703703703703704,0.048842592592592604,0.006018518518518534,0.9560185185185185,0.5011574074074074
218,GA weighted game design,weighted,weighted constraint violations>rtp_error>reel_symbol_concentration,"(11.024610136452244,)",11.024610136452244,11.024610136452244,0,16,0.009259259259259259,3,0.3703703703703704,0.048842592592592604,0.006018518518518534,0.9560185185185185,0.5011574074074074
219,GA weighted game design,weighted,weighted constraint violations>rtp_error>reel_symbol_concentration,"(11.024610136452244,)",11.024610136452244,11.024610136452244,0,16,0.009259259259259259,3,0.3703703703703704,0.048842592592592604,0.006018518518518534,0.9560185185185185,0.5011574074074074
220,GA weighted game design,weighted,weighted constraint violations>rtp_error>reel_symbol_concentration,"(11.024610136452244,)",11.024610136452244,11.024610136452244,0,16,0.009259259259259259,3,0.3703703703703704,0.048842592592592604,0.006018518518518534,0.9560185185185185,0.5011574074074074
221,GA weighted game design,weighted,weighted constraint violations>rtp_error>reel_symbol_concentration,"(10.034356725146194,)",10.034356725146194,10.034356725146194,0,48,0.027777777777777776,3,0.4537037037037037,0,0.01736111111111105,0.9326388888888889,0.5902777777777778
222,GA weighted game design,weighted,weighted constraint violations>rtp_error>reel_symbol_concentration,"(10.034356725146194,)",10.034356725146194,10.034356725146194,0,48,0.027777777777777776,3,0.4537037037037037,0,0.01736111111111105,0.9326388888888889,0.5902777777777778
223,GA weighted game design,weighted,weighted constraint violations>rtp_error>reel_symbol_concentration,"(10.034356725146194,)",10.034356725146194,10.034356725146194,0,48,0.027777777777777776,3,0.4537037037037037,0,0.01736111111111105,0.9326388888888889,0.5902777777777778
224,GA weighted game design,weighted,weighted constraint violations>rtp_error>reel_symbol_concentration,"(10.034356725146194,)",10.034356725146194,10.034356725146194,0,48,0.027777777777777776,3,0.4537037037037037,0,0.01736111111111105,0.9326388888888889,0.5902777777777778
225,GA weighted game design,weighted,weighted constraint violations>rtp_error>reel_symbol_concentration,"(10.034356725146194,)",10.034356725146194,10.034356725146194,0,48,0.027777777777777776,3,0.4537037037037037,0,0.01736111111111105,0.9326388888888889,0.5902777777777778
226,GA weighted game design,weighted,weighted constraint violations>rtp_error>reel_symbol_concentration,"(10.034356725146194,)",10.034356725146194,10.034356725146194,0,48,0.027777777777777776,3,0.4537037037037037,0,0.01736111111111105,0.9326388888888889,0.5902777777777778
227,GA weighted game design,weighted,weighted constraint violations>rtp_error>reel_symbol_concentration,"(10.034356725146194,)",10.034356725146194,10.034356725146194,0,48,0.027777777777777776,3,0.4537037037037037,0,0.01736111111111105,0.9326388888888889,0.5902777777777778
228,GA weighted game design,weighted,weighted constraint violations>rtp_error>reel_symbol_concentration,"(10.034356725146194,)",10.034356725146194,10.034356725146194,0,48,0.027777777777777776,3,0.4537037037037037,0,0.01736111111111105,0.9326388888888889,0.5902777777777778
229,GA weighted game design,weighted,weighted constraint violations>rtp_error>reel_symbol_concentration,"(10.034356725146194,)",10.034356725146194,10.034356725146194,0,48,0.027777777777777776,3,0.4537037037037037,0,0.01736111111111105,0.9326388888888889,0.5902777777777778
230,GA weighted game design,weighted,weighted constraint violations>rtp_error>reel_symbol_concentration,"(10.034356725146194,)",10.034356725146194,10.034356725146194,0,48,0.027777777777777776,3,0.4537037037037037,0,0.01736111111111105,0.9326388888888889,0.5902777777777778
231,GA weighted game design,weighted,weighted constraint violations>rtp_error>reel_symbol_concentration,"(10.034356725146194,)",10.034356725146194,10.034356725146194,0,48,0.027777777777777776,3,0.4537037037037037,0,0.01736111111111105,0.9326388888888889,0.5902777777777778
232,GA weighted game design,weighted,weighted constraint violations>rtp_error>reel_symbol_concentration,"(10.034356725146194,)",10.034356725146194,10.034356725146194,0,48,0.027777777777777776,3,0.4537037037037037,0,0.01736111111111105,0.9326388888888889,0.5902777777777778
233,GA weighted game design,weighted,weighted constraint violations>rtp_error>reel_symbol_concentration,"(10.034356725146194,)",10.034356725146194,10.034356725146194,0,48,0.027777777777777776,3,0.4537037037037037,0,0.01736111111111105,0.9326388888888889,0.5902777777777778
234,GA weighted game design,weighted,weighted constraint violations>rtp_error>reel_symbol_concentration,"(10.034356725146194,)",10.034356725146194,10.034356725146194,0,48,0.027777777777777776,3,0.4537037037037037,0,0.01736111111111105,0.9326388888888889,0.5902777777777778
235,GA weighted game design,weighted,weighted constraint violations>rtp_error>reel_symbol_concentration,"(10.034356725146194,)",10.034356725146194,10.034356725146194,0,48,0.027777777777777776,3,0.4537037037037037,0,0.01736111111111105,0.9326388888888889,0.5902777777777778
236,GA weighted game design,weighted,weighted constraint violations>rtp_error>reel_symbol_concentration,"(10.034356725146194,)",10.034356725146194,10.034356725146194,0,48,0.027777777777777776,3,0.4537037037037037,0,0.01736111111111105,0.9326388888888889,0.5902777777777778
237,GA weighted game design,weighted,weighted constraint violations>rtp_error>reel_symbol_concentration,"(10.034356725146194,)",10.034356725146194,10.034356725146194,0,48,0.027777777777777776,3,0.4537037037037037,0,0.01736111111111105,0.9326388888888889,0.5902777777777778
238,GA weighted game design,weighted,weighted constraint violations>rtp_error>reel_symbol_concentration,"(10.034356725146194,)",10.034356725146194,10.034356725146194,0,48,0.027777777777777776,3,0.4537037037037037,0,0.01736111111111105,0.9326388888888889,0.5902777777777778
239,GA weighted game design,weighted,weighted constraint violations>rtp_error>reel_symbol_concentration,"(10.034356725146194,)",10.034356725146194,10.034356725146194,0,48,0.027777777777777776,3,0.4537037037037037,0,0.01736111111111105,0.9326388888888889,0.5902777777777778
240,GA weighted game design,weighted,weighted constraint violations>rtp_error>reel_symbol_concentration,"(10.034356725146194,)",10.034356725146194,10.034356725146194,0,48,0.027777777777777776,3,0.4537037037037037,0,0.01736111111111105,0.9326388888888889,0.5902777777777778
241,GA weighted game design,weighted,weighted constraint violations>rtp_error>reel_symbol_concentration,"(9.33260233918128,)",9.33260233918128,9.33260233918128,0,48,0.027777777777777776,3,0.4351851851851852,0,0.01736111111111105,0.9326388888888889,0.5902777777777778
242,GA weighted game design,weighted,weighted constraint violations>rtp_error>reel_symbol_concentration,"(9.33260233918128,)",9.33260233918128,9.33260233918128,0,48,0.027777777777777776,3,0.4351851851851852,0,0.01736111111111105,0.9326388888888889,0.5902777777777778
243,GA weighted game design,weighted,weighted constraint violations>rtp_error>reel_symbol_concentration,"(9.33260233918128,)",9.33260233918128,9.33260233918128,0,48,0.027777777777777776,3,0.4351851851851852,0,0.01736111111111105,0.9326388888888889,0.5902777777777778
244,GA weighted game design,weighted,weighted constraint violations>rtp_error>reel_symbol_concentration,"(9.33260233918128,)",9.33260233918128,9.33260233918128,0,48,0.027777777777777776,3,0.4351851851851852,0,0.01736111111111105,0.9326388888888889,0.5902777777777778
245,GA weighted game design,weighted,weighted constraint violations>rtp_error>reel_symbol_concentration,"(9.33260233918128,)",9.33260233918128,9.33260233918128,0,48,0.027777777777777776,3,0.4351851851851852,0,0.01736111111111105,0.9326388888888889,0.5902777777777778
246,GA weighted game design,weighted,weighted constraint violations>rtp_error>reel_symbol_concentration,"(9.33260233918128,)",9.33260233918128,9.33260233918128,0,48,0.027777777777777776,3,0.4351851851851852,0,0.01736111111111105,0.9326388888888889,0.5902777777777778
247,GA weighted game design,weighted,weighted constraint violations>rtp_error>reel_symbol_concentration,"(9.33260233918128,)",9.33260233918128,9.33260233918128,0,48,0.027777777777777776,3,0.4351851851851852,0,0.01736111111111105,0.9326388888888889,0.5902777777777778
248,GA weighted game design,weighted,weighted constraint violations>rtp_error>reel_symbol_concentration,"(9.33260233918128,)",9.33260233918128,9.33260233918128,0,48,0.027777777777777776,3,0.4351851851851852,0,0.01736111111111105,0.9326388888888889,0.5902777777777778
249,GA weighted game design,weighted,weighted constraint violations>rtp_error>reel_symbol_concentration,"(9.33260233918128,)",9.33260233918128,9.33260233918128,0,48,0.027777777777777776,3,0.4351851851851852,0,0.01736111111111105,0.9326388888888889,0.5902777777777778
250,GA weighted game design,weighted,weighted constraint violations>rtp_error>reel_symbol_concentration,"(9.33260233918128,)",9.33260233918128,9.33260233918128,0,48,0.027777777777777776,3,0.4351851851851852,0,0.01736111111111105,0.9326388888888889,0.5902777777777778
251,GA weighted game design,weighted,weighted constraint violations>rtp_error>reel_symbol_concentration,"(9.33260233918128,)",9.33260233918128,9.33260233918128,0,48,0.027777777777777776,3,0.4351851851851852,0,0.01736111111111105,0.9326388888888889,0.5902777777777778
252,GA weighted game design,weighted,weighted constraint violations>rtp_error>reel_symbol_concentration,"(9.33260233918128,)",9.33260233918128,9.33260233918128,0,48,0.027777777777777776,3,0.4351851851851852,0,0.01736111111111105,0.9326388888888889,0.5902777777777778
253,GA weighted game design,weighted,weighted constraint violations>rtp_error>reel_symbol_concentration,"(9.33260233918128,)",9.33260233918128,9.33260233918128,0,48,0.027777777777777776,3,0.4351851851851852,0,0.01736111111111105,0.9326388888888889,0.5902777777777778
254,GA weighted game design,weighted,weighted constraint violations>rtp_error>reel_symbol_concentration,"(9.33260233918128,)",9.33260233918128,9.33260233918128,0,48,0.027777777777777776,3,0.4351851851851852,0,0.01736111111111105,0.9326388888888889,0.5902777777777778
255,GA weighted game design,weighted,weighted constraint violations>rtp_error>reel_symbol_concentration,"(9.33260233918128,)",9.33260233918128,9.33260233918128,0,48,0.027777777777777776,3,0.4351851851851852,0,0.01736111111111105,0.9326388888888889,0.5902777777777778
256,GA weighted game design,weighted,weighted constraint violations>rtp_error>reel_symbol_concentration,"(9.33260233918128,)",9.33260233918128,9.33260233918128,0,48,0.027777777777777776,3,0.4351851851851852,0,0.01736111111111105,0.9326388888888889,0.5902777777777778
257,GA weighted game design,weighted,weighted constraint violations>rtp_error>reel_symbol_concentration,"(9.33260233918128,)",9.33260233918128,9.33260233918128,0,48,0.027777777777777776,3,0.4351851851851852,0,0.01736111111111105,0.9326388888888889,0.5902777777777778
258,GA weighted game design,weighted,weighted constraint violations>rtp_error>reel_symbol_concentration,"(9.33260233918128,)",9.33260233918128,9.33260233918128,0,48,0.027777777777777776,3,0.4351851851851852,0,0.01736111111111105,0.9326388888888889,0.5902777777777778
259,GA weighted game design,weighted,weighted constraint violations>rtp_error>reel_symbol_concentration,"(9.33260233918128,)",9.33260233918128,9.33260233918128,0,48,0.027777777777777776,3,0.4351851851851852,0,0.01736111111111105,0.9326388888888889,0.5902777777777778
260,GA weighted game design,weighted,weighted constraint violations>rtp_error>reel_symbol_concentration,"(9.33260233918128,)",9.33260233918128,9.33260233918128,0,48,0.027777777777777776,3,0.4351851851851852,0,0.01736111111111105,0.9326388888888889,0.5902777777777778
261,GA weighted game design,weighted,weighted constraint violations>rtp_error>reel_symbol_concentration,"(9.157163742690054,)",9.157163742690054,9.157163742690054,0,48,0.027777777777777776,3,0.4305555555555556,0,0.01736111111111105,0.9326388888888889,0.5902777777777778
262,GA weighted game design,weighted,weighted constraint violations>rtp_error>reel_symbol_concentration,"(9.157163742690054,)",9.157163742690054,9.157163742690054,0,48,0.027777777777777776,3,0.4305555555555556,0,0.01736111111111105,0.9326388888888889,0.5902777777777778
263,GA weighted game design,weighted,weighted constraint violations>rtp_error>reel_symbol_concentration,"(9.157163742690054,)",9.157163742690054,9.157163742690054,0,48,0.027777777777777776,3,0.4305555555555556,0,0.01736111111111105,0.9326388888888889,0.5902777777777778
264,GA weighted game design,weighted,weighted constraint violations>rtp_error>reel_symbol_concentration,"(9.157163742690054,)",9.157163742690054,9.157163742690054,0,48,0.027777777777777776,3,0.4305555555555556,0,0.01736111111111105,0.9326388888888889,0.5902777777777778
265,GA weighted game design,weighted,weighted constraint violations>rtp_error>reel_symbol_concentration,"(9.157163742690054,)",9.157163742690054,9.157163742690054,0,48,0.027777777777777776,3,0.4305555555555556,0,0.01736111111111105,0.9326388888888889,0.5902777777777778
266,GA weighted game design,weighted,weighted constraint violations>rtp_error>reel_symbol_concentration,"(9.157163742690054,)",9.157163742690054,9.157163742690054,0,48,0.027777777777777776,3,0.4305555555555556,0,0.01736111111111105,0.9326388888888889,0.5902777777777778
267,GA weighted game design,weighted,weighted constraint violations>rtp_error>reel_symbol_concentration,"(9.157163742690054,)",9.157163742690054,9.157163742690054,0,48,0.027777777777777776,3,0.4305555555555556,0,0.01736111111111105,0.9326388888888889,0.5902777777777778
268,GA weighted game design,weighted,weighted constraint violations>rtp_error>reel_symbol_concentration,"(9.157163742690054,)",9.157163742690054,9.157163742690054,0,48,0.027777777777777776,3,0.4305555555555556,0,0.01736111111111105,0.9326388888888889,0.5902777777777778
269,GA weighted game design,weighted,weighted constraint violations>rtp_error>reel_symbol_concentration,"(9.157163742690054,)",9.157163742690054,9.157163742690054,0,48,0.027777777777777776,3,0.4305555555555556,0,0.01736111111111105,0.9326388888888889,0.5902777777777778
270,GA weighted game design,weighted,weighted constraint violations>rtp_error>reel_symbol_concentration,"(9.157163742690054,)",9.157163742690054,9.157163742690054,0,48,0.027777777777777776,3,0.4305555555555556,0,0.01736111111111105,0.9326388888888889,0.5902777777777778
271,GA weighted game design,weighted,weighted constraint violations>rtp_error>reel_symbol_concentration,"(9.157163742690054,)",9.157163742690054,9.157163742690054,0,48,0.027777777777777776,3,0.4305555555555556,0,0.01736111111111105,0.9326388888888889,0.5902777777777778
272,GA weighted game design,weighted,weighted constraint violations>rtp_error>reel_symbol_concentration,"(9.157163742690054,)",9.157163742690054,9.157163742690054,0,48,0.027777777777777776,3,0.4305555555555556,0,0.01736111111111105,0.9326388888888889,0.5902777777777778
273,GA weighted game design,weighted,weighted constraint violations>rtp_error>reel_symbol_concentration,"(9.157163742690054,)",9.157163742690054,9.157163742690054,0,48,0.027777777777777776,3,0.4305555555555556,0,0.01736111111111105,0.9326388888888889,0.5902777777777778
274,GA weighted game design,weighted,weighted constraint violations>rtp_error>reel_symbol_concentration,"(9.157163742690054,)",9.157163742690054,9.157163742690054,0,48,0.027777777777777776,3,0.4305555555555556,0,0.01736111111111105,0.9326388888888889,0.5902777777777778
275,GA weighted game design,weighted,weighted constraint violations>rtp_error>reel_symbol_concentration,"(9.157163742690054,)",9.157163742690054,9.157163742690054,0,48,0.027777777777777776,3,0.4305555555555556,0,0.01736111111111105,0.9326388888888889,0.5902777777777778
276,GA weighted game design,weighted,weighted constraint violations>rtp_error>reel_symbol_concentration,"(9.157163742690054,)",9.157163742690054,9.157163742690054,0,48,0.027777777777777776,3,0.4305555555555556,0,0.01736111111111105,0.9326388888888889,0.5902777777777778
277,GA weighted game design,weighted,weighted constraint violations>rtp_error>reel_symbol_concentration,"(9.157163742690054,)",9.157163742690054,9.157163742690054,0,48,0.027777777777777776,3,0.4305555555555556,0,0.01736111111111105,0.9326388888888889,0.5902777777777778
278,GA weighted game design,weighted,weighted constraint violations>rtp_error>reel_symbol_concentration,"(9.157163742690054,)",9.157163742690054,9.157163742690054,0,48,0.027777777777777776,3,0.4305555555555556,0,0.01736111111111105,0.9326388888888889,0.5902777777777778
279,GA weighted game design,weighted,weighted constraint violations>rtp_error>reel_symbol_concentration,"(9.157163742690054,)",9.157163742690054,9.157163742690054,0,48,0.027777777777777776,3,0.4305555555555556,0,0.01736111111111105,0.9326388888888889,0.5902777777777778
280,GA weighted game design,weighted,weighted constraint violations>rtp_error>reel_symbol_concentration,"(9.157163742690054,)",9.157163742690054,9.157163742690054,0,48,0.027777777777777776,3,0.4305555555555556,0,0.01736111111111105,0.9326388888888889,0.5902777777777778
281,GA weighted game design,weighted,weighted constraint violations>rtp_error>reel_symbol_concentration,"(9.157163742690054,)",9.157163742690054,9.157163742690054,0,48,0.027777777777777776,3,0.4305555555555556,0,0.01736111111111105,0.9326388888888889,0.5902777777777778
282,GA weighted game design,weighted,weighted constraint violations>rtp_error>reel_symbol_concentration,"(9.157163742690054,)",9.157163742690054,9.157163742690054,0,48,0.027777777777777776,3,0.4305555555555556,0,0.01736111111111105,0.9326388888888889,0.5902777777777778
283,GA weighted game design,weighted,weighted constraint violations>rtp_error>reel_symbol_concentration,"(9.157163742690054,)",9.157163742690054,9.157163742690054,0,48,0.027777777777777776,3,0.4305555555555556,0,0.01736111111111105,0.9326388888888889,0.5902777777777778
284,GA weighted game design,weighted,weighted constraint violations>rtp_error>reel_symbol_concentration,"(9.157163742690054,)",9.157163742690054,9.157163742690054,0,48,0.027777777777777776,3,0.4305555555555556,0,0.01736111111111105,0.9326388888888889,0.5902777777777778
285,GA weighted game design,weighted,weighted constraint violations>rtp_error>reel_symbol_concentration,"(9.157163742690054,)",9.157163742690054,9.157163742690054,0,48,0.027777777777777776,3,0.4305555555555556,0,0.01736111111111105,0.9326388888888889,0.5902777777777778
286,GA weighted game design,weighted,weighted constraint violations>rtp_error>reel_symbol_concentration,"(9.157163742690054,)",9.157163742690054,9.157163742690054,0,48,0.027777777777777776,3,0.4305555555555556,0,0.01736111111111105,0.9326388888888889,0.5902777777777778
287,GA weighted game design,weighted,weighted constraint violations>rtp_error>reel_symbol_concentration,"(9.157163742690054,)",9.157163742690054,9.157163742690054,0,48,0.027777777777777776,3,0.4305555555555556,0,0.01736111111111105,0.9326388888888889,0.5902777777777778
288,GA weighted game design,weighted,weighted constraint violations>rtp_error>reel_symbol_concentration,"(9.157163742690054,)",9.157163742690054,9.157163742690054,0,48,0.027777777777777776,3,0.4305555555555556,0,0.01736111111111105,0.9326388888888889,0.5902777777777778
289,GA weighted game design,weighted,weighted constraint violations>rtp_error>reel_symbol_concentration,"(9.157163742690054,)",9.157163742690054,9.157163742690054,0,48,0.027777777777777776,3,0.4305555555555556,0,0.01736111111111105,0.9326388888888889,0.5902777777777778
290,GA weighted game design,weighted,weighted constraint violations>rtp_error>reel_symbol_concentration,"(9.157163742690054,)",9.157163742690054,9.157163742690054,0,48,0.027777777777777776,3,0.4305555555555556,0,0.01736111111111105,0.9326388888888889,0.5902777777777778
291,GA weighted game design,weighted,weighted constraint violations>rtp_error>reel_symbol_concentration,"(9.157163742690054,)",9.157163742690054,9.157163742690054,0,48,0.027777777777777776,3,0.4305555555555556,0,0.01736111111111105,0.9326388888888889,0.5902777777777778
292,GA weighted game design,weighted,weighted constraint violations>rtp_error>reel_symbol_concentration,"(9.157163742690054,)",9.157163742690054,9.157163742690054,0,48,0.027777777777777776,3,0.4305555555555556,0,0.01736111111111105,0.9326388888888889,0.5902777777777778
293,GA weighted game design,weighted,weighted constraint violations>rtp_error>reel_symbol_concentration,"(9.157163742690054,)",9.157163742690054,9.157163742690054,0,48,0.027777777777777776,3,0.4305555555555556,0,0.01736111111111105,0.9326388888888889,0.5902777777777778
294,GA weighted game design,weighted,weighted constraint violations>rtp_error>reel_symbol_concentration,"(9.157163742690054,)",9.157163742690054,9.157163742690054,0,48,0.027777777777777776,3,0.4305555555555556,0,0.01736111111111105,0.9326388888888889,0.5902777777777778
295,GA weighted game design,weighted,weighted constraint violations>rtp_error>reel_symbol_concentration,"(9.157163742690054,)",9.157163742690054,9.157163742690054,0,48,0.027777777777777776,3,0.4305555555555556,0,0.01736111111111105,0.9326388888888889,0.5902777777777778
296,GA weighted game design,weighted,weighted constraint violations>rtp_error>reel_symbol_concentration,"(9.157163742690054,)",9.157163742690054,9.157163742690054,0,48,0.027777777777777776,3,0.4305555555555556,0,0.01736111111111105,0.9326388888888889,0.5902777777777778
297,GA weighted game design,weighted,weighted constraint violations>rtp_error>reel_symbol_concentration,"(9.157163742690054,)",9.157163742690054,9.157163742690054,0,48,0.027777777777777776,3,0.4305555555555556,0,0.01736111111111105,0.9326388888888889,0.5902777777777778
298,GA weighted game design,weighted,weighted constraint violations>rtp_error>reel_symbol_concentration,"(9.157163742690054,)",9.157163742690054,9.157163742690054,0,48,0.027777777777777776,3,0.4305555555555556,0,0.01736111111111105,0.9326388888888889,0.5902777777777778
299,GA weighted game design,weighted,weighted constraint violations>rtp_error>reel_symbol_concentration,"(9.157163742690054,)",9.157163742690054,9.157163742690054,0,48,0.027777777777777776,3,0.4305555555555556,0,0.01736111111111105,0.9326388888888889,0.5902777777777778
300,GA weighted game design,weighted,weighted constraint violations>rtp_error>reel_symbol_concentration,"(9.157163742690054,)",9.157163742690054,9.157163742690054,0,48,0.027777777777777776,3,0.4305555555555556,0,0.01736111111111105,0.9326388888888889,0.5902777777777778
301,GA weighted game design,weighted,weighted constraint violations>rtp_error>reel_symbol_concentration,"(9.157163742690054,)",9.157163742690054,9.157163742690054,0,48,0.027777777777777776,3,0.4305555555555556,0,0.01736111111111105,0.9326388888888889,0.5902777777777778
302,GA weighted game design,weighted,weighted constraint violations>rtp_error>reel_symbol_concentration,"(9.157163742690054,)",9.157163742690054,9.157163742690054,0,48,0.027777777777777776,3,0.4305555555555556,0,0.01736111111111105,0.9326388888888889,0.5902777777777778
303,GA weighted game design,weighted,weighted constraint violations>rtp_error>reel_symbol_concentration,"(9.157163742690054,)",9.157163742690054,9.157163742690054,0,48,0.027777777777777776,3,0.4305555555555556,0,0.01736111111111105,0.9326388888888889,0.5902777777777778
304,GA weighted game design,weighted,weighted constraint violations>rtp_error>reel_symbol_concentration,"(9.157163742690054,)",9.157163742690054,9.157163742690054,0,48,0.027777777777777776,3,0.4305555555555556,0,0.01736111111111105,0.9326388888888889,0.5902777777777778
305,GA weighted game design,weighted,weighted constraint violations>rtp_error>reel_symbol_concentration,"(9.157163742690054,)",9.157163742690054,9.157163742690054,0,48,0.027777777777777776,3,0.4305555555555556,0,0.01736111111111105,0.9326388888888889,0.5902777777777778
306,GA weighted game design,weighted,weighted constraint violations>rtp_error>reel_symbol_concentration,"(9.157163742690054,)",9.157163742690054,9.157163742690054,0,48,0.027777777777777776,3,0.4305555555555556,0,0.01736111111111105,0.9326388888888889,0.5902777777777778
307,GA weighted game design,weighted,weighted constraint violations>rtp_error>reel_symbol_concentration,"(9.157163742690054,)",9.157163742690054,9.157163742690054,0,48,0.027777777777777776,3,0.4305555555555556,0,0.01736111111111105,0.9326388888888889,0.5902777777777778
308,GA weighted game design,weighted,weighted constraint violations>rtp_error>reel_symbol_concentration,"(9.157163742690054,)",9.157163742690054,9.157163742690054,0,48,0.027777777777777776,3,0.4305555555555556,0,0.01736111111111105,0.9326388888888889,0.5902777777777778
309,GA weighted game design,weighted,weighted constraint violations>rtp_error>reel_symbol_concentration,"(9.157163742690054,)",9.157163742690054,9.157163742690054,0,48,0.027777777777777776,3,0.4305555555555556,0,0.01736111111111105,0.9326388888888889,0.5902777777777778
310,GA weighted game design,weighted,weighted constraint violations>rtp_error>reel_symbol_concentration,"(9.157163742690054,)",9.157163742690054,9.157163742690054,0,48,0.027777777777777776,3,0.4305555555555556,0,0.01736111111111105,0.9326388888888889,0.5902777777777778
311,GA weighted game design,weighted,weighted constraint violations>rtp_error>reel_symbol_concentration,"(9.157163742690054,)",9.157163742690054,9.157163742690054,0,48,0.027777777777777776,3,0.4305555555555556,0,0.01736111111111105,0.9326388888888889,0.5902777777777778
312,GA weighted game design,weighted,weighted constraint violations>rtp_error>reel_symbol_concentration,"(9.157163742690054,)",9.157163742690054,9.157163742690054,0,48,0.027777777777777776,3,0.4305555555555556,0,0.01736111111111105,0.9326388888888889,0.5902777777777778
313,GA weighted game design,weighted,weighted constraint violations>rtp_error>reel_symbol_concentration,"(9.157163742690054,)",9.157163742690054,9.157163742690054,0,48,0.027777777777777776,3,0.4305555555555556,0,0.01736111111111105,0.9326388888888889,0.5902777777777778
314,GA weighted game design,weighted,weighted constraint violations>rtp_error>reel_symbol_concentration,"(9.157163742690054,)",9.157163742690054,9.157163742690054,0,48,0.027777777777777776,3,0.4305555555555556,0,0.01736111111111105,0.9326388888888889,0.5902777777777778
315,GA weighted game design,weighted,weighted constraint violations>rtp_error>reel_symbol_concentration,"(9.157163742690054,)",9.157163742690054,9.157163742690054,0,48,0.027777777777777776,3,0.4305555555555556,0,0.01736111111111105,0.9326388888888889,0.5902777777777778
316,GA weighted game design,weighted,weighted constraint violations>rtp_error>reel_symbol_concentration,"(9.157163742690054,)",9.157163742690054,9.157163742690054,0,48,0.027777777777777776,3,0.4305555555555556,0,0.01736111111111105,0.9326388888888889,0.5902777777777778
317,GA weighted game design,weighted,weighted constraint violations>rtp_error>reel_symbol_concentration,"(9.157163742690054,)",9.157163742690054,9.157163742690054,0,48,0.027777777777777776,3,0.4305555555555556,0,0.01736111111111105,0.9326388888888889,0.5902777777777778
318,GA weighted game design,weighted,weighted constraint violations>rtp_error>reel_symbol_concentration,"(9.157163742690054,)",9.157163742690054,9.157163742690054,0,48,0.027777777777777776,3,0.4305555555555556,0,0.01736111111111105,0.9326388888888889,0.5902777777777778
319,GA weighted game design,weighted,weighted constraint violations>rtp_error>reel_symbol_concentration,"(9.157163742690054,)",9.157163742690054,9.157163742690054,0,48,0.027777777777777776,3,0.4305555555555556,0,0.01736111111111105,0.9326388888888889,0.5902777777777778
320,GA weighted game design,weighted,weighted constraint violations>rtp_error>reel_symbol_concentration,"(9.157163742690054,)",9.157163742690054,9.157163742690054,0,48,0.027777777777777776,3,0.4305555555555556,0,0.01736111111111105,0.9326388888888889,0.5902777777777778
321,GA weighted game design,weighted,weighted constraint violations>rtp_error>reel_symbol_concentration,"(9.157163742690054,)",9.157163742690054,9.157163742690054,0,48,0.027777777777777776,3,0.4305555555555556,0,0.01736111111111105,0.9326388888888889,0.5902777777777778
322,GA weighted game design,weighted,weighted constraint violations>rtp_error>reel_symbol_concentration,"(9.157163742690054,)",9.157163742690054,9.157163742690054,0,48,0.027777777777777776,3,0.4305555555555556,0,0.01736111111111105,0.9326388888888889,0.5902777777777778
323,GA weighted game design,weighted,weighted constraint violations>rtp_error>reel_symbol_concentration,"(9.157163742690054,)",9.157163742690054,9.157163742690054,0,48,0.027777777777777776,3,0.4305555555555556,0,0.01736111111111105,0.9326388888888889,0.5902777777777778
324,GA weighted game design,weighted,weighted constraint violations>rtp_error>reel_symbol_concentration,"(9.157163742690054,)",9.157163742690054,9.157163742690054,0,48,0.027777777777777776,3,0.4305555555555556,0,0.01736111111111105,0.9326388888888889,0.5902777777777778
325,GA weighted game design,weighted,weighted constraint violations>rtp_error>reel_symbol_concentration,"(9.157163742690054,)",9.157163742690054,9.157163742690054,0,48,0.027777777777777776,3,0.4305555555555556,0,0.01736111111111105,0.9326388888888889,0.5902777777777778
326,GA weighted game design,weighted,weighted constraint violations>rtp_error>reel_symbol_concentration,"(9.157163742690054,)",9.157163742690054,9.157163742690054,0,48,0.027777777777777776,3,0.4305555555555556,0,0.01736111111111105,0.9326388888888889,0.5902777777777778
327,GA weighted game design,weighted,weighted constraint violations>rtp_error>reel_symbol_concentration,"(9.157163742690054,)",9.157163742690054,9.157163742690054,0,48,0.027777777777777776,3,0.4305555555555556,0,0.01736111111111105,0.9326388888888889,0.5902777777777778
328,GA weighted game design,weighted,weighted constraint violations>rtp_error>reel_symbol_concentration,"(9.157163742690054,)",9.157163742690054,9.157163742690054,0,48,0.027777777777777776,3,0.4305555555555556,0,0.01736111111111105,0.9326388888888889,0.5902777777777778
329,GA weighted game design,weighted,weighted constraint violations>rtp_error>reel_symbol_concentration,"(9.157163742690054,)",9.157163742690054,9.157163742690054,0,48,0.027777777777777776,3,0.4305555555555556,0,0.01736111111111105,0.9326388888888889,0.5902777777777778
330,GA weighted game design,weighted,weighted constraint violations>rtp_error>reel_symbol_concentration,"(9.157163742690054,)",9.157163742690054,9.157163742690054,0,48,0.027777777777777776,3,0.4305555555555556,0,0.01736111111111105,0.9326388888888889,0.5902777777777778
331,GA weighted game design,weighted,weighted constraint violations>rtp_error>reel_symbol_concentration,"(9.157163742690054,)",9.157163742690054,9.157163742690054,0,48,0.027777777777777776,3,0.4305555555555556,0,0.01736111111111105,0.9326388888888889,0.5902777777777778
332,GA weighted game design,weighted,weighted constraint violations>rtp_error>reel_symbol_concentration,"(9.157163742690054,)",9.157163742690054,9.157163742690054,0,48,0.027777777777777776,3,0.4305555555555556,0,0.01736111111111105,0.9326388888888889,0.5902777777777778
333,GA weighted game design,weighted,weighted constraint violations>rtp_error>reel_symbol_concentration,"(9.157163742690054,)",9.157163742690054,9.157163742690054,0,48,0.027777777777777776,3,0.4305555555555556,0,0.01736111111111105,0.9326388888888889,0.5902777777777778
334,GA weighted game design,weighted,weighted constraint violations>rtp_error>reel_symbol_concentration,"(9.157163742690054,)",9.157163742690054,9.157163742690054,0,48,0.027777777777777776,3,0.4305555555555556,0,0.01736111111111105,0.9326388888888889,0.5902777777777778
335,GA weighted game design,weighted,weighted constraint violations>rtp_error>reel_symbol_concentration,"(9.157163742690054,)",9.157163742690054,9.157163742690054,0,48,0.027777777777777776,3,0.4305555555555556,0,0.01736111111111105,0.9326388888888889,0.5902777777777778
336,GA weighted game design,weighted,weighted constraint violations>rtp_error>reel_symbol_concentration,"(9.157163742690054,)",9.157163742690054,9.157163742690054,0,48,0.027777777777777776,3,0.4305555555555556,0,0.01736111111111105,0.9326388888888889,0.5902777777777778
337,GA weighted game design,weighted,weighted constraint violations>rtp_error>reel_symbol_concentration,"(9.157163742690054,)",9.157163742690054,9.157163742690054,0,48,0.027777777777777776,3,0.4305555555555556,0,0.01736111111111105,0.9326388888888889,0.5902777777777778
338,GA weighted game design,weighted,weighted constraint violations>rtp_error>reel_symbol_concentration,"(9.157163742690054,)",9.157163742690054,9.157163742690054,0,48,0.027777777777777776,3,0.4305555555555556,0,0.01736111111111105,0.9326388888888889,0.5902777777777778
339,GA weighted game design,weighted,weighted constraint violations>rtp_error>reel_symbol_concentration,"(9.157163742690054,)",9.157163742690054,9.157163742690054,0,48,0.027777777777777776,3,0.4305555555555556,0,0.01736111111111105,0.9326388888888889,0.5902777777777778
340,GA weighted game design,weighted,weighted constraint violations>rtp_error>reel_symbol_concentration,"(9.157163742690054,)",9.157163742690054,9.157163742690054,0,48,0.027777777777777776,3,0.4305555555555556,0,0.01736111111111105,0.9326388888888889,0.5902777777777778
341,GA weighted game design,weighted,weighted constraint violations>rtp_error>reel_symbol_concentration,"(9.157163742690054,)",9.157163742690054,9.157163742690054,0,48,0.027777777777777776,3,0.4305555555555556,0,0.01736111111111105,0.9326388888888889,0.5902777777777778
342,GA weighted game design,weighted,weighted constraint violations>rtp_error>reel_symbol_concentration,"(9.157163742690054,)",9.157163742690054,9.157163742690054,0,48,0.027777777777777776,3,0.4305555555555556,0,0.01736111111111105,0.9326388888888889,0.5902777777777778
343,GA weighted game design,weighted,weighted constraint violations>rtp_error>reel_symbol_concentration,"(9.157163742690054,)",9.157163742690054,9.157163742690054,0,48,0.027777777777777776,3,0.4305555555555556,0,0.01736111111111105,0.9326388888888889,0.5902777777777778
344,GA weighted game design,weighted,weighted constraint violations>rtp_error>reel_symbol_concentration,"(9.157163742690054,)",9.157163742690054,9.157163742690054,0,48,0.027777777777777776,3,0.4305555555555556,0,0.01736111111111105,0.9326388888888889,0.5902777777777778
345,GA weighted game design,weighted,weighted constraint violations>rtp_error>reel_symbol_concentration,"(9.157163742690054,)",9.157163742690054,9.157163742690054,0,48,0.027777777777777776,3,0.4305555555555556,0,0.01736111111111105,0.9326388888888889,0.5902777777777778
346,GA weighted game design,weighted,weighted constraint violations>rtp_error>reel_symbol_concentration,"(9.157163742690054,)",9.157163742690054,9.157163742690054,0,48,0.027777777777777776,3,0.4305555555555556,0,0.01736111111111105,0.9326388888888889,0.5902777777777778
347,GA weighted game design,weighted,weighted constraint violations>rtp_error>reel_symbol_concentration,"(9.157163742690054,)",9.157163742690054,9.157163742690054,0,48,0.027777777777777776,3,0.4305555555555556,0,0.01736111111111105,0.9326388888888889,0.5902777777777778
348,GA weighted game design,weighted,weighted constraint violations>rtp_error>reel_symbol_concentration,"(9.157163742690054,)",9.157163742690054,9.157163742690054,0,48,0.027777777777777776,3,0.4305555555555556,0,0.01736111111111105,0.9326388888888889,0.5902777777777778
349,GA weighted game design,weighted,weighted constraint violations>rtp_error>reel_symbol_concentration,"(9.157163742690054,)",9.157163742690054,9.157163742690054,0,48,0.027777777777777776,3,0.4305555555555556,0,0.01736111111111105,0.9326388888888889,0.5902777777777778
350,GA weighted game design,weighted,weighted constraint violations>rtp_error>reel_symbol_concentration,"(9.157163742690054,)",9.157163742690054,9.157163742690054,0,48,0.027777777777777776,3,0.4305555555555556,0,0.01736111111111105,0.9326388888888889,0.5902777777777778
351,GA weighted game design,weighted,weighted constraint violations>rtp_error>reel_symbol_concentration,"(9.157163742690054,)",9.157163742690054,9.157163742690054,0,48,0.027777777777777776,3,0.4305555555555556,0,0.01736111111111105,0.9326388888888889,0.5902777777777778
352,GA weighted game design,weighted,weighted constraint violations>rtp_error>reel_symbol_concentration,"(9.157163742690054,)",9.157163742690054,9.157163742690054,0,48,0.027777777777777776,3,0.4305555555555556,0,0.01736111111111105,0.9326388888888889,0.5902777777777778
353,GA weighted game design,weighted,weighted constraint violations>rtp_error>reel_symbol_concentration,"(9.157163742690054,)",9.157163742690054,9.157163742690054,0,48,0.027777777777777776,3,0.4305555555555556,0,0.01736111111111105,0.9326388888888889,0.5902777777777778
354,GA weighted game design,weighted,weighted constraint violations>rtp_error>reel_symbol_concentration,"(9.157163742690054,)",9.157163742690054,9.157163742690054,0,48,0.027777777777777776,3,0.4305555555555556,0,0.01736111111111105,0.9326388888888889,0.5902777777777778
355,GA weighted game design,weighted,weighted constraint violations>rtp_error>reel_symbol_concentration,"(9.157163742690054,)",9.157163742690054,9.157163742690054,0,48,0.027777777777777776,3,0.4305555555555556,0,0.01736111111111105,0.9326388888888889,0.5902777777777778
356,GA weighted game design,weighted,weighted constraint violations>rtp_error>reel_symbol_concentration,"(9.157163742690054,)",9.157163742690054,9.157163742690054,0,48,0.027777777777777776,3,0.4305555555555556,0,0.01736111111111105,0.9326388888888889,0.5902777777777778
357,GA weighted game design,weighted,weighted constraint violations>rtp_error>reel_symbol_concentration,"(9.157163742690054,)",9.157163742690054,9.157163742690054,0,48,0.027777777777777776,3,0.4305555555555556,0,0.01736111111111105,0.9326388888888889,0.5902777777777778
358,GA weighted game design,weighted,weighted constraint violations>rtp_error>reel_symbol_concentration,"(9.157163742690054,)",9.157163742690054,9.157163742690054,0,48,0.027777777777777776,3,0.4305555555555556,0,0.01736111111111105,0.9326388888888889,0.5902777777777778
359,GA weighted game design,weighted,weighted constraint violations>rtp_error>reel_symbol_concentration,"(9.157163742690054,)",9.157163742690054,9.157163742690054,0,48,0.027777777777777776,3,0.4305555555555556,0,0.01736111111111105,0.9326388888888889,0.5902777777777778
360,GA weighted game design,weighted,weighted constraint violations>rtp_error>reel_symbol_concentration,"(9.157163742690054,)",9.157163742690054,9.157163742690054,0,48,0.027777777777777776,3,0.4305555555555556,0,0.01736111111111105,0.9326388888888889,0.5902777777777778
361,GA weighted game design,weighted,weighted constraint violations>rtp_error>reel_symbol_concentration,"(9.157163742690054,)",9.157163742690054,9.157163742690054,0,48,0.027777777777777776,3,0.4305555555555556,0,0.01736111111111105,0.9326388888888889,0.5902777777777778
362,GA weighted game design,weighted,weighted constraint violations>rtp_error>reel_symbol_concentration,"(9.157163742690054,)",9.157163742690054,9.157163742690054,0,48,0.027777777777777776,3,0.4305555555555556,0,0.01736111111111105,0.9326388888888889,0.5902777777777778
363,GA weighted game design,weighted,weighted constraint violations>rtp_error>reel_symbol_concentration,"(9.157163742690054,)",9.157163742690054,9.157163742690054,0,48,0.027777777777777776,3,0.4305555555555556,0,0.01736111111111105,0.9326388888888889,0.5902777777777778
364,GA weighted game design,weighted,weighted constraint violations>rtp_error>reel_symbol_concentration,"(9.157163742690054,)",9.157163742690054,9.157163742690054,0,48,0.027777777777777776,3,0.4305555555555556,0,0.01736111111111105,0.9326388888888889,0.5902777777777778
365,GA weighted game design,weighted,weighted constraint violations>rtp_error>reel_symbol_concentration,"(9.157163742690054,)",9.157163742690054,9.157163742690054,0,48,0.027777777777777776,3,0.4305555555555556,0,0.01736111111111105,0.9326388888888889,0.5902777777777778
366,GA weighted game design,weighted,weighted constraint violations>rtp_error>reel_symbol_concentration,"(9.157163742690054,)",9.157163742690054,9.157163742690054,0,48,0.027777777777777776,3,0.4305555555555556,0,0.01736111111111105,0.9326388888888889,0.5902777777777778
367,GA weighted game design,weighted,weighted constraint violations>rtp_error>reel_symbol_concentration,"(9.157163742690054,)",9.157163742690054,9.157163742690054,0,48,0.027777777777777776,3,0.4305555555555556,0,0.01736111111111105,0.9326388888888889,0.5902777777777778
368,GA weighted game design,weighted,weighted constraint violations>rtp_error>reel_symbol_concentration,"(9.157163742690054,)",9.157163742690054,9.157163742690054,0,48,0.027777777777777776,3,0.4305555555555556,0,0.01736111111111105,0.9326388888888889,0.5902777777777778
369,GA weighted game design,weighted,weighted constraint violations>rtp_error>reel_symbol_concentration,"(9.157163742690054,)",9.157163742690054,9.157163742690054,0,48,0.027777777777777776,3,0.4305555555555556,0,0.01736111111111105,0.9326388888888889,0.5902777777777778
370,GA weighted game design,weighted,weighted constraint violations>rtp_error>reel_symbol_concentration,"(9.157163742690054,)",9.157163742690054,9.157163742690054,0,48,0.027777777777777776,3,0.4305555555555556,0,0.01736111111111105,0.9326388888888889,0.5902777777777778
371,GA weighted game design,weighted,weighted constraint violations>rtp_error>reel_symbol_concentration,"(9.157163742690054,)",9.157163742690054,9.157163742690054,0,48,0.027777777777777776,3,0.4305555555555556,0,0.01736111111111105,0.9326388888888889,0.5902777777777778
372,GA weighted game design,weighted,weighted constraint violations>rtp_error>reel_symbol_concentration,"(9.157163742690054,)",9.157163742690054,9.157163742690054,0,48,0.027777777777777776,3,0.4305555555555556,0,0.01736111111111105,0.9326388888888889,0.5902777777777778
373,GA weighted game design,weighted,weighted constraint violations>rtp_error>reel_symbol_concentration,"(9.157163742690054,)",9.157163742690054,9.157163742690054,0,48,0.027777777777777776,3,0.4305555555555556,0,0.01736111111111105,0.9326388888888889,0.5902777777777778
374,GA weighted game design,weighted,weighted constraint violations>rtp_error>reel_symbol_concentration,"(9.157163742690054,)",9.157163742690054,9.157163742690054,0,48,0.027777777777777776,3,0.4305555555555556,0,0.01736111111111105,0.9326388888888889,0.5902777777777778
375,GA weighted game design,weighted,weighted constraint violations>rtp_error>reel_symbol_concentration,"(9.157163742690054,)",9.157163742690054,9.157163742690054,0,48,0.027777777777777776,3,0.4305555555555556,0,0.01736111111111105,0.9326388888888889,0.5902777777777778
376,GA weighted game design,weighted,weighted constraint violations>rtp_error>reel_symbol_concentration,"(9.157163742690054,)",9.157163742690054,9.157163742690054,0,48,0.027777777777777776,3,0.4305555555555556,0,0.01736111111111105,0.9326388888888889,0.5902777777777778
377,GA weighted game design,weighted,weighted constraint violations>rtp_error>reel_symbol_concentration,"(9.157163742690054,)",9.157163742690054,9.157163742690054,0,48,0.027777777777777776,3,0.4305555555555556,0,0.01736111111111105,0.9326388888888889,0.5902777777777778
378,GA weighted game design,weighted,weighted constraint violations>rtp_error>reel_symbol_concentration,"(9.157163742690054,)",9.157163742690054,9.157163742690054,0,48,0.027777777777777776,3,0.4305555555555556,0,0.01736111111111105,0.9326388888888889,0.5902777777777778
379,GA weighted game design,weighted,weighted constraint violations>rtp_error>reel_symbol_concentration,"(9.157163742690054,)",9.157163742690054,9.157163742690054,0,48,0.027777777777777776,3,0.4305555555555556,0,0.01736111111111105,0.9326388888888889,0.5902777777777778
380,GA weighted game design,weighted,weighted constraint violations>rtp_error>reel_symbol_concentration,"(9.157163742690054,)",9.157163742690054,9.157163742690054,0,48,0.027777777777777776,3,0.4305555555555556,0,0.01736111111111105,0.9326388888888889,0.5902777777777778
381,GA weighted game design,weighted,weighted constraint violations>rtp_error>reel_symbol_concentration,"(9.157163742690054,)",9.157163742690054,9.157163742690054,0,48,0.027777777777777776,3,0.4305555555555556,0,0.01736111111111105,0.9326388888888889,0.5902777777777778
382,GA weighted game design,weighted,weighted constraint violations>rtp_error>reel_symbol_concentration,"(9.157163742690054,)",9.157163742690054,9.157163742690054,0,48,0.027777777777777776,3,0.4305555555555556,0,0.01736111111111105,0.9326388888888889,0.5902777777777778
383,GA weighted game design,weighted,weighted constraint violations>rtp_error>reel_symbol_concentration,"(9.157163742690054,)",9.157163742690054,9.157163742690054,0,48,0.027777777777777776,3,0.4305555555555556,0,0.01736111111111105,0.9326388888888889,0.5902777777777778
384,GA weighted game design,weighted,weighted constraint violations>rtp_error>reel_symbol_concentration,"(9.157163742690054,)",9.157163742690054,9.157163742690054,0,48,0.027777777777777776,3,0.4305555555555556,0,0.01736111111111105,0.9326388888888889,0.5902777777777778
385,GA weighted game design,weighted,weighted constraint violations>rtp_error>reel_symbol_concentration,"(9.157163742690054,)",9.157163742690054,9.157163742690054,0,48,0.027777777777777776,3,0.4305555555555556,0,0.01736111111111105,0.9326388888888889,0.5902777777777778
386,GA weighted game design,weighted,weighted constraint violations>rtp_error>reel_symbol_concentration,"(9.157163742690054,)",9.157163742690054,9.157163742690054,0,48,0.027777777777777776,3,0.4305555555555556,0,0.01736111111111105,0.9326388888888889,0.5902777777777778
387,GA weighted game design,weighted,weighted constraint violations>rtp_error>reel_symbol_concentration,"(9.157163742690054,)",9.157163742690054,9.157163742690054,0,48,0.027777777777777776,3,0.4305555555555556,0,0.01736111111111105,0.9326388888888889,0.5902777777777778
388,GA weighted game design,weighted,weighted constraint violations>rtp_error>reel_symbol_concentration,"(9.157163742690054,)",9.157163742690054,9.157163742690054,0,48,0.027777777777777776,3,0.4305555555555556,0,0.01736111111111105,0.9326388888888889,0.5902777777777778
389,GA weighted game design,weighted,weighted constraint violations>rtp_error>reel_symbol_concentration,"(9.157163742690054,)",9.157163742690054,9.157163742690054,0,48,0.027777777777777776,3,0.4305555555555556,0,0.01736111111111105,0.9326388888888889,0.5902777777777778
390,GA weighted game design,weighted,weighted constraint violations>rtp_error>reel_symbol_concentration,"(9.157163742690054,)",9.157163742690054,9.157163742690054,0,48,0.027777777777777776,3,0.4305555555555556,0,0.01736111111111105,0.9326388888888889,0.5902777777777778
391,GA weighted game design,weighted,weighted constraint violations>rtp_error>reel_symbol_concentration,"(9.157163742690054,)",9.157163742690054,9.157163742690054,0,48,0.027777777777777776,3,0.4305555555555556,0,0.01736111111111105,0.9326388888888889,0.5902777777777778
392,GA weighted game design,weighted,weighted constraint violations>rtp_error>reel_symbol_concentration,"(9.157163742690054,)",9.157163742690054,9.157163742690054,0,48,0.027777777777777776,3,0.4305555555555556,0,0.01736111111111105,0.9326388888888889,0.5902777777777778
393,GA weighted game design,weighted,weighted constraint violations>rtp_error>reel_symbol_concentration,"(9.157163742690054,)",9.157163742690054,9.157163742690054,0,48,0.027777777777777776,3,0.4305555555555556,0,0.01736111111111105,0.9326388888888889,0.5902777777777778
394,GA weighted game design,weighted,weighted constraint violations>rtp_error>reel_symbol_concentration,"(9.157163742690054,)",9.157163742690054,9.157163742690054,0,48,0.027777777777777776,3,0.4305555555555556,0,0.01736111111111105,0.9326388888888889,0.5902777777777778
395,GA weighted game design,weighted,weighted constraint violations>rtp_error>reel_symbol_concentration,"(9.157163742690054,)",9.157163742690054,9.157163742690054,0,48,0.027777777777777776,3,0.4305555555555556,0,0.01736111111111105,0.9326388888888889,0.5902777777777778
396,GA weighted game design,weighted,weighted constraint violations>rtp_error>reel_symbol_concentration,"(9.157163742690054,)",9.157163742690054,9.157163742690054,0,48,0.027777777777777776,3,0.4305555555555556,0,0.01736111111111105,0.9326388888888889,0.5902777777777778
397,GA weighted game design,weighted,weighted constraint violations>rtp_error>reel_symbol_concentration,"(9.157163742690054,)",9.157163742690054,9.157163742690054,0,48,0.027777777777777776,3,0.4305555555555556,0,0.01736111111111105,0.9326388888888889,0.5902777777777778
398,GA weighted game design,weighted,weighted constraint violations>rtp_error>reel_symbol_concentration,"(9.157163742690054,)",9.157163742690054,9.157163742690054,0,48,0.027777777777777776,3,0.4305555555555556,0,0.01736111111111105,0.9326388888888889,0.5902777777777778
399,GA weighted game design,weighted,weighted constraint violations>rtp_error>reel_symbol_concentration,"(9.157163742690054,)",9.157163742690054,9.157163742690054,0,48,0.027777777777777776,3,0.4305555555555556,0,0.01736111111111105,0.9326388888888889,0.5902777777777778
400,GA weighted game design,weighted,weighted constraint violations>rtp_error>reel_symbol_concentration,"(9.157163742690054,)",9.157163742690054,9.157163742690054,0,48,0.027777777777777776,3,0.4305555555555556,0,0.01736111111111105,0.9326388888888889,0.5902777777777778
401,GA weighted game design,weighted,weighted constraint violations>rtp_error>reel_symbol_concentration,"(9.157163742690054,)",9.157163742690054,9.157163742690054,0,48,0.027777777777777776,3,0.4305555555555556,0,0.01736111111111105,0.9326388888888889,0.5902777777777778
402,GA weighted game design,weighted,weighted constraint violations>rtp_error>reel_symbol_concentration,"(9.157163742690054,)",9.157163742690054,9.157163742690054,0,48,0.027777777777777776,3,0.4305555555555556,0,0.01736111111111105,0.9326388888888889,0.5902777777777778
403,GA weighted game design,weighted,weighted constraint violations>rtp_error>reel_symbol_concentration,"(9.157163742690054,)",9.157163742690054,9.157163742690054,0,48,0.027777777777777776,3,0.4305555555555556,0,0.01736111111111105,0.9326388888888889,0.5902777777777778
404,GA weighted game design,weighted,weighted constraint violations>rtp_error>reel_symbol_concentration,"(9.157163742690054,)",9.157163742690054,9.157163742690054,0,48,0.027777777777777776,3,0.4305555555555556,0,0.01736111111111105,0.9326388888888889,0.5902777777777778
405,GA weighted game design,weighted,weighted constraint violations>rtp_error>reel_symbol_concentration,"(9.157163742690054,)",9.157163742690054,9.157163742690054,0,48,0.027777777777777776,3,0.4305555555555556,0,0.01736111111111105,0.9326388888888889,0.5902777777777778
406,GA weighted game design,weighted,weighted constraint violations>rtp_error>reel_symbol_concentration,"(9.157163742690054,)",9.157163742690054,9.157163742690054,0,48,0.027777777777777776,3,0.4305555555555556,0,0.01736111111111105,0.9326388888888889,0.5902777777777778
407,GA weighted game design,weighted,weighted constraint violations>rtp_error>reel_symbol_concentration,"(9.157163742690054,)",9.157163742690054,9.157163742690054,0,48,0.027777777777777776,3,0.4305555555555556,0,0.01736111111111105,0.9326388888888889,0.5902777777777778
408,GA weighted game design,weighted,weighted constraint violations>rtp_error>reel_symbol_concentration,"(9.157163742690054,)",9.157163742690054,9.157163742690054,0,48,0.027777777777777776,3,0.4305555555555556,0,0.01736111111111105,0.9326388888888889,0.5902777777777778
409,GA weighted game design,weighted,weighted constraint violations>rtp_error>reel_symbol_concentration,"(9.157163742690054,)",9.157163742690054,9.157163742690054,0,48,0.027777777777777776,3,0.4305555555555556,0,0.01736111111111105,0.9326388888888889,0.5902777777777778
410,GA weighted game design,weighted,weighted constraint violations>rtp_error>reel_symbol_concentration,"(9.157163742690054,)",9.157163742690054,9.157163742690054,0,48,0.027777777777777776,3,0.4305555555555556,0,0.01736111111111105,0.9326388888888889,0.5902777777777778
411,GA weighted game design,weighted,weighted constraint violations>rtp_error>reel_symbol_concentration,"(9.157163742690054,)",9.157163742690054,9.157163742690054,0,48,0.027777777777777776,3,0.4305555555555556,0,0.01736111111111105,0.9326388888888889,0.5902777777777778
412,GA weighted game design,weighted,weighted constraint violations>rtp_error>reel_symbol_concentration,"(9.157163742690054,)",9.157163742690054,9.157163742690054,0,48,0.027777777777777776,3,0.4305555555555556,0,0.01736111111111105,0.9326388888888889,0.5902777777777778
413,GA weighted game design,weighted,weighted constraint violations>rtp_error>reel_symbol_concentration,"(9.157163742690054,)",9.157163742690054,9.157163742690054,0,48,0.027777777777777776,3,0.4305555555555556,0,0.01736111111111105,0.9326388888888889,0.5902777777777778
414,GA weighted game design,weighted,weighted constraint violations>rtp_error>reel_symbol_concentration,"(9.157163742690054,)",9.157163742690054,9.157163742690054,0,48,0.027777777777777776,3,0.4305555555555556,0,0.01736111111111105,0.9326388888888889,0.5902777777777778
415,GA weighted game design,weighted,weighted constraint violations>rtp_error>reel_symbol_concentration,"(9.157163742690054,)",9.157163742690054,9.157163742690054,0,48,0.027777777777777776,3,0.4305555555555556,0,0.01736111111111105,0.9326388888888889,0.5902777777777778
416,GA weighted game design,weighted,weighted constraint violations>rtp_error>reel_symbol_concentration,"(9.157163742690054,)",9.157163742690054,9.157163742690054,0,48,0.027777777777777776,3,0.4305555555555556,0,0.01736111111111105,0.9326388888888889,0.5902777777777778
417,GA weighted game design,weighted,weighted constraint violations>rtp_error>reel_symbol_concentration,"(9.157163742690054,)",9.157163742690054,9.157163742690054,0,48,0.027777777777777776,3,0.4305555555555556,0,0.01736111111111105,0.9326388888888889,0.5902777777777778
418,GA weighted game design,weighted,weighted constraint violations>rtp_error>reel_symbol_concentration,"(9.157163742690054,)",9.157163742690054,9.157163742690054,0,48,0.027777777777777776,3,0.4305555555555556,0,0.01736111111111105,0.9326388888888889,0.5902777777777778
419,GA weighted game design,weighted,weighted constraint violations>rtp_error>reel_symbol_concentration,"(9.157163742690054,)",9.157163742690054,9.157163742690054,0,48,0.027777777777777776,3,0.4305555555555556,0,0.01736111111111105,0.9326388888888889,0.5902777777777778
420,GA weighted game design,weighted,weighted constraint violations>rtp_error>reel_symbol_concentration,"(9.157163742690054,)",9.157163742690054,9.157163742690054,0,48,0.027777777777777776,3,0.4305555555555556,0,0.01736111111111105,0.9326388888888889,0.5902777777777778
421,GA weighted game design,weighted,weighted constraint violations>rtp_error>reel_symbol_concentration,"(9.157163742690054,)",9.157163742690054,9.157163742690054,0,48,0.027777777777777776,3,0.4305555555555556,0,0.01736111111111105,0.9326388888888889,0.5902777777777778
422,GA weighted game design,weighted,weighted constraint violations>rtp_error>reel_symbol_concentration,"(9.157163742690054,)",9.157163742690054,9.157163742690054,0,48,0.027777777777777776,3,0.4305555555555556,0,0.01736111111111105,0.9326388888888889,0.5902777777777778
423,GA weighted game design,weighted,weighted constraint violations>rtp_error>reel_symbol_concentration,"(9.157163742690054,)",9.157163742690054,9.157163742690054,0,48,0.027777777777777776,3,0.4305555555555556,0,0.01736111111111105,0.9326388888888889,0.5902777777777778
424,GA weighted game design,weighted,weighted constraint violations>rtp_error>reel_symbol_concentration,"(9.157163742690054,)",9.157163742690054,9.157163742690054,0,48,0.027777777777777776,3,0.4305555555555556,0,0.01736111111111105,0.9326388888888889,0.5902777777777778
425,GA weighted game design,weighted,weighted constraint violations>rtp_error>reel_symbol_concentration,"(9.157163742690054,)",9.157163742690054,9.157163742690054,0,48,0.027777777777777776,3,0.4305555555555556,0,0.01736111111111105,0.9326388888888889,0.5902777777777778
426,GA weighted game design,weighted,weighted constraint violations>rtp_error>reel_symbol_concentration,"(9.157163742690054,)",9.157163742690054,9.157163742690054,0,48,0.027777777777777776,3,0.4305555555555556,0,0.01736111111111105,0.9326388888888889,0.5902777777777778
427,GA weighted game design,weighted,weighted constraint violations>rtp_error>reel_symbol_concentration,"(9.157163742690054,)",9.157163742690054,9.157163742690054,0,48,0.027777777777777776,3,0.4305555555555556,0,0.01736111111111105,0.9326388888888889,0.5902777777777778
428,GA weighted game design,weighted,weighted constraint violations>rtp_error>reel_symbol_concentration,"(9.157163742690054,)",9.157163742690054,9.157163742690054,0,48,0.027777777777777776,3,0.4305555555555556,0,0.01736111111111105,0.9326388888888889,0.5902777777777778
429,GA weighted game design,weighted,weighted constraint violations>rtp_error>reel_symbol_concentration,"(9.157163742690054,)",9.157163742690054,9.157163742690054,0,48,0.027777777777777776,3,0.4305555555555556,0,0.01736111111111105,0.9326388888888889,0.5902777777777778
430,GA weighted game design,weighted,weighted constraint violations>rtp_error>reel_symbol_concentration,"(9.157163742690054,)",9.157163742690054,9.157163742690054,0,48,0.027777777777777776,3,0.4305555555555556,0,0.01736111111111105,0.9326388888888889,0.5902777777777778
431,GA weighted game design,weighted,weighted constraint violations>rtp_error>reel_symbol_concentration,"(9.157163742690054,)",9.157163742690054,9.157163742690054,0,48,0.027777777777777776,3,0.4305555555555556,0,0.01736111111111105,0.9326388888888889,0.5902777777777778
432,GA weighted game design,weighted,weighted constraint violations>rtp_error>reel_symbol_concentration,"(9.157163742690054,)",9.157163742690054,9.157163742690054,0,48,0.027777777777777776,3,0.4305555555555556,0,0.01736111111111105,0.9326388888888889,0.5902777777777778
433,GA weighted game design,weighted,weighted constraint violations>rtp_error>reel_symbol_concentration,"(9.157163742690054,)",9.157163742690054,9.157163742690054,0,48,0.027777777777777776,3,0.4305555555555556,0,0.01736111111111105,0.9326388888888889,0.5902777777777778
434,GA weighted game design,weighted,weighted constraint violations>rtp_error>reel_symbol_concentration,"(9.157163742690054,)",9.157163742690054,9.157163742690054,0,48,0.027777777777777776,3,0.4305555555555556,0,0.01736111111111105,0.9326388888888889,0.5902777777777778
435,GA weighted game design,weighted,weighted constraint violations>rtp_error>reel_symbol_concentration,"(9.157163742690054,)",9.157163742690054,9.157163742690054,0,48,0.027777777777777776,3,0.4305555555555556,0,0.01736111111111105,0.9326388888888889,0.5902777777777778
436,GA weighted game design,weighted,weighted constraint violations>rtp_error>reel_symbol_concentration,"(9.157163742690054,)",9.157163742690054,9.157163742690054,0,48,0.027777777777777776,3,0.4305555555555556,0,0.01736111111111105,0.9326388888888889,0.5902777777777778
437,GA weighted game design,weighted,weighted constraint violations>rtp_error>reel_symbol_concentration,"(9.157163742690054,)",9.157163742690054,9.157163742690054,0,48,0.027777777777777776,3,0.4305555555555556,0,0.01736111111111105,0.9326388888888889,0.5902777777777778
438,GA weighted game design,weighted,weighted constraint violations>rtp_error>reel_symbol_concentration,"(9.157163742690054,)",9.157163742690054,9.157163742690054,0,48,0.027777777777777776,3,0.4305555555555556,0,0.01736111111111105,0.9326388888888889,0.5902777777777778
439,GA weighted game design,weighted,weighted constraint violations>rtp_error>reel_symbol_concentration,"(9.157163742690054,)",9.157163742690054,9.157163742690054,0,48,0.027777777777777776,3,0.4305555555555556,0,0.01736111111111105,0.9326388888888889,0.5902777777777778
440,GA weighted game design,weighted,weighted constraint violations>rtp_error>reel_symbol_concentration,"(9.157163742690054,)",9.157163742690054,9.157163742690054,0,48,0.027777777777777776,3,0.4305555555555556,0,0.01736111111111105,0.9326388888888889,0.5902777777777778
441,GA weighted game design,weighted,weighted constraint violations>rtp_error>reel_symbol_concentration,"(9.157163742690054,)",9.157163742690054,9.157163742690054,0,48,0.027777777777777776,3,0.4305555555555556,0,0.01736111111111105,0.9326388888888889,0.5902777777777778
442,GA weighted game design,weighted,weighted constraint violations>rtp_error>reel_symbol_concentration,"(9.157163742690054,)",9.157163742690054,9.157163742690054,0,48,0.027777777777777776,3,0.4305555555555556,0,0.01736111111111105,0.9326388888888889,0.5902777777777778
443,GA weighted game design,weighted,weighted constraint violations>rtp_error>reel_symbol_concentration,"(9.157163742690054,)",9.157163742690054,9.157163742690054,0,48,0.027777777777777776,3,0.4305555555555556,0,0.01736111111111105,0.9326388888888889,0.5902777777777778
444,GA weighted game design,weighted,weighted constraint violations>rtp_error>reel_symbol_concentration,"(9.157163742690054,)",9.157163742690054,9.157163742690054,0,48,0.027777777777777776,3,0.4305555555555556,0,0.01736111111111105,0.9326388888888889,0.5902777777777778
445,GA weighted game design,weighted,weighted constraint violations>rtp_error>reel_symbol_concentration,"(9.157163742690054,)",9.157163742690054,9.157163742690054,0,48,0.027777777777777776,3,0.4305555555555556,0,0.01736111111111105,0.9326388888888889,0.5902777777777778
446,GA weighted game design,weighted,weighted constraint violations>rtp_error>reel_symbol_concentration,"(9.157163742690054,)",9.157163742690054,9.157163742690054,0,48,0.027777777777777776,3,0.4305555555555556,0,0.01736111111111105,0.9326388888888889,0.5902777777777778
447,GA weighted game design,weighted,weighted constraint violations>rtp_error>reel_symbol_concentration,"(9.157163742690054,)",9.157163742690054,9.157163742690054,0,48,0.027777777777777776,3,0.4305555555555556,0,0.01736111111111105,0.9326388888888889,0.5902777777777778
448,GA weighted game design,weighted,weighted constraint violations>rtp_error>reel_symbol_concentration,"(9.157163742690054,)",9.157163742690054,9.157163742690054,0,48,0.027777777777777776,3,0.4305555555555556,0,0.01736111111111105,0.9326388888888889,0.5902777777777778
449,GA weighted game design,weighted,weighted constraint violations>rtp_error>reel_symbol_concentration,"(9.157163742690054,)",9.157163742690054,9.157163742690054,0,48,0.027777777777777776,3,0.4305555555555556,0,0.01736111111111105,0.9326388888888889,0.5902777777777778
450,GA weighted game design,weighted,weighted constraint violations>rtp_error>reel_symbol_concentration,"(9.157163742690054,)",9.157163742690054,9.157163742690054,0,48,0.027777777777777776,3,0.4305555555555556,0,0.01736111111111105,0.9326388888888889,0.5902777777777778
451,GA weighted game design,weighted,weighted constraint violations>rtp_error>reel_symbol_concentration,"(9.157163742690054,)",9.157163742690054,9.157163742690054,0,48,0.027777777777777776,3,0.4305555555555556,0,0.01736111111111105,0.9326388888888889,0.5902777777777778
452,GA weighted game design,weighted,weighted constraint violations>rtp_error>reel_symbol_concentration,"(9.157163742690054,)",9.157163742690054,9.157163742690054,0,48,0.027777777777777776,3,0.4305555555555556,0,0.01736111111111105,0.9326388888888889,0.5902777777777778
453,GA weighted game design,weighted,weighted constraint violations>rtp_error>reel_symbol_concentration,"(9.157163742690054,)",9.157163742690054,9.157163742690054,0,48,0.027777777777777776,3,0.4305555555555556,0,0.01736111111111105,0.9326388888888889,0.5902777777777778
454,GA weighted game design,weighted,weighted constraint violations>rtp_error>reel_symbol_concentration,"(9.157163742690054,)",9.157163742690054,9.157163742690054,0,48,0.027777777777777776,3,0.4305555555555556,0,0.01736111111111105,0.9326388888888889,0.5902777777777778
455,GA weighted game design,weighted,weighted constraint violations>rtp_error>reel_symbol_concentration,"(9.157163742690054,)",9.157163742690054,9.157163742690054,0,48,0.027777777777777776,3,0.4305555555555556,0,0.01736111111111105,0.9326388888888889,0.5902777777777778
456,GA weighted game design,weighted,weighted constraint violations>rtp_error>reel_symbol_concentration,"(9.157163742690054,)",9.157163742690054,9.157163742690054,0,48,0.027777777777777776,3,0.4305555555555556,0,0.01736111111111105,0.9326388888888889,0.5902777777777778
457,GA weighted game design,weighted,weighted constraint violations>rtp_error>reel_symbol_concentration,"(9.157163742690054,)",9.157163742690054,9.157163742690054,0,48,0.027777777777777776,3,0.4305555555555556,0,0.01736111111111105,0.9326388888888889,0.5902777777777778
458,GA weighted game design,weighted,weighted constraint violations>rtp_error>reel_symbol_concentration,"(9.157163742690054,)",9.157163742690054,9.157163742690054,0,48,0.027777777777777776,3,0.4305555555555556,0,0.01736111111111105,0.9326388888888889,0.5902777777777778
459,GA weighted game design,weighted,weighted constraint violations>rtp_error>reel_symbol_concentration,"(9.157163742690054,)",9.157163742690054,9.157163742690054,0,48,0.027777777777777776,3,0.4305555555555556,0,0.01736111111111105,0.9326388888888889,0.5902777777777778
460,GA weighted game design,weighted,weighted constraint violations>rtp_error>reel_symbol_concentration,"(9.157163742690054,)",9.157163742690054,9.157163742690054,0,48,0.027777777777777776,3,0.4305555555555556,0,0.01736111111111105,0.9326388888888889,0.5902777777777778
461,GA weighted game design,weighted,weighted constraint violations>rtp_error>reel_symbol_concentration,"(9.157163742690054,)",9.157163742690054,9.157163742690054,0,48,0.027777777777777776,3,0.4305555555555556,0,0.01736111111111105,0.9326388888888889,0.5902777777777778
462,GA weighted game design,weighted,weighted constraint violations>rtp_error>reel_symbol_concentration,"(9.157163742690054,)",9.157163742690054,9.157163742690054,0,48,0.027777777777777776,3,0.4305555555555556,0,0.01736111111111105,0.9326388888888889,0.5902777777777778
463,GA weighted game design,weighted,weighted constraint violations>rtp_error>reel_symbol_concentration,"(9.157163742690054,)",9.157163742690054,9.157163742690054,0,48,0.027777777777777776,3,0.4305555555555556,0,0.01736111111111105,0.9326388888888889,0.5902777777777778
464,GA weighted game design,weighted,weighted constraint violations>rtp_error>reel_symbol_concentration,"(9.157163742690054,)",9.157163742690054,9.157163742690054,0,48,0.027777777777777776,3,0.4305555555555556,0,0.01736111111111105,0.9326388888888889,0.5902777777777778
465,GA weighted game design,weighted,weighted constraint violations>rtp_error>reel_symbol_concentration,"(9.157163742690054,)",9.157163742690054,9.157163742690054,0,48,0.027777777777777776,3,0.4305555555555556,0,0.01736111111111105,0.9326388888888889,0.5902777777777778
466,GA weighted game design,weighted,weighted constraint violations>rtp_error>reel_symbol_concentration,"(9.157163742690054,)",9.157163742690054,9.157163742690054,0,48,0.027777777777777776,3,0.4305555555555556,0,0.01736111111111105,0.9326388888888889,0.5902777777777778
467,GA weighted game design,weighted,weighted constraint violations>rtp_error>reel_symbol_concentration,"(9.157163742690054,)",9.157163742690054,9.157163742690054,0,48,0.027777777777777776,3,0.4305555555555556,0,0.01736111111111105,0.9326388888888889,0.5902777777777778
468,GA weighted game design,weighted,weighted constraint violations>rtp_error>reel_symbol_concentration,"(9.157163742690054,)",9.157163742690054,9.157163742690054,0,48,0.027777777777777776,3,0.4305555555555556,0,0.01736111111111105,0.9326388888888889,0.5902777777777778
469,GA weighted game design,weighted,weighted constraint violations>rtp_error>reel_symbol_concentration,"(9.157163742690054,)",9.157163742690054,9.157163742690054,0,48,0.027777777777777776,3,0.4305555555555556,0,0.01736111111111105,0.9326388888888889,0.5902777777777778
470,GA weighted game design,weighted,weighted constraint violations>rtp_error>reel_symbol_concentration,"(9.157163742690054,)",9.157163742690054,9.157163742690054,0,48,0.027777777777777776,3,0.4305555555555556,0,0.01736111111111105,0.9326388888888889,0.5902777777777778
471,GA weighted game design,weighted,weighted constraint violations>rtp_error>reel_symbol_concentration,"(9.157163742690054,)",9.157163742690054,9.157163742690054,0,48,0.027777777777777776,3,0.4305555555555556,0,0.01736111111111105,0.9326388888888889,0.5902777777777778
472,GA weighted game design,weighted,weighted constraint violations>rtp_error>reel_symbol_concentration,"(9.157163742690054,)",9.157163742690054,9.157163742690054,0,48,0.027777777777777776,3,0.4305555555555556,0,0.01736111111111105,0.9326388888888889,0.5902777777777778
473,GA weighted game design,weighted,weighted constraint violations>rtp_error>reel_symbol_concentration,"(9.157163742690054,)",9.157163742690054,9.157163742690054,0,48,0.027777777777777776,3,0.4305555555555556,0,0.01736111111111105,0.9326388888888889,0.5902777777777778
474,GA weighted game design,weighted,weighted constraint violations>rtp_error>reel_symbol_concentration,"(9.157163742690054,)",9.157163742690054,9.157163742690054,0,48,0.027777777777777776,3,0.4305555555555556,0,0.01736111111111105,0.9326388888888889,0.5902777777777778
475,GA weighted game design,weighted,weighted constraint violations>rtp_error>reel_symbol_concentration,"(9.157163742690054,)",9.157163742690054,9.157163742690054,0,48,0.027777777777777776,3,0.4305555555555556,0,0.01736111111111105,0.9326388888888889,0.5902777777777778
476,GA weighted game design,weighted,weighted constraint violations>rtp_error>reel_symbol_concentration,"(9.157163742690054,)",9.157163742690054,9.157163742690054,0,48,0.027777777777777776,3,0.4305555555555556,0,0.01736111111111105,0.9326388888888889,0.5902777777777778
477,GA weighted game design,weighted,weighted constraint violations>rtp_error>reel_symbol_concentration,"(9.157163742690054,)",9.157163742690054,9.157163742690054,0,48,0.027777777777777776,3,0.4305555555555556,0,0.01736111111111105,0.9326388888888889,0.5902777777777778
478,GA weighted game design,weighted,weighted constraint violations>rtp_error>reel_symbol_concentration,"(9.157163742690054,)",9.157163742690054,9.157163742690054,0,48,0.027777777777777776,3,0.4305555555555556,0,0.01736111111111105,0.9326388888888889,0.5902777777777778
479,GA weighted game design,weighted,weighted constraint violations>rtp_error>reel_symbol_concentration,"(9.157163742690054,)",9.157163742690054,9.157163742690054,0,48,0.027777777777777776,3,0.4305555555555556,0,0.01736111111111105,0.9326388888888889,0.5902777777777778
480,GA weighted game design,weighted,weighted constraint violations>rtp_error>reel_symbol_concentration,"(9.157163742690054,)",9.157163742690054,9.157163742690054,0,48,0.027777777777777776,3,0.4305555555555556,0,0.01736111111111105,0.9326388888888889,0.5902777777777778
481,GA weighted game design,weighted,weighted constraint violations>rtp_error>reel_symbol_concentration,"(9.157163742690054,)",9.157163742690054,9.157163742690054,0,48,0.027777777777777776,3,0.4305555555555556,0,0.01736111111111105,0.9326388888888889,0.5902777777777778
482,GA weighted game design,weighted,weighted constraint violations>rtp_error>reel_symbol_concentration,"(9.157163742690054,)",9.157163742690054,9.157163742690054,0,48,0.027777777777777776,3,0.4305555555555556,0,0.01736111111111105,0.9326388888888889,0.5902777777777778
483,GA weighted game design,weighted,weighted constraint violations>rtp_error>reel_symbol_concentration,"(9.157163742690054,)",9.157163742690054,9.157163742690054,0,48,0.027777777777777776,3,0.4305555555555556,0,0.01736111111111105,0.9326388888888889,0.5902777777777778
484,GA weighted game design,weighted,weighted constraint violations>rtp_error>reel_symbol_concentration,"(9.157163742690054,)",9.157163742690054,9.157163742690054,0,48,0.027777777777777776,3,0.4305555555555556,0,0.01736111111111105,0.9326388888888889,0.5902777777777778
485,GA weighted game design,weighted,weighted constraint violations>rtp_error>reel_symbol_concentration,"(9.157163742690054,)",9.157163742690054,9.157163742690054,0,48,0.027777777777777776,3,0.4305555555555556,0,0.01736111111111105,0.9326388888888889,0.5902777777777778
486,GA weighted game design,weighted,weighted constraint violations>rtp_error>reel_symbol_concentration,"(9.157163742690054,)",9.157163742690054,9.157163742690054,0,48,0.027777777777777776,3,0.4305555555555556,0,0.01736111111111105,0.9326388888888889,0.5902777777777778
487,GA weighted game design,weighted,weighted constraint violations>rtp_error>reel_symbol_concentration,"(9.157163742690054,)",9.157163742690054,9.157163742690054,0,48,0.027777777777777776,3,0.4305555555555556,0,0.01736111111111105,0.9326388888888889,0.5902777777777778
488,GA weighted game design,weighted,weighted constraint violations>rtp_error>reel_symbol_concentration,"(9.157163742690054,)",9.157163742690054,9.157163742690054,0,48,0.027777777777777776,3,0.4305555555555556,0,0.01736111111111105,0.9326388888888889,0.5902777777777778
489,GA weighted game design,weighted,weighted constraint violations>rtp_error>reel_symbol_concentration,"(9.157163742690054,)",9.157163742690054,9.157163742690054,0,48,0.027777777777777776,3,0.4305555555555556,0,0.01736111111111105,0.9326388888888889,0.5902777777777778
490,GA weighted game design,weighted,weighted constraint violations>rtp_error>reel_symbol_concentration,"(9.157163742690054,)",9.157163742690054,9.157163742690054,0,48,0.027777777777777776,3,0.4305555555555556,0,0.01736111111111105,0.9326388888888889,0.5902777777777778
491,GA weighted game design,weighted,weighted constraint violations>rtp_error>reel_symbol_concentration,"(9.157163742690054,)",9.157163742690054,9.157163742690054,0,48,0.027777777777777776,3,0.4305555555555556,0,0.01736111111111105,0.9326388888888889,0.5902777777777778
492,GA weighted game design,weighted,weighted constraint violations>rtp_error>reel_symbol_concentration,"(9.157163742690054,)",9.157163742690054,9.157163742690054,0,48,0.027777777777777776,3,0.4305555555555556,0,0.01736111111111105,0.9326388888888889,0.5902777777777778
493,GA weighted game design,weighted,weighted constraint violations>rtp_error>reel_symbol_concentration,"(9.157163742690054,)",9.157163742690054,9.157163742690054,0,48,0.027777777777777776,3,0.4305555555555556,0,0.01736111111111105,0.9326388888888889,0.5902777777777778
494,GA weighted game design,weighted,weighted constraint violations>rtp_error>reel_symbol_concentration,"(9.157163742690054,)",9.157163742690054,9.157163742690054,0,48,0.027777777777777776,3,0.4305555555555556,0,0.01736111111111105,0.9326388888888889,0.5902777777777778
495,GA weighted game design,weighted,weighted constraint violations>rtp_error>reel_symbol_concentration,"(9.157163742690054,)",9.157163742690054,9.157163742690054,0,48,0.027777777777777776,3,0.4305555555555556,0,0.01736111111111105,0.9326388888888889,0.5902777777777778
496,GA weighted game design,weighted,weighted constraint violations>rtp_error>reel_symbol_concentration,"(9.157163742690054,)",9.157163742690054,9.157163742690054,0,48,0.027777777777777776,3,0.4305555555555556,0,0.01736111111111105,0.9326388888888889,0.5902777777777778
497,GA weighted game design,weighted,weighted constraint violations>rtp_error>reel_symbol_concentration,"(9.157163742690054,)",9.157163742690054,9.157163742690054,0,48,0.027777777777777776,3,0.4305555555555556,0,0.01736111111111105,0.9326388888888889,0.5902777777777778
498,GA weighted game design,weighted,weighted constraint violations>rtp_error>reel_symbol_concentration,"(9.157163742690054,)",9.157163742690054,9.157163742690054,0,48,0.027777777777777776,3,0.4305555555555556,0,0.01736111111111105,0.9326388888888889,0.5902777777777778
499,GA weighted game design,weighted,weighted constraint violations>rtp_error>reel_symbol_concentration,"(9.157163742690054,)",9.157163742690054,9.157163742690054,0,48,0.027777777777777776,3,0.4305555555555556,0,0.01736111111111105,0.9326388888888889,0.5902777777777778
500,GA weighted game design,weighted,weighted constraint violations>rtp_error>reel_symbol_concentration,"(9.157163742690054,)",9.157163742690054,9.157163742690054,0,48,0.027777777777777776,3,0.4305555555555556,0,0.01736111111111105,0.9326388888888889,0.5902777777777778
501,GA weighted game design,weighted,weighted constraint violations>rtp_error>reel_symbol_concentration,"(9.157163742690054,)",9.157163742690054,9.157163742690054,0,48,0.027777777777777776,3,0.4305555555555556,0,0.01736111111111105,0.9326388888888889,0.5902777777777778
502,GA weighted game design,weighted,weighted constraint violations>rtp_error>reel_symbol_concentration,"(9.157163742690054,)",9.157163742690054,9.157163742690054,0,48,0.027777777777777776,3,0.4305555555555556,0,0.01736111111111105,0.9326388888888889,0.5902777777777778
503,GA weighted game design,weighted,weighted constraint violations>rtp_error>reel_symbol_concentration,"(9.157163742690054,)",9.157163742690054,9.157163742690054,0,48,0.027777777777777776,3,0.4305555555555556,0,0.01736111111111105,0.9326388888888889,0.5902777777777778
504,GA weighted game design,weighted,weighted constraint violations>rtp_error>reel_symbol_concentration,"(9.157163742690054,)",9.157163742690054,9.157163742690054,0,48,0.027777777777777776,3,0.4305555555555556,0,0.01736111111111105,0.9326388888888889,0.5902777777777778
505,GA weighted game design,weighted,weighted constraint violations>rtp_error>reel_symbol_concentration,"(9.157163742690054,)",9.157163742690054,9.157163742690054,0,48,0.027777777777777776,3,0.4305555555555556,0,0.01736111111111105,0.9326388888888889,0.5902777777777778
506,GA weighted game design,weighted,weighted constraint violations>rtp_error>reel_symbol_concentration,"(9.157163742690054,)",9.157163742690054,9.157163742690054,0,48,0.027777777777777776,3,0.4305555555555556,0,0.01736111111111105,0.9326388888888889,0.5902777777777778
507,GA weighted game design,weighted,weighted constraint violations>rtp_error>reel_symbol_concentration,"(9.157163742690054,)",9.157163742690054,9.157163742690054,0,48,0.027777777777777776,3,0.4305555555555556,0,0.01736111111111105,0.9326388888888889,0.5902777777777778
508,GA weighted game design,weighted,weighted constraint violations>rtp_error>reel_symbol_concentration,"(9.157163742690054,)",9.157163742690054,9.157163742690054,0,48,0.027777777777777776,3,0.4305555555555556,0,0.01736111111111105,0.9326388888888889,0.5902777777777778
509,GA weighted game design,weighted,weighted constraint violations>rtp_error>reel_symbol_concentration,"(9.157163742690054,)",9.157163742690054,9.157163742690054,0,48,0.027777777777777776,3,0.4305555555555556,0,0.01736111111111105,0.9326388888888889,0.5902777777777778
510,GA weighted game design,weighted,weighted constraint violations>rtp_error>reel_symbol_concentration,"(9.157163742690054,)",9.157163742690054,9.157163742690054,0,48,0.027777777777777776,3,0.4305555555555556,0,0.01736111111111105,0.9326388888888889,0.5902777777777778
511,GA weighted game design,weighted,weighted constraint violations>rtp_error>reel_symbol_concentration,"(9.157163742690054,)",9.157163742690054,9.157163742690054,0,48,0.027777777777777776,3,0.4305555555555556,0,0.01736111111111105,0.9326388888888889,0.5902777777777778
512,GA weighted game design,weighted,weighted constraint violations>rtp_error>reel_symbol_concentration,"(9.157163742690054,)",9.157163742690054,9.157163742690054,0,48,0.027777777777777776,3,0.4305555555555556,0,0.01736111111111105,0.9326388888888889,0.5902777777777778
513,GA weighted game design,weighted,weighted constraint violations>rtp_error>reel_symbol_concentration,"(9.157163742690054,)",9.157163742690054,9.157163742690054,0,48,0.027777777777777776,3,0.4305555555555556,0,0.01736111111111105,0.9326388888888889,0.5902777777777778
514,GA weighted game design,weighted,weighted constraint violations>rtp_error>reel_symbol_concentration,"(9.157163742690054,)",9.157163742690054,9.157163742690054,0,48,0.027777777777777776,3,0.4305555555555556,0,0.01736111111111105,0.9326388888888889,0.5902777777777778
515,GA weighted game design,weighted,weighted constraint violations>rtp_error>reel_symbol_concentration,"(9.157163742690054,)",9.157163742690054,9.157163742690054,0,48,0.027777777777777776,3,0.4305555555555556,0,0.01736111111111105,0.9326388888888889,0.5902777777777778
516,GA weighted game design,weighted,weighted constraint violations>rtp_error>reel_symbol_concentration,"(9.157163742690054,)",9.157163742690054,9.157163742690054,0,48,0.027777777777777776,3,0.4305555555555556,0,0.01736111111111105,0.9326388888888889,0.5902777777777778
517,GA weighted game design,weighted,weighted constraint violations>rtp_error>reel_symbol_concentration,"(9.157163742690054,)",9.157163742690054,9.157163742690054,0,48,0.027777777777777776,3,0.4305555555555556,0,0.01736111111111105,0.9326388888888889,0.5902777777777778
518,GA weighted game design,weighted,weighted constraint violations>rtp_error>reel_symbol_concentration,"(9.157163742690054,)",9.157163742690054,9.157163742690054,0,48,0.027777777777777776,3,0.4305555555555556,0,0.01736111111111105,0.9326388888888889,0.5902777777777778
519,GA weighted game design,weighted,weighted constraint violations>rtp_error>reel_symbol_concentration,"(9.157163742690054,)",9.157163742690054,9.157163742690054,0,48,0.027777777777777776,3,0.4305555555555556,0,0.01736111111111105,0.9326388888888889,0.5902777777777778
520,GA weighted game design,weighted,weighted constraint violations>rtp_error>reel_symbol_concentration,"(9.157163742690054,)",9.157163742690054,9.157163742690054,0,48,0.027777777777777776,3,0.4305555555555556,0,0.01736111111111105,0.9326388888888889,0.5902777777777778
521,GA weighted game design,weighted,weighted constraint violations>rtp_error>reel_symbol_concentration,"(9.157163742690054,)",9.157163742690054,9.157163742690054,0,48,0.027777777777777776,3,0.4305555555555556,0,0.01736111111111105,0.9326388888888889,0.5902777777777778
522,GA weighted game design,weighted,weighted constraint violations>rtp_error>reel_symbol_concentration,"(9.157163742690054,)",9.157163742690054,9.157163742690054,0,48,0.027777777777777776,3,0.4305555555555556,0,0.01736111111111105,0.9326388888888889,0.5902777777777778
523,GA weighted game design,weighted,weighted constraint violations>rtp_error>reel_symbol_concentration,"(9.157163742690054,)",9.157163742690054,9.157163742690054,0,48,0.027777777777777776,3,0.4305555555555556,0,0.01736111111111105,0.9326388888888889,0.5902777777777778
524,GA weighted game design,weighted,weighted constraint violations>rtp_error>reel_symbol_concentration,"(9.157163742690054,)",9.157163742690054,9.157163742690054,0,48,0.027777777777777776,3,0.4305555555555556,0,0.01736111111111105,0.9326388888888889,0.5902777777777778
525,GA weighted game design,weighted,weighted constraint violations>rtp_error>reel_symbol_concentration,"(9.157163742690054,)",9.157163742690054,9.157163742690054,0,48,0.027777777777777776,3,0.4305555555555556,0,0.01736111111111105,0.9326388888888889,0.5902777777777778
526,GA weighted game design,weighted,weighted constraint violations>rtp_error>reel_symbol_concentration,"(9.157163742690054,)",9.157163742690054,9.157163742690054,0,48,0.027777777777777776,3,0.4305555555555556,0,0.01736111111111105,0.9326388888888889,0.5902777777777778
527,GA weighted game design,weighted,weighted constraint violations>rtp_error>reel_symbol_concentration,"(9.157163742690054,)",9.157163742690054,9.157163742690054,0,48,0.027777777777777776,3,0.4305555555555556,0,0.01736111111111105,0.9326388888888889,0.5902777777777778
528,GA weighted game design,weighted,weighted constraint violations>rtp_error>reel_symbol_concentration,"(9.157163742690054,)",9.157163742690054,9.157163742690054,0,48,0.027777777777777776,3,0.4305555555555556,0,0.01736111111111105,0.9326388888888889,0.5902777777777778
529,GA weighted game design,weighted,weighted constraint violations>rtp_error>reel_symbol_concentration,"(9.157163742690054,)",9.157163742690054,9.157163742690054,0,48,0.027777777777777776,3,0.4305555555555556,0,0.01736111111111105,0.9326388888888889,0.5902777777777778
530,GA weighted game design,weighted,weighted constraint violations>rtp_error>reel_symbol_concentration,"(9.157163742690054,)",9.157163742690054,9.157163742690054,0,48,0.027777777777777776,3,0.4305555555555556,0,0.01736111111111105,0.9326388888888889,0.5902777777777778
531,GA weighted game design,weighted,weighted constraint violations>rtp_error>reel_symbol_concentration,"(9.157163742690054,)",9.157163742690054,9.157163742690054,0,48,0.027777777777777776,3,0.4305555555555556,0,0.01736111111111105,0.9326388888888889,0.5902777777777778
532,GA weighted game design,weighted,weighted constraint violations>rtp_error>reel_symbol_concentration,"(9.157163742690054,)",9.157163742690054,9.157163742690054,0,48,0.027777777777777776,3,0.4305555555555556,0,0.01736111111111105,0.9326388888888889,0.5902777777777778
533,GA weighted game design,weighted,weighted constraint violations>rtp_error>reel_symbol_concentration,"(9.157163742690054,)",9.157163742690054,9.157163742690054,0,48,0.027777777777777776,3,0.4305555555555556,0,0.01736111111111105,0.9326388888888889,0.5902777777777778
534,GA weighted game design,weighted,weighted constraint violations>rtp_error>reel_symbol_concentration,"(9.157163742690054,)",9.157163742690054,9.157163742690054,0,48,0.027777777777777776,3,0.4305555555555556,0,0.01736111111111105,0.9326388888888889,0.5902777777777778
535,GA weighted game design,weighted,weighted constraint violations>rtp_error>reel_symbol_concentration,"(9.157163742690054,)",9.157163742690054,9.157163742690054,0,48,0.027777777777777776,3,0.4305555555555556,0,0.01736111111111105,0.9326388888888889,0.5902777777777778
536,GA weighted game design,weighted,weighted constraint violations>rtp_error>reel_symbol_concentration,"(9.157163742690054,)",9.157163742690054,9.157163742690054,0,48,0.027777777777777776,3,0.4305555555555556,0,0.01736111111111105,0.9326388888888889,0.5902777777777778
537,GA weighted game design,weighted,weighted constraint violations>rtp_error>reel_symbol_concentration,"(9.157163742690054,)",9.157163742690054,9.157163742690054,0,48,0.027777777777777776,3,0.4305555555555556,0,0.01736111111111105,0.9326388888888889,0.5902777777777778
538,GA weighted game design,weighted,weighted constraint violations>rtp_error>reel_symbol_concentration,"(9.157163742690054,)",9.157163742690054,9.157163742690054,0,48,0.027777777777777776,3,0.4305555555555556,0,0.01736111111111105,0.9326388888888889,0.5902777777777778
539,GA weighted game design,weighted,weighted constraint violations>rtp_error>reel_symbol_concentration,"(9.157163742690054,)",9.157163742690054,9.157163742690054,0,48,0.027777777777777776,3,0.4305555555555556,0,0.01736111111111105,0.9326388888888889,0.5902777777777778
540,GA weighted game design,weighted,weighted constraint violations>rtp_error>reel_symbol_concentration,"(9.157163742690054,)",9.157163742690054,9.157163742690054,0,48,0.027777777777777776,3,0.4305555555555556,0,0.01736111111111105,0.9326388888888889,0.5902777777777778
541,GA weighted game design,weighted,weighted constraint violations>rtp_error>reel_symbol_concentration,"(9.157163742690054,)",9.157163742690054,9.157163742690054,0,48,0.027777777777777776,3,0.4305555555555556,0,0.01736111111111105,0.9326388888888889,0.5902777777777778
542,GA weighted game design,weighted,weighted constraint violations>rtp_error>reel_symbol_concentration,"(9.157163742690054,)",9.157163742690054,9.157163742690054,0,48,0.027777777777777776,3,0.4305555555555556,0,0.01736111111111105,0.9326388888888889,0.5902777777777778
543,GA weighted game design,weighted,weighted constraint violations>rtp_error>reel_symbol_concentration,"(9.157163742690054,)",9.157163742690054,9.157163742690054,0,48,0.027777777777777776,3,0.4305555555555556,0,0.01736111111111105,0.9326388888888889,0.5902777777777778
544,GA weighted game design,weighted,weighted constraint violations>rtp_error>reel_symbol_concentration,"(9.157163742690054,)",9.157163742690054,9.157163742690054,0,48,0.027777777777777776,3,0.4305555555555556,0,0.01736111111111105,0.9326388888888889,0.5902777777777778
545,GA weighted game design,weighted,weighted constraint violations>rtp_error>reel_symbol_concentration,"(9.157163742690054,)",9.157163742690054,9.157163742690054,0,48,0.027777777777777776,3,0.4305555555555556,0,0.01736111111111105,0.9326388888888889,0.5902777777777778
546,GA weighted game design,weighted,weighted constraint violations>rtp_error>reel_symbol_concentration,"(9.157163742690054,)",9.157163742690054,9.157163742690054,0,48,0.027777777777777776,3,0.4305555555555556,0,0.01736111111111105,0.9326388888888889,0.5902777777777778
547,GA weighted game design,weighted,weighted constraint violations>rtp_error>reel_symbol_concentration,"(9.157163742690054,)",9.157163742690054,9.157163742690054,0,48,0.027777777777777776,3,0.4305555555555556,0,0.01736111111111105,0.9326388888888889,0.5902777777777778
548,GA weighted game design,weighted,weighted constraint violations>rtp_error>reel_symbol_concentration,"(9.157163742690054,)",9.157163742690054,9.157163742690054,0,48,0.027777777777777776,3,0.4305555555555556,0,0.01736111111111105,0.9326388888888889,0.5902777777777778
549,GA weighted game design,weighted,weighted constraint violations>rtp_error>reel_symbol_concentration,"(9.157163742690054,)",9.157163742690054,9.157163742690054,0,48,0.027777777777777776,3,0.4305555555555556,0,0.01736111111111105,0.9326388888888889,0.5902777777777778
550,GA weighted game design,weighted,weighted constraint violations>rtp_error>reel_symbol_concentration,"(9.157163742690054,)",9.157163742690054,9.157163742690054,0,48,0.027777777777777776,3,0.4305555555555556,0,0.01736111111111105,0.9326388888888889,0.5902777777777778
551,GA weighted game design,weighted,weighted constraint violations>rtp_error>reel_symbol_concentration,"(9.157163742690054,)",9.157163742690054,9.157163742690054,0,48,0.027777777777777776,3,0.4305555555555556,0,0.01736111111111105,0.9326388888888889,0.5902777777777778
552,GA weighted game design,weighted,weighted constraint violations>rtp_error>reel_symbol_concentration,"(9.157163742690054,)",9.157163742690054,9.157163742690054,0,48,0.027777777777777776,3,0.4305555555555556,0,0.01736111111111105,0.9326388888888889,0.5902777777777778
553,GA weighted game design,weighted,weighted constraint violations>rtp_error>reel_symbol_concentration,"(9.157163742690054,)",9.157163742690054,9.157163742690054,0,48,0.027777777777777776,3,0.4305555555555556,0,0.01736111111111105,0.9326388888888889,0.5902777777777778
554,GA weighted game design,weighted,weighted constraint violations>rtp_error>reel_symbol_concentration,"(9.157163742690054,)",9.157163742690054,9.157163742690054,0,48,0.027777777777777776,3,0.4305555555555556,0,0.01736111111111105,0.9326388888888889,0.5902777777777778
555,GA weighted game design,weighted,weighted constraint violations>rtp_error>reel_symbol_concentration,"(9.157163742690054,)",9.157163742690054,9.157163742690054,0,48,0.027777777777777776,3,0.4305555555555556,0,0.01736111111111105,0.9326388888888889,0.5902777777777778
556,GA weighted game design,weighted,weighted constraint violations>rtp_error>reel_symbol_concentration,"(9.157163742690054,)",9.157163742690054,9.157163742690054,0,48,0.027777777777777776,3,0.4305555555555556,0,0.01736111111111105,0.9326388888888889,0.5902777777777778
557,GA weighted game design,weighted,weighted constraint violations>rtp_error>reel_symbol_concentration,"(9.157163742690054,)",9.157163742690054,9.157163742690054,0,48,0.027777777777777776,3,0.4305555555555556,0,0.01736111111111105,0.9326388888888889,0.5902777777777778
558,GA weighted game design,weighted,weighted constraint violations>rtp_error>reel_symbol_concentration,"(9.157163742690054,)",9.157163742690054,9.157163742690054,0,48,0.027777777777777776,3,0.4305555555555556,0,0.01736111111111105,0.9326388888888889,0.5902777777777778
559,GA weighted game design,weighted,weighted constraint violations>rtp_error>reel_symbol_concentration,"(9.157163742690054,)",9.157163742690054,9.157163742690054,0,48,0.027777777777777776,3,0.4305555555555556,0,0.01736111111111105,0.9326388888888889,0.5902777777777778
560,GA weighted game design,weighted,weighted constraint violations>rtp_error>reel_symbol_concentration,"(9.157163742690054,)",9.157163742690054,9.157163742690054,0,48,0.027777777777777776,3,0.4305555555555556,0,0.01736111111111105,0.9326388888888889,0.5902777777777778
561,GA weighted game design,weighted,weighted constraint violations>rtp_error>reel_symbol_concentration,"(9.157163742690054,)",9.157163742690054,9.157163742690054,0,48,0.027777777777777776,3,0.4305555555555556,0,0.01736111111111105,0.9326388888888889,0.5902777777777778
562,GA weighted game design,weighted,weighted constraint violations>rtp_error>reel_symbol_concentration,"(9.157163742690054,)",9.157163742690054,9.157163742690054,0,48,0.027777777777777776,3,0.4305555555555556,0,0.01736111111111105,0.9326388888888889,0.5902777777777778
563,GA weighted game design,weighted,weighted constraint violations>rtp_error>reel_symbol_concentration,"(9.157163742690054,)",9.157163742690054,9.157163742690054,0,48,0.027777777777777776,3,0.4305555555555556,0,0.01736111111111105,0.9326388888888889,0.5902777777777778
564,GA weighted game design,weighted,weighted constraint violations>rtp_error>reel_symbol_concentration,"(9.157163742690054,)",9.157163742690054,9.157163742690054,0,48,0.027777777777777776,3,0.4305555555555556,0,0.01736111111111105,0.9326388888888889,0.5902777777777778
565,GA weighted game design,weighted,weighted constraint violations>rtp_error>reel_symbol_concentration,"(9.157163742690054,)",9.157163742690054,9.157163742690054,0,48,0.027777777777777776,3,0.4305555555555556,0,0.01736111111111105,0.9326388888888889,0.5902777777777778
566,GA weighted game design,weighted,weighted constraint violations>rtp_error>reel_symbol_concentration,"(9.157163742690054,)",9.157163742690054,9.157163742690054,0,48,0.027777777777777776,3,0.4305555555555556,0,0.01736111111111105,0.9326388888888889,0.5902777777777778
567,GA weighted game design,weighted,weighted constraint violations>rtp_error>reel_symbol_concentration,"(9.157163742690054,)",9.157163742690054,9.157163742690054,0,48,0.027777777777777776,3,0.4305555555555556,0,0.01736111111111105,0.9326388888888889,0.5902777777777778
568,GA weighted game design,weighted,weighted constraint violations>rtp_error>reel_symbol_concentration,"(9.157163742690054,)",9.157163742690054,9.157163742690054,0,48,0.027777777777777776,3,0.4305555555555556,0,0.01736111111111105,0.9326388888888889,0.5902777777777778
569,GA weighted game design,weighted,weighted constraint violations>rtp_error>reel_symbol_concentration,"(9.157163742690054,)",9.157163742690054,9.157163742690054,0,48,0.027777777777777776,3,0.4305555555555556,0,0.01736111111111105,0.9326388888888889,0.5902777777777778
570,GA weighted game design,weighted,weighted constraint violations>rtp_error>reel_symbol_concentration,"(9.157163742690054,)",9.157163742690054,9.157163742690054,0,48,0.027777777777777776,3,0.4305555555555556,0,0.01736111111111105,0.9326388888888889,0.5902777777777778
571,GA weighted game design,weighted,weighted constraint violations>rtp_error>reel_symbol_concentration,"(9.157163742690054,)",9.157163742690054,9.157163742690054,0,48,0.027777777777777776,3,0.4305555555555556,0,0.01736111111111105,0.9326388888888889,0.5902777777777778
572,GA weighted game design,weighted,weighted constraint violations>rtp_error>reel_symbol_concentration,"(9.157163742690054,)",9.157163742690054,9.157163742690054,0,48,0.027777777777777776,3,0.4305555555555556,0,0.01736111111111105,0.9326388888888889,0.5902777777777778
573,GA weighted game design,weighted,weighted constraint violations>rtp_error>reel_symbol_concentration,"(9.157163742690054,)",9.157163742690054,9.157163742690054,0,48,0.027777777777777776,3,0.4305555555555556,0,0.01736111111111105,0.9326388888888889,0.5902777777777778
574,GA weighted game design,weighted,weighted constraint violations>rtp_error>reel_symbol_concentration,"(9.157163742690054,)",9.157163742690054,9.157163742690054,0,48,0.027777777777777776,3,0.4305555555555556,0,0.01736111111111105,0.9326388888888889,0.5902777777777778
575,GA weighted game design,weighted,weighted constraint violations>rtp_error>reel_symbol_concentration,"(9.157163742690054,)",9.157163742690054,9.157163742690054,0,48,0.027777777777777776,3,0.4305555555555556,0,0.01736111111111105,0.9326388888888889,0.5902777777777778
576,GA weighted game design,weighted,weighted constraint violations>rtp_error>reel_symbol_concentration,"(9.157163742690054,)",9.157163742690054,9.157163742690054,0,48,0.027777777777777776,3,0.4305555555555556,0,0.01736111111111105,0.9326388888888889,0.5902777777777778
577,GA weighted game design,weighted,weighted constraint violations>rtp_error>reel_symbol_concentration,"(9.157163742690054,)",9.157163742690054,9.157163742690054,0,48,0.027777777777777776,3,0.4305555555555556,0,0.01736111111111105,0.9326388888888889,0.5902777777777778
578,GA weighted game design,weighted,weighted constraint violations>rtp_error>reel_symbol_concentration,"(9.157163742690054,)",9.157163742690054,9.157163742690054,0,48,0.027777777777777776,3,0.4305555555555556,0,0.01736111111111105,0.9326388888888889,0.5902777777777778
579,GA weighted game design,weighted,weighted constraint violations>rtp_error>reel_symbol_concentration,"(9.157163742690054,)",9.157163742690054,9.157163742690054,0,48,0.027777777777777776,3,0.4305555555555556,0,0.01736111111111105,0.9326388888888889,0.5902777777777778
580,GA weighted game design,weighted,weighted constraint violations>rtp_error>reel_symbol_concentration,"(9.157163742690054,)",9.157163742690054,9.157163742690054,0,48,0.027777777777777776,3,0.4305555555555556,0,0.01736111111111105,0.9326388888888889,0.5902777777777778
581,GA weighted game design,weighted,weighted constraint violations>rtp_error>reel_symbol_concentration,"(9.157163742690054,)",9.157163742690054,9.157163742690054,0,48,0.027777777777777776,3,0.4305555555555556,0,0.01736111111111105,0.9326388888888889,0.5902777777777778
582,GA weighted game design,weighted,weighted constraint violations>rtp_error>reel_symbol_concentration,"(9.157163742690054,)",9.157163742690054,9.157163742690054,0,48,0.027777777777777776,3,0.4305555555555556,0,0.01736111111111105,0.9326388888888889,0.5902777777777778
583,GA weighted game design,weighted,weighted constraint violations>rtp_error>reel_symbol_concentration,"(9.157163742690054,)",9.157163742690054,9.157163742690054,0,48,0.027777777777777776,3,0.4305555555555556,0,0.01736111111111105,0.9326388888888889,0.5902777777777778
584,GA weighted game design,weighted,weighted constraint violations>rtp_error>reel_symbol_concentration,"(9.157163742690054,)",9.157163742690054,9.157163742690054,0,48,0.027777777777777776,3,0.4305555555555556,0,0.01736111111111105,0.9326388888888889,0.5902777777777778
585,GA weighted game design,weighted,weighted constraint violations>rtp_error>reel_symbol_concentration,"(9.157163742690054,)",9.157163742690054,9.157163742690054,0,48,0.027777777777777776,3,0.4305555555555556,0,0.01736111111111105,0.9326388888888889,0.5902777777777778
586,GA weighted game design,weighted,weighted constraint violations>rtp_error>reel_symbol_concentration,"(9.157163742690054,)",9.157163742690054,9.157163742690054,0,48,0.027777777777777776,3,0.4305555555555556,0,0.01736111111111105,0.9326388888888889,0.5902777777777778
587,GA weighted game design,weighted,weighted constraint violations>rtp_error>reel_symbol_concentration,"(9.157163742690054,)",9.157163742690054,9.157163742690054,0,48,0.027777777777777776,3,0.4305555555555556,0,0.01736111111111105,0.9326388888888889,0.5902777777777778
588,GA weighted game design,weighted,weighted constraint violations>rtp_error>reel_symbol_concentration,"(9.157163742690054,)",9.157163742690054,9.157163742690054,0,48,0.027777777777777776,3,0.4305555555555556,0,0.01736111111111105,0.9326388888888889,0.5902777777777778
589,GA weighted game design,weighted,weighted constraint violations>rtp_error>reel_symbol_concentration,"(9.157163742690054,)",9.157163742690054,9.157163742690054,0,48,0.027777777777777776,3,0.4305555555555556,0,0.01736111111111105,0.9326388888888889,0.5902777777777778
590,GA weighted game design,weighted,weighted constraint violations>rtp_error>reel_symbol_concentration,"(9.157163742690054,)",9.157163742690054,9.157163742690054,0,48,0.027777777777777776,3,0.4305555555555556,0,0.01736111111111105,0.9326388888888889,0.5902777777777778
591,GA weighted game design,weighted,weighted constraint violations>rtp_error>reel_symbol_concentration,"(9.157163742690054,)",9.157163742690054,9.157163742690054,0,48,0.027777777777777776,3,0.4305555555555556,0,0.01736111111111105,0.9326388888888889,0.5902777777777778
592,GA weighted game design,weighted,weighted constraint violations>rtp_error>reel_symbol_concentration,"(9.157163742690054,)",9.157163742690054,9.157163742690054,0,48,0.027777777777777776,3,0.4305555555555556,0,0.01736111111111105,0.9326388888888889,0.5902777777777778
593,GA weighted game design,weighted,weighted constraint violations>rtp_error>reel_symbol_concentration,"(9.157163742690054,)",9.157163742690054,9.157163742690054,0,48,0.027777777777777776,3,0.4305555555555556,0,0.01736111111111105,0.9326388888888889,0.5902777777777778
594,GA weighted game design,weighted,weighted constraint violations>rtp_error>reel_symbol_concentration,"(9.157163742690054,)",9.157163742690054,9.157163742690054,0,48,0.027777777777777776,3,0.4305555555555556,0,0.01736111111111105,0.9326388888888889,0.5902777777777778
595,GA weighted game design,weighted,weighted constraint violations>rtp_error>reel_symbol_concentration,"(8.245614035087723,)",8.245614035087723,8.245614035087723,0,75,0.043402777777777776,3,0.425925925925926,0,0.006857638888888906,0.9568576388888889,0.5515046296296297
596,GA weighted game design,weighted,weighted constraint violations>rtp_error>reel_symbol_concentration,"(8.245614035087723,)",8.245614035087723,8.245614035087723,0,75,0.043402777777777776,3,0.425925925925926,0,0.006857638888888906,0.9568576388888889,0.5515046296296297
597,GA weighted game design,weighted,weighted constraint violations>rtp_error>reel_symbol_concentration,"(8.245614035087723,)",8.245614035087723,8.245614035087723,0,75,0.043402777777777776,3,0.425925925925926,0,0.006857638888888906,0.9568576388888889,0.5515046296296297
598,GA weighted game design,weighted,weighted constraint violations>rtp_error>reel_symbol_concentration,"(8.245614035087723,)",8.245614035087723,8.245614035087723,0,75,0.043402777777777776,3,0.425925925925926,0,0.006857638888888906,0.9568576388888889,0.5515046296296297
599,GA weighted game design,weighted,weighted constraint violations>rtp_error>reel_symbol_concentration,"(8.245614035087723,)",8.245614035087723,8.245614035087723,0,75,0.043402777777777776,3,0.425925925925926,0,0.006857638888888906,0.9568576388888889,0.5515046296296297
600,GA weighted game design,weighted,weighted constraint violations>rtp_error>reel_symbol_concentration,"(8.245614035087723,)",8.245614035087723,8.245614035087723,0,75,0.043402777777777776,3,0.425925925925926,0,0.006857638888888906,0.9568576388888889,0.5515046296296297
601,GA weighted game design,weighted,weighted constraint violations>rtp_error>reel_symbol_concentration,"(8.245614035087723,)",8.245614035087723,8.245614035087723,0,75,0.043402777777777776,3,0.425925925925926,0,0.006857638888888906,0.9568576388888889,0.5515046296296297
602,GA weighted game design,weighted,weighted constraint violations>rtp_error>reel_symbol_concentration,"(8.245614035087723,)",8.245614035087723,8.245614035087723,0,75,0.043402777777777776,3,0.425925925925926,0,0.006857638888888906,0.9568576388888889,0.5515046296296297
603,GA weighted game design,weighted,weighted constraint violations>rtp_error>reel_symbol_concentration,"(8.245614035087723,)",8.245614035087723,8.245614035087723,0,75,0.043402777777777776,3,0.425925925925926,0,0.006857638888888906,0.9568576388888889,0.5515046296296297
604,GA weighted game design,weighted,weighted constraint violations>rtp_error>reel_symbol_concentration,"(8.245614035087723,)",8.245614035087723,8.245614035087723,0,75,0.043402777777777776,3,0.425925925925926,0,0.006857638888888906,0.9568576388888889,0.5515046296296297
605,GA weighted game design,weighted,weighted constraint violations>rtp_error>reel_symbol_concentration,"(8.245614035087723,)",8.245614035087723,8.245614035087723,0,75,0.043402777777777776,3,0.425925925925926,0,0.006857638888888906,0.9568576388888889,0.5515046296296297
606,GA weighted game design,weighted,weighted constraint violations>rtp_error>reel_symbol_concentration,"(8.245614035087723,)",8.245614035087723,8.245614035087723,0,75,0.043402777777777776,3,0.425925925925926,0,0.006857638888888906,0.9568576388888889,0.5515046296296297
607,GA weighted game design,weighted,weighted constraint violations>rtp_error>reel_symbol_concentration,"(8.245614035087723,)",8.245614035087723,8.245614035087723,0,75,0.043402777777777776,3,0.425925925925926,0,0.006857638888888906,0.9568576388888889,0.5515046296296297
608,GA weighted game design,weighted,weighted constraint violations>rtp_error>reel_symbol_concentration,"(8.245614035087723,)",8.245614035087723,8.245614035087723,0,75,0.043402777777777776,3,0.425925925925926,0,0.006857638888888906,0.9568576388888889,0.5515046296296297
609,GA weighted game design,weighted,weighted constraint violations>rtp_error>reel_symbol_concentration,"(8.245614035087723,)",8.245614035087723,8.245614035087723,0,75,0.043402777777777776,3,0.425925925925926,0,0.006857638888888906,0.9568576388888889,0.5515046296296297
610,GA weighted game design,weighted,weighted constraint violations>rtp_error>reel_symbol_concentration,"(7.543859649122808,)",7.543859649122808,7.543859649122808,0,60,0.034722222222222224,3,0.40740740740740744,0,0.0017361111111111605,0.9517361111111111,0.5625
611,GA weighted game design,weighted,weighted constraint violations>rtp_error>reel_symbol_concentration,"(7.543859649122808,)",7.543859649122808,7.543859649122808,0,60,0.034722222222222224,3,0.40740740740740744,0,0.0017361111111111605,0.9517361111111111,0.5625
612,GA weighted game design,weighted,weighted constraint violations>rtp_error>reel_symbol_concentration,"(7.543859649122808,)",7.543859649122808,7.543859649122808,0,60,0.034722222222222224,3,0.40740740740740744,0,0.0017361111111111605,0.9517361111111111,0.5625
613,GA weighted game design,weighted,weighted constraint violations>rtp_error>reel_symbol_concentration,"(7.543859649122808,)",7.543859649122808,7.543859649122808,0,60,0.034722222222222224,3,0.40740740740740744,0,0.0017361111111111605,0.9517361111111111,0.5625
614,GA weighted game design,weighted,weighted constraint violations>rtp_error>reel_symbol_concentration,"(7.543859649122808,)",7.543859649122808,7.543859649122808,0,60,0.034722222222222224,3,0.40740740740740744,0,0.0017361111111111605,0.9517361111111111,0.5625
615,GA weighted game design,weighted,weighted constraint violations>rtp_error>reel_symbol_concentration,"(7.543859649122808,)",7.543859649122808,7.543859649122808,0,60,0.034722222222222224,3,0.40740740740740744,0,0.0017361111111111605,0.9517361111111111,0.5625
616,GA weighted game design,weighted,weighted constraint violations>rtp_error>reel_symbol_concentration,"(7.543859649122808,)",7.543859649122808,7.543859649122808,0,60,0.034722222222222224,3,0.40740740740740744,0,0.0017361111111111605,0.9517361111111111,0.5625
617,GA weighted game design,weighted,weighted constraint violations>rtp_error>reel_symbol_concentration,"(7.543859649122808,)",7.543859649122808,7.543859649122808,0,60,0.034722222222222224,3,0.40740740740740744,0,0.0017361111111111605,0.9517361111111111,0.5625
618,GA weighted game design,weighted,weighted constraint violations>rtp_error>reel_symbol_concentration,"(7.543859649122808,)",7.543859649122808,7.543859649122808,0,60,0.034722222222222224,3,0.40740740740740744,0,0.0017361111111111605,0.9517361111111111,0.5625
619,GA weighted game design,weighted,weighted constraint violations>rtp_error>reel_symbol_concentration,"(7.543859649122808,)",7.543859649122808,7.543859649122808,0,60,0.034722222222222224,3,0.40740740740740744,0,0.0017361111111111605,0.9517361111111111,0.5625
620,GA weighted game design,weighted,weighted constraint violations>rtp_error>reel_symbol_concentration,"(7.543859649122808,)",7.543859649122808,7.543859649122808,0,60,0.034722222222222224,3,0.40740740740740744,0,0.0017361111111111605,0.9517361111111111,0.5625
621,GA weighted game design,weighted,weighted constraint violations>rtp_error>reel_symbol_concentration,"(7.543859649122808,)",7.543859649122808,7.543859649122808,0,60,0.034722222222222224,3,0.40740740740740744,0,0.0017361111111111605,0.9517361111111111,0.5625
622,GA weighted game design,weighted,weighted constraint violations>rtp_error>reel_symbol_concentration,"(7.543859649122808,)",7.543859649122808,7.543859649122808,0,60,0.034722222222222224,3,0.40740740740740744,0,0.0017361111111111605,0.9517361111111111,0.5625
623,GA weighted game design,weighted,weighted constraint violations>rtp_error>reel_symbol_concentration,"(7.543859649122808,)",7.543859649122808,7.543859649122808,0,60,0.034722222222222224,3,0.40740740740740744,0,0.0017361111111111605,0.9517361111111111,0.5625
624,GA weighted game design,weighted,weighted constraint violations>rtp_error>reel_symbol_concentration,"(7.543859649122808,)",7.543859649122808,7.543859649122808,0,60,0.034722222222222224,3,0.40740740740740744,0,0.0017361111111111605,0.9517361111111111,0.5625
625,GA weighted game design,weighted,weighted constraint violations>rtp_error>reel_symbol_concentration,"(7.543859649122808,)",7.543859649122808,7.543859649122808,0,60,0.034722222222222224,3,0.40740740740740744,0,0.0017361111111111605,0.9517361111111111,0.5625
626,GA weighted game design,weighted,weighted constraint violations>rtp_error>reel_symbol_concentration,"(7.543859649122808,)",7.543859649122808,7.543859649122808,0,60,0.034722222222222224,3,0.40740740740740744,0,0.0017361111111111605,0.9517361111111111,0.5625
627,GA weighted game design,weighted,weighted constraint violations>rtp_error>reel_symbol_concentration,"(7.543859649122808,)",7.543859649122808,7.543859649122808,0,60,0.034722222222222224,3,0.40740740740740744,0,0.0017361111111111605,0.9517361111111111,0.5625
628,GA weighted game design,weighted,weighted constraint violations>rtp_error>reel_symbol_concentration,"(7.543859649122808,)",7.543859649122808,7.543859649122808,0,60,0.034722222222222224,3,0.40740740740740744,0,0.0017361111111111605,0.9517361111111111,0.5625
629,GA weighted game design,weighted,weighted constraint violations>rtp_error>reel_symbol_concentration,"(7.543859649122808,)",7.543859649122808,7.543859649122808,0,60,0.034722222222222224,3,0.40740740740740744,0,0.0017361111111111605,0.9517361111111111,0.5625
630,GA weighted game design,weighted,weighted constraint violations>rtp_error>reel_symbol_concentration,"(7.368421052631582,)",7.368421052631582,7.368421052631582,0,60,0.034722222222222224,3,0.40277777777777785,0,0.0017361111111111605,0.9517361111111111,0.5625
631,GA weighted game design,weighted,weighted constraint violations>rtp_error>reel_symbol_concentration,"(7.368421052631582,)",7.368421052631582,7.368421052631582,0,60,0.034722222222222224,3,0.40277777777777785,0,0.0017361111111111605,0.9517361111111111,0.5625
632,GA weighted game design,weighted,weighted constraint violations>rtp_error>reel_symbol_concentration,"(7.368421052631582,)",7.368421052631582,7.368421052631582,0,60,0.034722222222222224,3,0.40277777777777785,0,0.0017361111111111605,0.9517361111111111,0.5625
633,GA weighted game design,weighted,weighted constraint violations>rtp_error>reel_symbol_concentration,"(7.368421052631582,)",7.368421052631582,7.368421052631582,0,60,0.034722222222222224,3,0.40277777777777785,0,0.0017361111111111605,0.9517361111111111,0.5625
634,GA weighted game design,weighted,weighted constraint violations>rtp_error>reel_symbol_concentration,"(7.368421052631582,)",7.368421052631582,7.368421052631582,0,60,0.034722222222222224,3,0.40277777777777785,0,0.0017361111111111605,0.9517361111111111,0.5625
635,GA weighted game design,weighted,weighted constraint violations>rtp_error>reel_symbol_concentration,"(7.368421052631582,)",7.368421052631582,7.368421052631582,0,60,0.034722222222222224,3,0.40277777777777785,0,0.0017361111111111605,0.9517361111111111,0.5625
636,GA weighted game design,weighted,weighted constraint violations>rtp_error>reel_symbol_concentration,"(7.368421052631582,)",7.368421052631582,7.368421052631582,0,60,0.034722222222222224,3,0.40277777777777785,0,0.0017361111111111605,0.9517361111111111,0.5625
637,GA weighted game design,weighted,weighted constraint violations>rtp_error>reel_symbol_concentration,"(7.368421052631582,)",7.368421052631582,7.368421052631582,0,60,0.034722222222222224,3,0.40277777777777785,0,0.0017361111111111605,0.9517361111111111,0.5625
638,GA weighted game design,weighted,weighted constraint violations>rtp_error>reel_symbol_concentration,"(7.368421052631582,)",7.368421052631582,7.368421052631582,0,60,0.034722222222222224,3,0.40277777777777785,0,0.0017361111111111605,0.9517361111111111,0.5625
639,GA weighted game design,weighted,weighted constraint violations>rtp_error>reel_symbol_concentration,"(7.368421052631582,)",7.368421052631582,7.368421052631582,0,60,0.034722222222222224,3,0.40277777777777785,0,0.0017361111111111605,0.9517361111111111,0.5625
640,GA weighted game design,weighted,weighted constraint violations>rtp_error>reel_symbol_concentration,"(7.368421052631582,)",7.368421052631582,7.368421052631582,0,60,0.034722222222222224,3,0.40277777777777785,0,0.0017361111111111605,0.9517361111111111,0.5625
641,GA weighted game design,weighted,weighted constraint violations>rtp_error>reel_symbol_concentration,"(7.368421052631582,)",7.368421052631582,7.368421052631582,0,60,0.034722222222222224,3,0.40277777777777785,0,0.0017361111111111605,0.9517361111111111,0.5625
642,GA weighted game design,weighted,weighted constraint violations>rtp_error>reel_symbol_concentration,"(7.368421052631582,)",7.368421052631582,7.368421052631582,0,60,0.034722222222222224,3,0.40277777777777785,0,0.0017361111111111605,0.9517361111111111,0.5625
643,GA weighted game design,weighted,weighted constraint violations>rtp_error>reel_symbol_concentration,"(7.368421052631582,)",7.368421052631582,7.368421052631582,0,60,0.034722222222222224,3,0.40277777777777785,0,0.0017361111111111605,0.9517361111111111,0.5625
644,GA weighted game design,weighted,weighted constraint violations>rtp_error>reel_symbol_concentration,"(7.368421052631582,)",7.368421052631582,7.368421052631582,0,60,0.034722222222222224,3,0.40277777777777785,0,0.0017361111111111605,0.9517361111111111,0.5625
645,GA weighted game design,weighted,weighted constraint violations>rtp_error>reel_symbol_concentration,"(7.368421052631582,)",7.368421052631582,7.368421052631582,0,60,0.034722222222222224,3,0.40277777777777785,0,0.0017361111111111605,0.9517361111111111,0.5625
646,GA weighted game design,weighted,weighted constraint violations>rtp_error>reel_symbol_concentration,"(7.368421052631582,)",7.368421052631582,7.368421052631582,0,60,0.034722222222222224,3,0.40277777777777785,0,0.0017361111111111605,0.9517361111111111,0.5625
647,GA weighted game design,weighted,weighted constraint violations>rtp_error>reel_symbol_concentration,"(7.368421052631582,)",7.368421052631582,7.368421052631582,0,60,0.034722222222222224,3,0.40277777777777785,0,0.0017361111111111605,0.9517361111111111,0.5625
648,GA weighted game design,weighted,weighted constraint violations>rtp_error>reel_symbol_concentration,"(7.368421052631582,)",7.368421052631582,7.368421052631582,0,60,0.034722222222222224,3,0.40277777777777785,0,0.0017361111111111605,0.9517361111111111,0.5625
649,GA weighted game design,weighted,weighted constraint violations>rtp_error>reel_symbol_concentration,"(7.368421052631582,)",7.368421052631582,7.368421052631582,0,60,0.034722222222222224,3,0.40277777777777785,0,0.0017361111111111605,0.9517361111111111,0.5625
650,GA weighted game design,weighted,weighted constraint violations>rtp_error>reel_symbol_concentration,"(7.368421052631582,)",7.368421052631582,7.368421052631582,0,60,0.034722222222222224,3,0.40277777777777785,0,0.0017361111111111605,0.9517361111111111,0.5625
651,GA weighted game design,weighted,weighted constraint violations>rtp_error>reel_symbol_concentration,"(7.368421052631582,)",7.368421052631582,7.368421052631582,0,60,0.034722222222222224,3,0.40277777777777785,0,0.0017361111111111605,0.9517361111111111,0.5625
652,GA weighted game design,weighted,weighted constraint violations>rtp_error>reel_symbol_concentration,"(7.368421052631582,)",7.368421052631582,7.368421052631582,0,60,0.034722222222222224,3,0.40277777777777785,0,0.0017361111111111605,0.9517361111111111,0.5625
653,GA weighted game design,weighted,weighted constraint violations>rtp_error>reel_symbol_concentration,"(7.368421052631582,)",7.368421052631582,7.368421052631582,0,60,0.034722222222222224,3,0.40277777777777785,0,0.0017361111111111605,0.9517361111111111,0.5625
654,GA weighted game design,weighted,weighted constraint violations>rtp_error>reel_symbol_concentration,"(7.368421052631582,)",7.368421052631582,7.368421052631582,0,60,0.034722222222222224,3,0.40277777777777785,0,0.0017361111111111605,0.9517361111111111,0.5625
655,GA weighted game design,weighted,weighted constraint violations>rtp_error>reel_symbol_concentration,"(7.368421052631582,)",7.368421052631582,7.368421052631582,0,60,0.034722222222222224,3,0.40277777777777785,0,0.0017361111111111605,0.9517361111111111,0.5625
656,GA weighted game design,weighted,weighted constraint violations>rtp_error>reel_symbol_concentration,"(7.368421052631582,)",7.368421052631582,7.368421052631582,0,60,0.034722222222222224,3,0.40277777777777785,0,0.0017361111111111605,0.9517361111111111,0.5625
657,GA weighted game design,weighted,weighted constraint violations>rtp_error>reel_symbol_concentration,"(7.368421052631582,)",7.368421052631582,7.368421052631582,0,60,0.034722222222222224,3,0.40277777777777785,0,0.0017361111111111605,0.9517361111111111,0.5625
658,GA weighted game design,weighted,weighted constraint violations>rtp_error>reel_symbol_concentration,"(7.368421052631582,)",7.368421052631582,7.368421052631582,0,60,0.034722222222222224,3,0.40277777777777785,0,0.0017361111111111605,0.9517361111111111,0.5625
659,GA weighted game design,weighted,weighted constraint violations>rtp_error>reel_symbol_concentration,"(7.368421052631582,)",7.368421052631582,7.368421052631582,0,60,0.034722222222222224,3,0.40277777777777785,0,0.0017361111111111605,0.9517361111111111,0.5625
660,GA weighted game design,weighted,weighted constraint violations>rtp_error>reel_symbol_concentration,"(7.368421052631582,)",7.368421052631582,7.368421052631582,0,60,0.034722222222222224,3,0.40277777777777785,0,0.0017361111111111605,0.9517361111111111,0.5625
661,GA weighted game design,weighted,weighted constraint violations>rtp_error>reel_symbol_concentration,"(7.368421052631582,)",7.368421052631582,7.368421052631582,0,60,0.034722222222222224,3,0.40277777777777785,0,0.0017361111111111605,0.9517361111111111,0.5625
662,GA weighted game design,weighted,weighted constraint violations>rtp_error>reel_symbol_concentration,"(7.368421052631582,)",7.368421052631582,7.368421052631582,0,60,0.034722222222222224,3,0.40277777777777785,0,0.0017361111111111605,0.9517361111111111,0.5625
663,GA weighted game design,weighted,weighted constraint violations>rtp_error>reel_symbol_concentration,"(7.368421052631582,)",7.368421052631582,7.368421052631582,0,60,0.034722222222222224,3,0.40277777777777785,0,0.0017361111111111605,0.9517361111111111,0.5625
664,GA weighted game design,weighted,weighted constraint violations>rtp_error>reel_symbol_concentration,"(7.368421052631582,)",7.368421052631582,7.368421052631582,0,60,0.034722222222222224,3,0.40277777777777785,0,0.0017361111111111605,0.9517361111111111,0.5625
665,GA weighted game design,weighted,weighted constraint violations>rtp_error>reel_symbol_concentration,"(7.368421052631582,)",7.368421052631582,7.368421052631582,0,60,0.034722222222222224,3,0.40277777777777785,0,0.0017361111111111605,0.9517361111111111,0.5625
666,GA weighted game design,weighted,weighted constraint violations>rtp_error>reel_symbol_concentration,"(7.368421052631582,)",7.368421052631582,7.368421052631582,0,60,0.034722222222222224,3,0.40277777777777785,0,0.0017361111111111605,0.9517361111111111,0.5625
667,GA weighted game design,weighted,weighted constraint violations>rtp_error>reel_symbol_concentration,"(7.368421052631582,)",7.368421052631582,7.368421052631582,0,60,0.034722222222222224,3,0.40277777777777785,0,0.0017361111111111605,0.9517361111111111,0.5625
668,GA weighted game design,weighted,weighted constraint violations>rtp_error>reel_symbol_concentration,"(7.368421052631582,)",7.368421052631582,7.368421052631582,0,60,0.034722222222222224,3,0.40277777777777785,0,0.0017361111111111605,0.9517361111111111,0.5625
669,GA weighted game design,weighted,weighted constraint violations>rtp_error>reel_symbol_concentration,"(7.368421052631582,)",7.368421052631582,7.368421052631582,0,60,0.034722222222222224,3,0.40277777777777785,0,0.0017361111111111605,0.9517361111111111,0.5625
670,GA weighted game design,weighted,weighted constraint violations>rtp_error>reel_symbol_concentration,"(7.368421052631582,)",7.368421052631582,7.368421052631582,0,60,0.034722222222222224,3,0.40277777777777785,0,0.0017361111111111605,0.9517361111111111,0.5625
671,GA weighted game design,weighted,weighted constraint violations>rtp_error>reel_symbol_concentration,"(7.368421052631582,)",7.368421052631582,7.368421052631582,0,60,0.034722222222222224,3,0.40277777777777785,0,0.0017361111111111605,0.9517361111111111,0.5625
672,GA weighted game design,weighted,weighted constraint violations>rtp_error>reel_symbol_concentration,"(7.368421052631582,)",7.368421052631582,7.368421052631582,0,60,0.034722222222222224,3,0.40277777777777785,0,0.0017361111111111605,0.9517361111111111,0.5625
673,GA weighted game design,weighted,weighted constraint violations>rtp_error>reel_symbol_concentration,"(7.368421052631582,)",7.368421052631582,7.368421052631582,0,60,0.034722222222222224,3,0.40277777777777785,0,0.0017361111111111605,0.9517361111111111,0.5625
674,GA weighted game design,weighted,weighted constraint violations>rtp_error>reel_symbol_concentration,"(7.368421052631582,)",7.368421052631582,7.368421052631582,0,60,0.034722222222222224,3,0.40277777777777785,0,0.0017361111111111605,0.9517361111111111,0.5625
675,GA weighted game design,weighted,weighted constraint violations>rtp_error>reel_symbol_concentration,"(7.368421052631582,)",7.368421052631582,7.368421052631582,0,60,0.034722222222222224,3,0.40277777777777785,0,0.0017361111111111605,0.9517361111111111,0.5625
676,GA weighted game design,weighted,weighted constraint violations>rtp_error>reel_symbol_concentration,"(7.368421052631582,)",7.368421052631582,7.368421052631582,0,60,0.034722222222222224,3,0.40277777777777785,0,0.0017361111111111605,0.9517361111111111,0.5625
677,GA weighted game design,weighted,weighted constraint violations>rtp_error>reel_symbol_concentration,"(7.368421052631582,)",7.368421052631582,7.368421052631582,0,60,0.034722222222222224,3,0.40277777777777785,0,0.0017361111111111605,0.9517361111111111,0.5625
678,GA weighted game design,weighted,weighted constraint violations>rtp_error>reel_symbol_concentration,"(7.368421052631582,)",7.368421052631582,7.368421052631582,0,60,0.034722222222222224,3,0.40277777777777785,0,0.0017361111111111605,0.9517361111111111,0.5625
679,GA weighted game design,weighted,weighted constraint violations>rtp_error>reel_symbol_concentration,"(7.368421052631582,)",7.368421052631582,7.368421052631582,0,60,0.034722222222222224,3,0.40277777777777785,0,0.0017361111111111605,0.9517361111111111,0.5625
680,GA weighted game design,weighted,weighted constraint violations>rtp_error>reel_symbol_concentration,"(7.368421052631582,)",7.368421052631582,7.368421052631582,0,60,0.034722222222222224,3,0.40277777777777785,0,0.0017361111111111605,0.9517361111111111,0.5625
681,GA weighted game design,weighted,weighted constraint violations>rtp_error>reel_symbol_concentration,"(7.368421052631582,)",7.368421052631582,7.368421052631582,0,60,0.034722222222222224,3,0.40277777777777785,0,0.0017361111111111605,0.9517361111111111,0.5625
682,GA weighted game design,weighted,weighted constraint violations>rtp_error>reel_symbol_concentration,"(7.368421052631582,)",7.368421052631582,7.368421052631582,0,60,0.034722222222222224,3,0.40277777777777785,0,0.0017361111111111605,0.9517361111111111,0.5625
683,GA weighted game design,weighted,weighted constraint violations>rtp_error>reel_symbol_concentration,"(7.368421052631582,)",7.368421052631582,7.368421052631582,0,60,0.034722222222222224,3,0.40277777777777785,0,0.0017361111111111605,0.9517361111111111,0.5625
684,GA weighted game design,weighted,weighted constraint violations>rtp_error>reel_symbol_concentration,"(7.368421052631582,)",7.368421052631582,7.368421052631582,0,60,0.034722222222222224,3,0.40277777777777785,0,0.0017361111111111605,0.9517361111111111,0.5625
685,GA weighted game design,weighted,weighted constraint violations>rtp_error>reel_symbol_concentration,"(7.368421052631582,)",7.368421052631582,7.368421052631582,0,60,0.034722222222222224,3,0.40277777777777785,0,0.0017361111111111605,0.9517361111111111,0.5625
686,GA weighted game design,weighted,weighted constraint violations>rtp_error>reel_symbol_concentration,"(7.368421052631582,)",7.368421052631582,7.368421052631582,0,60,0.034722222222222224,3,0.40277777777777785,0,0.0017361111111111605,0.9517361111111111,0.5625
687,GA weighted game design,weighted,weighted constraint violations>rtp_error>reel_symbol_concentration,"(7.368421052631582,)",7.368421052631582,7.368421052631582,0,60,0.034722222222222224,3,0.40277777777777785,0,0.0017361111111111605,0.9517361111111111,0.5625
688,GA weighted game design,weighted,weighted constraint violations>rtp_error>reel_symbol_concentration,"(7.368421052631582,)",7.368421052631582,7.368421052631582,0,60,0.034722222222222224,3,0.40277777777777785,0,0.0017361111111111605,0.9517361111111111,0.5625
689,GA weighted game design,weighted,weighted constraint violations>rtp_error>reel_symbol_concentration,"(7.368421052631582,)",7.368421052631582,7.368421052631582,0,60,0.034722222222222224,3,0.40277777777777785,0,0.0017361111111111605,0.9517361111111111,0.5625
690,GA weighted game design,weighted,weighted constraint violations>rtp_error>reel_symbol_concentration,"(7.368421052631582,)",7.368421052631582,7.368421052631582,0,60,0.034722222222222224,3,0.40277777777777785,0,0.0017361111111111605,0.9517361111111111,0.5625
691,GA weighted game design,weighted,weighted constraint violations>rtp_error>reel_symbol_concentration,"(7.368421052631582,)",7.368421052631582,7.368421052631582,0,60,0.034722222222222224,3,0.40277777777777785,0,0.0017361111111111605,0.9517361111111111,0.5625
692,GA weighted game design,weighted,weighted constraint violations>rtp_error>reel_symbol_concentration,"(7.368421052631582,)",7.368421052631582,7.368421052631582,0,60,0.034722222222222224,3,0.40277777777777785,0,0.0017361111111111605,0.9517361111111111,0.5625
693,GA weighted game design,weighted,weighted constraint violations>rtp_error>reel_symbol_concentration,"(7.368421052631582,)",7.368421052631582,7.368421052631582,0,60,0.034722222222222224,3,0.40277777777777785,0,0.0017361111111111605,0.9517361111111111,0.5625
694,GA weighted game design,weighted,weighted constraint violations>rtp_error>reel_symbol_concentration,"(7.368421052631582,)",7.368421052631582,7.368421052631582,0,60,0.034722222222222224,3,0.40277777777777785,0,0.0017361111111111605,0.9517361111111111,0.5625
695,GA weighted game design,weighted,weighted constraint violations>rtp_error>reel_symbol_concentration,"(7.368421052631582,)",7.368421052631582,7.368421052631582,0,60,0.034722222222222224,3,0.40277777777777785,0,0.0017361111111111605,0.9517361111111111,0.5625
696,GA weighted game design,weighted,weighted constraint violations>rtp_error>reel_symbol_concentration,"(7.368421052631582,)",7.368421052631582,7.368421052631582,0,60,0.034722222222222224,3,0.40277777777777785,0,0.0017361111111111605,0.9517361111111111,0.5625
697,GA weighted game design,weighted,weighted constraint violations>rtp_error>reel_symbol_concentration,"(7.368421052631582,)",7.368421052631582,7.368421052631582,0,60,0.034722222222222224,3,0.40277777777777785,0,0.0017361111111111605,0.9517361111111111,0.5625
698,GA weighted game design,weighted,weighted constraint violations>rtp_error>reel_symbol_concentration,"(7.368421052631582,)",7.368421052631582,7.368421052631582,0,60,0.034722222222222224,3,0.40277777777777785,0,0.0017361111111111605,0.9517361111111111,0.5625
699,GA weighted game design,weighted,weighted constraint violations>rtp_error>reel_symbol_concentration,"(7.368421052631582,)",7.368421052631582,7.368421052631582,0,60,0.034722222222222224,3,0.40277777777777785,0,0.0017361111111111605,0.9517361111111111,0.5625
700,GA weighted game design,weighted,weighted constraint violations>rtp_error>reel_symbol_concentration,"(7.368421052631582,)",7.368421052631582,7.368421052631582,0,60,0.034722222222222224,3,0.40277777777777785,0,0.0017361111111111605,0.9517361111111111,0.5625
701,GA weighted game design,weighted,weighted constraint violations>rtp_error>reel_symbol_concentration,"(7.368421052631582,)",7.368421052631582,7.368421052631582,0,60,0.034722222222222224,3,0.40277777777777785,0,0.0017361111111111605,0.9517361111111111,0.5625
702,GA weighted game design,weighted,weighted constraint violations>rtp_error>reel_symbol_concentration,"(7.368421052631582,)",7.368421052631582,7.368421052631582,0,60,0.034722222222222224,3,0.40277777777777785,0,0.0017361111111111605,0.9517361111111111,0.5625
703,GA weighted game design,weighted,weighted constraint violations>rtp_error>reel_symbol_concentration,"(7.368421052631582,)",7.368421052631582,7.368421052631582,0,60,0.034722222222222224,3,0.40277777777777785,0,0.0017361111111111605,0.9517361111111111,0.5625
704,GA weighted game design,weighted,weighted constraint violations>rtp_error>reel_symbol_concentration,"(7.368421052631582,)",7.368421052631582,7.368421052631582,0,60,0.034722222222222224,3,0.40277777777777785,0,0.0017361111111111605,0.9517361111111111,0.5625
705,GA weighted game design,weighted,weighted constraint violations>rtp_error>reel_symbol_concentration,"(7.368421052631582,)",7.368421052631582,7.368421052631582,0,60,0.034722222222222224,3,0.40277777777777785,0,0.0017361111111111605,0.9517361111111111,0.5625
706,GA weighted game design,weighted,weighted constraint violations>rtp_error>reel_symbol_concentration,"(7.368421052631582,)",7.368421052631582,7.368421052631582,0,60,0.034722222222222224,3,0.40277777777777785,0,0.0017361111111111605,0.9517361111111111,0.5625
707,GA weighted game design,weighted,weighted constraint violations>rtp_error>reel_symbol_concentration,"(7.368421052631582,)",7.368421052631582,7.368421052631582,0,60,0.034722222222222224,3,0.40277777777777785,0,0.0017361111111111605,0.9517361111111111,0.5625
708,GA weighted game design,weighted,weighted constraint violations>rtp_error>reel_symbol_concentration,"(7.368421052631582,)",7.368421052631582,7.368421052631582,0,60,0.034722222222222224,3,0.40277777777777785,0,0.0017361111111111605,0.9517361111111111,0.5625
709,GA weighted game design,weighted,weighted constraint violations>rtp_error>reel_symbol_concentration,"(7.368421052631582,)",7.368421052631582,7.368421052631582,0,60,0.034722222222222224,3,0.40277777777777785,0,0.0017361111111111605,0.9517361111111111,0.5625
710,GA weighted game design,weighted,weighted constraint violations>rtp_error>reel_symbol_concentration,"(7.368421052631582,)",7.368421052631582,7.368421052631582,0,60,0.034722222222222224,3,0.40277777777777785,0,0.0017361111111111605,0.9517361111111111,0.5625
711,GA weighted game design,weighted,weighted constraint violations>rtp_error>reel_symbol_concentration,"(7.368421052631582,)",7.368421052631582,7.368421052631582,0,60,0.034722222222222224,3,0.40277777777777785,0,0.0017361111111111605,0.9517361111111111,0.5625
712,GA weighted game design,weighted,weighted constraint violations>rtp_error>reel_symbol_concentration,"(7.368421052631582,)",7.368421052631582,7.368421052631582,0,60,0.034722222222222224,3,0.40277777777777785,0,0.0017361111111111605,0.9517361111111111,0.5625
713,GA weighted game design,weighted,weighted constraint violations>rtp_error>reel_symbol_concentration,"(7.368421052631582,)",7.368421052631582,7.368421052631582,0,60,0.034722222222222224,3,0.40277777777777785,0,0.0017361111111111605,0.9517361111111111,0.5625
714,GA weighted game design,weighted,weighted constraint violations>rtp_error>reel_symbol_concentration,"(7.368421052631582,)",7.368421052631582,7.368421052631582,0,60,0.034722222222222224,3,0.40277777777777785,0,0.0017361111111111605,0.9517361111111111,0.5625
715,GA weighted game design,weighted,weighted constraint violations>rtp_error>reel_symbol_concentration,"(7.368421052631582,)",7.368421052631582,7.368421052631582,0,60,0.034722222222222224,3,0.40277777777777785,0,0.0017361111111111605,0.9517361111111111,0.5625
716,GA weighted game design,weighted,weighted constraint violations>rtp_error>reel_symbol_concentration,"(7.368421052631582,)",7.368421052631582,7.368421052631582,0,60,0.034722222222222224,3,0.40277777777777785,0,0.0017361111111111605,0.9517361111111111,0.5625
717,GA weighted game design,weighted,weighted constraint violations>rtp_error>reel_symbol_concentration,"(7.368421052631582,)",7.368421052631582,7.368421052631582,0,60,0.034722222222222224,3,0.40277777777777785,0,0.0017361111111111605,0.9517361111111111,0.5625
718,GA weighted game design,weighted,weighted constraint violations>rtp_error>reel_symbol_concentration,"(7.368421052631582,)",7.368421052631582,7.368421052631582,0,60,0.034722222222222224,3,0.40277777777777785,0,0.0017361111111111605,0.9517361111111111,0.5625
719,GA weighted game design,weighted,weighted constraint violations>rtp_error>reel_symbol_concentration,"(7.368421052631582,)",7.368421052631582,7.368421052631582,0,60,0.034722222222222224,3,0.40277777777777785,0,0.0017361111111111605,0.9517361111111111,0.5625
720,GA weighted game design,weighted,weighted constraint violations>rtp_error>reel_symbol_concentration,"(7.368421052631582,)",7.368421052631582,7.368421052631582,0,60,0.034722222222222224,3,0.40277777777777785,0,0.0017361111111111605,0.9517361111111111,0.5625
721,GA weighted game design,weighted,weighted constraint violations>rtp_error>reel_symbol_concentration,"(7.368421052631582,)",7.368421052631582,7.368421052631582,0,60,0.034722222222222224,3,0.40277777777777785,0,0.0017361111111111605,0.9517361111111111,0.5625
722,GA weighted game design,weighted,weighted constraint violations>rtp_error>reel_symbol_concentration,"(7.368421052631582,)",7.368421052631582,7.368421052631582,0,60,0.034722222222222224,3,0.40277777777777785,0,0.0017361111111111605,0.9517361111111111,0.5625
723,GA weighted game design,weighted,weighted constraint violations>rtp_error>reel_symbol_concentration,"(7.368421052631582,)",7.368421052631582,7.368421052631582,0,60,0.034722222222222224,3,0.40277777777777785,0,0.0017361111111111605,0.9517361111111111,0.5625
724,GA weighted game design,weighted,weighted constraint violations>rtp_error>reel_symbol_concentration,"(7.368421052631582,)",7.368421052631582,7.368421052631582,0,60,0.034722222222222224,3,0.40277777777777785,0,0.0017361111111111605,0.9517361111111111,0.5625
725,GA weighted game design,weighted,weighted constraint violations>rtp_error>reel_symbol_concentration,"(7.368421052631582,)",7.368421052631582,7.368421052631582,0,60,0.034722222222222224,3,0.40277777777777785,0,0.0017361111111111605,0.9517361111111111,0.5625
726,GA weighted game design,weighted,weighted constraint violations>rtp_error>reel_symbol_concentration,"(7.368421052631582,)",7.368421052631582,7.368421052631582,0,60,0.034722222222222224,3,0.40277777777777785,0,0.0017361111111111605,0.9517361111111111,0.5625
727,GA weighted game design,weighted,weighted constraint violations>rtp_error>reel_symbol_concentration,"(7.368421052631582,)",7.368421052631582,7.368421052631582,0,60,0.034722222222222224,3,0.40277777777777785,0,0.0017361111111111605,0.9517361111111111,0.5625
728,GA weighted game design,weighted,weighted constraint violations>rtp_error>reel_symbol_concentration,"(7.368421052631582,)",7.368421052631582,7.368421052631582,0,60,0.034722222222222224,3,0.40277777777777785,0,0.0017361111111111605,0.9517361111111111,0.5625
729,GA weighted game design,weighted,weighted constraint violations>rtp_error>reel_symbol_concentration,"(7.368421052631582,)",7.368421052631582,7.368421052631582,0,60,0.034722222222222224,3,0.40277777777777785,0,0.0017361111111111605,0.9517361111111111,0.5625
730,GA weighted game design,weighted,weighted constraint violations>rtp_error>reel_symbol_concentration,"(7.368421052631582,)",7.368421052631582,7.368421052631582,0,60,0.034722222222222224,3,0.40277777777777785,0,0.0017361111111111605,0.9517361111111111,0.5625
731,GA weighted game design,weighted,weighted constraint violations>rtp_error>reel_symbol_concentration,"(7.368421052631582,)",7.368421052631582,7.368421052631582,0,60,0.034722222222222224,3,0.40277777777777785,0,0.0017361111111111605,0.9517361111111111,0.5625
732,GA weighted game design,weighted,weighted constraint violations>rtp_error>reel_symbol_concentration,"(7.368421052631582,)",7.368421052631582,7.368421052631582,0,60,0.034722222222222224,3,0.40277777777777785,0,0.0017361111111111605,0.9517361111111111,0.5625
733,GA weighted game design,weighted,weighted constraint violations>rtp_error>reel_symbol_concentration,"(7.368421052631582,)",7.368421052631582,7.368421052631582,0,60,0.034722222222222224,3,0.40277777777777785,0,0.0017361111111111605,0.9517361111111111,0.5625
734,GA weighted game design,weighted,weighted constraint violations>rtp_error>reel_symbol_concentration,"(7.368421052631582,)",7.368421052631582,7.368421052631582,0,60,0.034722222222222224,3,0.40277777777777785,0,0.0017361111111111605,0.9517361111111111,0.5625
735,GA weighted game design,weighted,weighted constraint violations>rtp_error>reel_symbol_concentration,"(7.368421052631582,)",7.368421052631582,7.368421052631582,0,60,0.034722222222222224,3,0.40277777777777785,0,0.0017361111111111605,0.9517361111111111,0.5625
736,GA weighted game design,weighted,weighted constraint violations>rtp_error>reel_symbol_concentration,"(7.368421052631582,)",7.368421052631582,7.368421052631582,0,60,0.034722222222222224,3,0.40277777777777785,0,0.0017361111111111605,0.9517361111111111,0.5625
737,GA weighted game design,weighted,weighted constraint violations>rtp_error>reel_symbol_concentration,"(7.368421052631582,)",7.368421052631582,7.368421052631582,0,60,0.034722222222222224,3,0.40277777777777785,0,0.0017361111111111605,0.9517361111111111,0.5625
738,GA weighted game design,weighted,weighted constraint violations>rtp_error>reel_symbol_concentration,"(7.368421052631582,)",7.368421052631582,7.368421052631582,0,60,0.034722222222222224,3,0.40277777777777785,0,0.0017361111111111605,0.9517361111111111,0.5625
739,GA weighted game design,weighted,weighted constraint violations>rtp_error>reel_symbol_concentration,"(7.368421052631582,)",7.368421052631582,7.368421052631582,0,60,0.034722222222222224,3,0.40277777777777785,0,0.0017361111111111605,0.9517361111111111,0.5625
740,GA weighted game design,weighted,weighted constraint violations>rtp_error>reel_symbol_concentration,"(7.368421052631582,)",7.368421052631582,7.368421052631582,0,60,0.034722222222222224,3,0.40277777777777785,0,0.0017361111111111605,0.9517361111111111,0.5625
741,GA weighted game design,weighted,weighted constraint violations>rtp_error>reel_symbol_concentration,"(7.368421052631582,)",7.368421052631582,7.368421052631582,0,60,0.034722222222222224,3,0.40277777777777785,0,0.0017361111111111605,0.9517361111111111,0.5625
742,GA weighted game design,weighted,weighted constraint violations>rtp_error>reel_symbol_concentration,"(7.368421052631582,)",7.368421052631582,7.368421052631582,0,60,0.034722222222222224,3,0.40277777777777785,0,0.0017361111111111605,0.9517361111111111,0.5625
743,GA weighted game design,weighted,weighted constraint violations>rtp_error>reel_symbol_concentration,"(7.368421052631582,)",7.368421052631582,7.368421052631582,0,60,0.034722222222222224,3,0.40277777777777785,0,0.0017361111111111605,0.9517361111111111,0.5625
744,GA weighted game design,weighted,weighted constraint violations>rtp_error>reel_symbol_concentration,"(7.368421052631582,)",7.368421052631582,7.368421052631582,0,60,0.034722222222222224,3,0.40277777777777785,0,0.0017361111111111605,0.9517361111111111,0.5625
745,GA weighted game design,weighted,weighted constraint violations>rtp_error>reel_symbol_concentration,"(7.368421052631582,)",7.368421052631582,7.368421052631582,0,60,0.034722222222222224,3,0.40277777777777785,0,0.0017361111111111605,0.9517361111111111,0.5625
746,GA weighted game design,weighted,weighted constraint violations>rtp_error>reel_symbol_concentration,"(7.368421052631582,)",7.368421052631582,7.368421052631582,0,60,0.034722222222222224,3,0.40277777777777785,0,0.0017361111111111605,0.9517361111111111,0.5625
747,GA weighted game design,weighted,weighted constraint violations>rtp_error>reel_symbol_concentration,"(7.368421052631582,)",7.368421052631582,7.368421052631582,0,60,0.034722222222222224,3,0.40277777777777785,0,0.0017361111111111605,0.9517361111111111,0.5625
748,GA weighted game design,weighted,weighted constraint violations>rtp_error>reel_symbol_concentration,"(7.368421052631582,)",7.368421052631582,7.368421052631582,0,60,0.034722222222222224,3,0.40277777777777785,0,0.0017361111111111605,0.9517361111111111,0.5625
749,GA weighted game design,weighted,weighted constraint violations>rtp_error>reel_symbol_concentration,"(7.368421052631582,)",7.368421052631582,7.368421052631582,0,60,0.034722222222222224,3,0.40277777777777785,0,0.0017361111111111605,0.9517361111111111,0.5625
750,GA weighted game design,weighted,weighted constraint violations>rtp_error>reel_symbol_concentration,"(7.368421052631582,)",7.368421052631582,7.368421052631582,0,60,0.034722222222222224,3,0.40277777777777785,0,0.0017361111111111605,0.9517361111111111,0.5625
751,GA weighted game design,weighted,weighted constraint violations>rtp_error>reel_symbol_concentration,"(7.368421052631582,)",7.368421052631582,7.368421052631582,0,60,0.034722222222222224,3,0.40277777777777785,0,0.0017361111111111605,0.9517361111111111,0.5625
752,GA weighted game design,weighted,weighted constraint violations>rtp_error>reel_symbol_concentration,"(7.368421052631582,)",7.368421052631582,7.368421052631582,0,60,0.034722222222222224,3,0.40277777777777785,0,0.0017361111111111605,0.9517361111111111,0.5625
753,GA weighted game design,weighted,weighted constraint violations>rtp_error>reel_symbol_concentration,"(7.368421052631582,)",7.368421052631582,7.368421052631582,0,60,0.034722222222222224,3,0.40277777777777785,0,0.0017361111111111605,0.9517361111111111,0.5625
754,GA weighted game design,weighted,weighted constraint violations>rtp_error>reel_symbol_concentration,"(7.368421052631582,)",7.368421052631582,7.368421052631582,0,60,0.034722222222222224,3,0.40277777777777785,0,0.0017361111111111605,0.9517361111111111,0.5625
755,GA weighted game design,weighted,weighted constraint violations>rtp_error>reel_symbol_concentration,"(7.368421052631582,)",7.368421052631582,7.368421052631582,0,60,0.034722222222222224,3,0.40277777777777785,0,0.0017361111111111605,0.9517361111111111,0.5625
756,GA weighted game design,weighted,weighted constraint violations>rtp_error>reel_symbol_concentration,"(7.368421052631582,)",7.368421052631582,7.368421052631582,0,60,0.034722222222222224,3,0.40277777777777785,0,0.0017361111111111605,0.9517361111111111,0.5625
757,GA weighted game design,weighted,weighted constraint violations>rtp_error>reel_symbol_concentration,"(7.368421052631582,)",7.368421052631582,7.368421052631582,0,60,0.034722222222222224,3,0.40277777777777785,0,0.0017361111111111605,0.9517361111111111,0.5625
758,GA weighted game design,weighted,weighted constraint violations>rtp_error>reel_symbol_concentration,"(7.368421052631582,)",7.368421052631582,7.368421052631582,0,60,0.034722222222222224,3,0.40277777777777785,0,0.0017361111111111605,0.9517361111111111,0.5625
759,GA weighted game design,weighted,weighted constraint violations>rtp_error>reel_symbol_concentration,"(7.368421052631582,)",7.368421052631582,7.368421052631582,0,60,0.034722222222222224,3,0.40277777777777785,0,0.0017361111111111605,0.9517361111111111,0.5625
760,GA weighted game design,weighted,weighted constraint violations>rtp_error>reel_symbol_concentration,"(7.368421052631582,)",7.368421052631582,7.368421052631582,0,60,0.034722222222222224,3,0.40277777777777785,0,0.0017361111111111605,0.9517361111111111,0.5625
761,GA weighted game design,weighted,weighted constraint violations>rtp_error>reel_symbol_concentration,"(7.368421052631582,)",7.368421052631582,7.368421052631582,0,60,0.034722222222222224,3,0.40277777777777785,0,0.0017361111111111605,0.9517361111111111,0.5625
762,GA weighted game design,weighted,weighted constraint violations>rtp_error>reel_symbol_concentration,"(7.368421052631582,)",7.368421052631582,7.368421052631582,0,60,0.034722222222222224,3,0.40277777777777785,0,0.0017361111111111605,0.9517361111111111,0.5625
763,GA weighted game design,weighted,weighted constraint violations>rtp_error>reel_symbol_concentration,"(7.368421052631582,)",7.368421052631582,7.368421052631582,0,60,0.034722222222222224,3,0.40277777777777785,0,0.0017361111111111605,0.9517361111111111,0.5625
764,GA weighted game design,weighted,weighted constraint violations>rtp_error>reel_symbol_concentration,"(7.368421052631582,)",7.368421052631582,7.368421052631582,0,60,0.034722222222222224,3,0.40277777777777785,0,0.0017361111111111605,0.9517361111111111,0.5625
765,GA weighted game design,weighted,weighted constraint violations>rtp_error>reel_symbol_concentration,"(7.368421052631582,)",7.368421052631582,7.368421052631582,0,60,0.034722222222222224,3,0.40277777777777785,0,0.0017361111111111605,0.9517361111111111,0.5625
766,GA weighted game design,weighted,weighted constraint violations>rtp_error>reel_symbol_concentration,"(7.368421052631582,)",7.368421052631582,7.368421052631582,0,60,0.034722222222222224,3,0.40277777777777785,0,0.0017361111111111605,0.9517361111111111,0.5625
767,GA weighted game design,weighted,weighted constraint violations>rtp_error>reel_symbol_concentration,"(7.368421052631582,)",7.368421052631582,7.368421052631582,0,60,0.034722222222222224,3,0.40277777777777785,0,0.0017361111111111605,0.9517361111111111,0.5625
768,GA weighted game design,weighted,weighted constraint violations>rtp_error>reel_symbol_concentration,"(7.368421052631582,)",7.368421052631582,7.368421052631582,0,60,0.034722222222222224,3,0.40277777777777785,0,0.0017361111111111605,0.9517361111111111,0.5625
769,GA weighted game design,weighted,weighted constraint violations>rtp_error>reel_symbol_concentration,"(7.368421052631582,)",7.368421052631582,7.368421052631582,0,60,0.034722222222222224,3,0.40277777777777785,0,0.0017361111111111605,0.9517361111111111,0.5625
770,GA weighted game design,weighted,weighted constraint violations>rtp_error>reel_symbol_concentration,"(7.368421052631582,)",7.368421052631582,7.368421052631582,0,60,0.034722222222222224,3,0.40277777777777785,0,0.0017361111111111605,0.9517361111111111,0.5625
771,GA weighted game design,weighted,weighted constraint violations>rtp_error>reel_symbol_concentration,"(7.368421052631582,)",7.368421052631582,7.368421052631582,0,60,0.034722222222222224,3,0.40277777777777785,0,0.0017361111111111605,0.9517361111111111,0.5625
772,GA weighted game design,weighted,weighted constraint violations>rtp_error>reel_symbol_concentration,"(7.368421052631582,)",7.368421052631582,7.368421052631582,0,60,0.034722222222222224,3,0.40277777777777785,0,0.0017361111111111605,0.9517361111111111,0.5625
773,GA weighted game design,weighted,weighted constraint violations>rtp_error>reel_symbol_concentration,"(7.368421052631582,)",7.368421052631582,7.368421052631582,0,60,0.034722222222222224,3,0.40277777777777785,0,0.0017361111111111605,0.9517361111111111,0.5625
774,GA weighted game design,weighted,weighted constraint violations>rtp_error>reel_symbol_concentration,"(7.368421052631582,)",7.368421052631582,7.368421052631582,0,60,0.034722222222222224,3,0.40277777777777785,0,0.0017361111111111605,0.9517361111111111,0.5625
775,GA weighted game design,weighted,weighted constraint violations>rtp_error>reel_symbol_concentration,"(7.368421052631582,)",7.368421052631582,7.368421052631582,0,60,0.034722222222222224,3,0.40277777777777785,0,0.0017361111111111605,0.9517361111111111,0.5625
776,GA weighted game design,weighted,weighted constraint violations>rtp_error>reel_symbol_concentration,"(7.368421052631582,)",7.368421052631582,7.368421052631582,0,60,0.034722222222222224,3,0.40277777777777785,0,0.0017361111111111605,0.9517361111111111,0.5625
777,GA weighted game design,weighted,weighted constraint violations>rtp_error>reel_symbol_concentration,"(7.368421052631582,)",7.368421052631582,7.368421052631582,0,60,0.034722222222222224,3,0.40277777777777785,0,0.0017361111111111605,0.9517361111111111,0.5625
778,GA weighted game design,weighted,weighted constraint violations>rtp_error>reel_symbol_concentration,"(7.368421052631582,)",7.368421052631582,7.368421052631582,0,60,0.034722222222222224,3,0.40277777777777785,0,0.0017361111111111605,0.9517361111111111,0.5625
779,GA weighted game design,weighted,weighted constraint violations>rtp_error>reel_symbol_concentration,"(7.368421052631582,)",7.368421052631582,7.368421052631582,0,60,0.034722222222222224,3,0.40277777777777785,0,0.0017361111111111605,0.9517361111111111,0.5625
780,GA weighted game design,weighted,weighted constraint violations>rtp_error>reel_symbol_concentration,"(7.368421052631582,)",7.368421052631582,7.368421052631582,0,60,0.034722222222222224,3,0.40277777777777785,0,0.0017361111111111605,0.9517361111111111,0.5625
781,GA weighted game design,weighted,weighted constraint violations>rtp_error>reel_symbol_concentration,"(7.368421052631582,)",7.368421052631582,7.368421052631582,0,60,0.034722222222222224,3,0.40277777777777785,0,0.0017361111111111605,0.9517361111111111,0.5625
782,GA weighted game design,weighted,weighted constraint violations>rtp_error>reel_symbol_concentration,"(7.368421052631582,)",7.368421052631582,7.368421052631582,0,60,0.034722222222222224,3,0.40277777777777785,0,0.0017361111111111605,0.9517361111111111,0.5625
783,GA weighted game design,weighted,weighted constraint violations>rtp_error>reel_symbol_concentration,"(7.368421052631582,)",7.368421052631582,7.368421052631582,0,60,0.034722222222222224,3,0.40277777777777785,0,0.0017361111111111605,0.9517361111111111,0.5625
784,GA weighted game design,weighted,weighted constraint violations>rtp_error>reel_symbol_concentration,"(7.368421052631582,)",7.368421052631582,7.368421052631582,0,60,0.034722222222222224,3,0.40277777777777785,0,0.0017361111111111605,0.9517361111111111,0.5625
785,GA weighted game design,weighted,weighted constraint violations>rtp_error>reel_symbol_concentration,"(7.368421052631582,)",7.368421052631582,7.368421052631582,0,60,0.034722222222222224,3,0.40277777777777785,0,0.0017361111111111605,0.9517361111111111,0.5625
786,GA weighted game design,weighted,weighted constraint violations>rtp_error>reel_symbol_concentration,"(7.368421052631582,)",7.368421052631582,7.368421052631582,0,60,0.034722222222222224,3,0.40277777777777785,0,0.0017361111111111605,0.9517361111111111,0.5625
787,GA weighted game design,weighted,weighted constraint violations>rtp_error>reel_symbol_concentration,"(7.368421052631582,)",7.368421052631582,7.368421052631582,0,60,0.034722222222222224,3,0.40277777777777785,0,0.0017361111111111605,0.9517361111111111,0.5625
788,GA weighted game design,weighted,weighted constraint violations>rtp_error>reel_symbol_concentration,"(7.368421052631582,)",7.368421052631582,7.368421052631582,0,60,0.034722222222222224,3,0.40277777777777785,0,0.0017361111111111605,0.9517361111111111,0.5625
789,GA weighted game design,weighted,weighted constraint violations>rtp_error>reel_symbol_concentration,"(7.368421052631582,)",7.368421052631582,7.368421052631582,0,60,0.034722222222222224,3,0.40277777777777785,0,0.0017361111111111605,0.9517361111111111,0.5625
790,GA weighted game design,weighted,weighted constraint violations>rtp_error>reel_symbol_concentration,"(7.368421052631582,)",7.368421052631582,7.368421052631582,0,60,0.034722222222222224,3,0.40277777777777785,0,0.0017361111111111605,0.9517361111111111,0.5625
791,GA weighted game design,weighted,weighted constraint violations>rtp_error>reel_symbol_concentration,"(7.368421052631582,)",7.368421052631582,7.368421052631582,0,60,0.034722222222222224,3,0.40277777777777785,0,0.0017361111111111605,0.9517361111111111,0.5625
792,GA weighted game design,weighted,weighted constraint violations>rtp_error>reel_symbol_concentration,"(7.368421052631582,)",7.368421052631582,7.368421052631582,0,60,0.034722222222222224,3,0.40277777777777785,0,0.0017361111111111605,0.9517361111111111,0.5625
793,GA weighted game design,weighted,weighted constraint violations>rtp_error>reel_symbol_concentration,"(7.368421052631582,)",7.368421052631582,7.368421052631582,0,60,0.034722222222222224,3,0.40277777777777785,0,0.0017361111111111605,0.9517361111111111,0.5625
794,GA weighted game design,weighted,weighted constraint violations>rtp_error>reel_symbol_concentration,"(7.368421052631582,)",7.368421052631582,7.368421052631582,0,60,0.034722222222222224,3,0.40277777777777785,0,0.0017361111111111605,0.9517361111111111,0.5625
795,GA weighted game design,weighted,weighted constraint violations>rtp_error>reel_symbol_concentration,"(7.368421052631582,)",7.368421052631582,7.368421052631582,0,60,0.034722222222222224,3,0.40277777777777785,0,0.0017361111111111605,0.9517361111111111,0.5625
796,GA weighted game design,weighted,weighted constraint violations>rtp_error>reel_symbol_concentration,"(7.368421052631582,)",7.368421052631582,7.368421052631582,0,60,0.034722222222222224,3,0.40277777777777785,0,0.0017361111111111605,0.9517361111111111,0.5625
797,GA weighted game design,weighted,weighted constraint violations>rtp_error>reel_symbol_concentration,"(7.368421052631582,)",7.368421052631582,7.368421052631582,0,60,0.034722222222222224,3,0.40277777777777785,0,0.0017361111111111605,0.9517361111111111,0.5625
798,GA weighted game design,weighted,weighted constraint violations>rtp_error>reel_symbol_concentration,"(7.368421052631582,)",7.368421052631582,7.368421052631582,0,60,0.034722222222222224,3,0.40277777777777785,0,0.0017361111111111605,0.9517361111111111,0.5625
799,GA weighted game design,weighted,weighted constraint violations>rtp_error>reel_symbol_concentration,"(7.368421052631582,)",7.368421052631582,7.368421052631582,0,60,0.034722222222222224,3,0.40277777777777785,0,0.0017361111111111605,0.9517361111111111,0.5625
800,GA weighted game design,weighted,weighted constraint violations>rtp_error>reel_symbol_concentration,"(7.368421052631582,)",7.368421052631582,7.368421052631582,0,60,0.034722222222222224,3,0.40277777777777785,0,0.0017361111111111605,0.9517361111111111,0.5625
801,GA weighted game design,weighted,weighted constraint violations>rtp_error>reel_symbol_concentration,"(7.368421052631582,)",7.368421052631582,7.368421052631582,0,60,0.034722222222222224,3,0.40277777777777785,0,0.0017361111111111605,0.9517361111111111,0.5625
802,GA weighted game design,weighted,weighted constraint violations>rtp_error>reel_symbol_concentration,"(7.368421052631582,)",7.368421052631582,7.368421052631582,0,60,0.034722222222222224,3,0.40277777777777785,0,0.0017361111111111605,0.9517361111111111,0.5625
803,GA weighted game design,weighted,weighted constraint violations>rtp_error>reel_symbol_concentration,"(7.368421052631582,)",7.368421052631582,7.368421052631582,0,60,0.034722222222222224,3,0.40277777777777785,0,0.0017361111111111605,0.9517361111111111,0.5625
804,GA weighted game design,weighted,weighted constraint violations>rtp_error>reel_symbol_concentration,"(7.368421052631582,)",7.368421052631582,7.368421052631582,0,60,0.034722222222222224,3,0.40277777777777785,0,0.0017361111111111605,0.9517361111111111,0.5625
805,GA weighted game design,weighted,weighted constraint violations>rtp_error>reel_symbol_concentration,"(7.368421052631582,)",7.368421052631582,7.368421052631582,0,60,0.034722222222222224,3,0.40277777777777785,0,0.0017361111111111605,0.9517361111111111,0.5625
806,GA weighted game design,weighted,weighted constraint violations>rtp_error>reel_symbol_concentration,"(7.368421052631582,)",7.368421052631582,7.368421052631582,0,60,0.034722222222222224,3,0.40277777777777785,0,0.0017361111111111605,0.9517361111111111,0.5625
807,GA weighted game design,weighted,weighted constraint violations>rtp_error>reel_symbol_concentration,"(7.368421052631582,)",7.368421052631582,7.368421052631582,0,60,0.034722222222222224,3,0.40277777777777785,0,0.0017361111111111605,0.9517361111111111,0.5625
808,GA weighted game design,weighted,weighted constraint violations>rtp_error>reel_symbol_concentration,"(7.368421052631582,)",7.368421052631582,7.368421052631582,0,60,0.034722222222222224,3,0.40277777777777785,0,0.0017361111111111605,0.9517361111111111,0.5625
809,GA weighted game design,weighted,weighted constraint violations>rtp_error>reel_symbol_concentration,"(7.368421052631582,)",7.368421052631582,7.368421052631582,0,60,0.034722222222222224,3,0.40277777777777785,0,0.0017361111111111605,0.9517361111111111,0.5625
810,GA weighted game design,weighted,weighted constraint violations>rtp_error>reel_symbol_concentration,"(7.368421052631582,)",7.368421052631582,7.368421052631582,0,60,0.034722222222222224,3,0.40277777777777785,0,0.0017361111111111605,0.9517361111111111,0.5625
811,GA weighted game design,weighted,weighted constraint violations>rtp_error>reel_symbol_concentration,"(7.368421052631582,)",7.368421052631582,7.368421052631582,0,60,0.034722222222222224,3,0.40277777777777785,0,0.0017361111111111605,0.9517361111111111,0.5625
812,GA weighted game design,weighted,weighted constraint violations>rtp_error>reel_symbol_concentration,"(7.368421052631582,)",7.368421052631582,7.368421052631582,0,60,0.034722222222222224,3,0.40277777777777785,0,0.0017361111111111605,0.9517361111111111,0.5625
813,GA weighted game design,weighted,weighted constraint violations>rtp_error>reel_symbol_concentration,"(7.368421052631582,)",7.368421052631582,7.368421052631582,0,60,0.034722222222222224,3,0.40277777777777785,0,0.0017361111111111605,0.9517361111111111,0.5625
814,GA weighted game design,weighted,weighted constraint violations>rtp_error>reel_symbol_concentration,"(7.368421052631582,)",7.368421052631582,7.368421052631582,0,60,0.034722222222222224,3,0.40277777777777785,0,0.0017361111111111605,0.9517361111111111,0.5625
815,GA weighted game design,weighted,weighted constraint violations>rtp_error>reel_symbol_concentration,"(7.192982456140353,)",7.192982456140353,7.192982456140353,0,60,0.034722222222222224,3,0.3981481481481482,0,0.0017361111111112715,0.9517361111111112,0.5671296296296297
816,GA weighted game design,weighted,weighted constraint violations>rtp_error>reel_symbol_concentration,"(7.192982456140353,)",7.192982456140353,7.192982456140353,0,60,0.034722222222222224,3,0.3981481481481482,0,0.0017361111111112715,0.9517361111111112,0.5671296296296297
817,GA weighted game design,weighted,weighted constraint violations>rtp_error>reel_symbol_concentration,"(7.192982456140353,)",7.192982456140353,7.192982456140353,0,60,0.034722222222222224,3,0.3981481481481482,0,0.0017361111111112715,0.9517361111111112,0.5671296296296297
818,GA weighted game design,weighted,weighted constraint violations>rtp_error>reel_symbol_concentration,"(7.192982456140353,)",7.192982456140353,7.192982456140353,0,60,0.034722222222222224,3,0.3981481481481482,0,0.0017361111111112715,0.9517361111111112,0.5671296296296297
819,GA weighted game design,weighted,weighted constraint violations>rtp_error>reel_symbol_concentration,"(7.192982456140353,)",7.192982456140353,7.192982456140353,0,60,0.034722222222222224,3,0.3981481481481482,0,0.0017361111111112715,0.9517361111111112,0.5671296296296297
820,GA weighted game design,weighted,weighted constraint violations>rtp_error>reel_symbol_concentration,"(7.192982456140353,)",7.192982456140353,7.192982456140353,0,60,0.034722222222222224,3,0.3981481481481482,0,0.0017361111111112715,0.9517361111111112,0.5671296296296297
821,GA weighted game design,weighted,weighted constraint violations>rtp_error>reel_symbol_concentration,"(7.192982456140353,)",7.192982456140353,7.192982456140353,0,60,0.034722222222222224,3,0.3981481481481482,0,0.0017361111111112715,0.9517361111111112,0.5671296296296297
822,GA weighted game design,weighted,weighted constraint violations>rtp_error>reel_symbol_concentration,"(7.192982456140353,)",7.192982456140353,7.192982456140353,0,60,0.034722222222222224,3,0.3981481481481482,0,0.0017361111111112715,0.9517361111111112,0.5671296296296297
823,GA weighted game design,weighted,weighted constraint violations>rtp_error>reel_symbol_concentration,"(7.192982456140353,)",7.192982456140353,7.192982456140353,0,60,0.034722222222222224,3,0.3981481481481482,0,0.0017361111111112715,0.9517361111111112,0.5671296296296297
824,GA weighted game design,weighted,weighted constraint violations>rtp_error>reel_symbol_concentration,"(7.192982456140353,)",7.192982456140353,7.192982456140353,0,60,0.034722222222222224,3,0.3981481481481482,0,0.0017361111111112715,0.9517361111111112,0.5671296296296297
825,GA weighted game design,weighted,weighted constraint violations>rtp_error>reel_symbol_concentration,"(7.192982456140353,)",7.192982456140353,7.192982456140353,0,60,0.034722222222222224,3,0.3981481481481482,0,0.0017361111111112715,0.9517361111111112,0.5671296296296297
826,GA weighted game design,weighted,weighted constraint violations>rtp_error>reel_symbol_concentration,"(7.192982456140353,)",7.192982456140353,7.192982456140353,0,60,0.034722222222222224,3,0.3981481481481482,0,0.0017361111111112715,0.9517361111111112,0.5671296296296297
827,GA weighted game design,weighted,weighted constraint violations>rtp_error>reel_symbol_concentration,"(7.192982456140353,)",7.192982456140353,7.192982456140353,0,60,0.034722222222222224,3,0.3981481481481482,0,0.0017361111111112715,0.9517361111111112,0.5671296296296297
828,GA weighted game design,weighted,weighted constraint violations>rtp_error>reel_symbol_concentration,"(7.192982456140353,)",7.192982456140353,7.192982456140353,0,60,0.034722222222222224,3,0.3981481481481482,0,0.0017361111111112715,0.9517361111111112,0.5671296296296297
829,GA weighted game design,weighted,weighted constraint violations>rtp_error>reel_symbol_concentration,"(7.192982456140353,)",7.192982456140353,7.192982456140353,0,60,0.034722222222222224,3,0.3981481481481482,0,0.0017361111111112715,0.9517361111111112,0.5671296296296297
830,GA weighted game design,weighted,weighted constraint violations>rtp_error>reel_symbol_concentration,"(7.192982456140353,)",7.192982456140353,7.192982456140353,0,60,0.034722222222222224,3,0.3981481481481482,0,0.0017361111111112715,0.9517361111111112,0.5671296296296297
831,GA weighted game design,weighted,weighted constraint violations>rtp_error>reel_symbol_concentration,"(7.192982456140353,)",7.192982456140353,7.192982456140353,0,60,0.034722222222222224,3,0.3981481481481482,0,0.0017361111111112715,0.9517361111111112,0.5671296296296297
832,GA weighted game design,weighted,weighted constraint violations>rtp_error>reel_symbol_concentration,"(7.192982456140353,)",7.192982456140353,7.192982456140353,0,60,0.034722222222222224,3,0.3981481481481482,0,0.0017361111111112715,0.9517361111111112,0.5671296296296297
833,GA weighted game design,weighted,weighted constraint violations>rtp_error>reel_symbol_concentration,"(7.192982456140353,)",7.192982456140353,7.192982456140353,0,60,0.034722222222222224,3,0.3981481481481482,0,0.0017361111111112715,0.9517361111111112,0.5671296296296297
834,GA weighted game design,weighted,weighted constraint violations>rtp_error>reel_symbol_concentration,"(7.192982456140353,)",7.192982456140353,7.192982456140353,0,60,0.034722222222222224,3,0.3981481481481482,0,0.0017361111111112715,0.9517361111111112,0.5671296296296297
835,GA weighted game design,weighted,weighted constraint violations>rtp_error>reel_symbol_concentration,"(7.017543859649124,)",7.017543859649124,7.017543859649124,0,60,0.034722222222222224,3,0.39351851851851855,0,0.0017361111111112715,0.9517361111111112,0.5671296296296297
836,GA weighted game design,weighted,weighted constraint violations>rtp_error>reel_symbol_concentration,"(7.017543859649124,)",7.017543859649124,7.017543859649124,0,60,0.034722222222222224,3,0.39351851851851855,0,0.0017361111111112715,0.9517361111111112,0.5671296296296297
837,GA weighted game design,weighted,weighted constraint violations>rtp_error>reel_symbol_concentration,"(7.017543859649124,)",7.017543859649124,7.017543859649124,0,60,0.034722222222222224,3,0.39351851851851855,0,0.0017361111111112715,0.9517361111111112,0.5671296296296297
838,GA weighted game design,weighted,weighted constraint violations>rtp_error>reel_symbol_concentration,"(7.017543859649124,)",7.017543859649124,7.017543859649124,0,60,0.034722222222222224,3,0.39351851851851855,0,0.0017361111111112715,0.9517361111111112,0.5671296296296297
839,GA weighted game design,weighted,weighted constraint violations>rtp_error>reel_symbol_concentration,"(7.017543859649124,)",7.017543859649124,7.017543859649124,0,60,0.034722222222222224,3,0.39351851851851855,0,0.0017361111111112715,0.9517361111111112,0.5671296296296297
840,GA weighted game design,weighted,weighted constraint violations>rtp_error>reel_symbol_concentration,"(7.017543859649124,)",7.017543859649124,7.017543859649124,0,60,0.034722222222222224,3,0.39351851851851855,0,0.0017361111111112715,0.9517361111111112,0.5671296296296297
841,GA weighted game design,weighted,weighted constraint violations>rtp_error>reel_symbol_concentration,"(7.017543859649124,)",7.017543859649124,7.017543859649124,0,60,0.034722222222222224,3,0.39351851851851855,0,0.0017361111111112715,0.9517361111111112,0.5671296296296297
842,GA weighted game design,weighted,weighted constraint violations>rtp_error>reel_symbol_concentration,"(7.017543859649124,)",7.017543859649124,7.017543859649124,0,60,0.034722222222222224,3,0.39351851851851855,0,0.0017361111111112715,0.9517361111111112,0.5671296296296297
843,GA weighted game design,weighted,weighted constraint violations>rtp_error>reel_symbol_concentration,"(7.017543859649124,)",7.017543859649124,7.017543859649124,0,60,0.034722222222222224,3,0.39351851851851855,0,0.0017361111111112715,0.9517361111111112,0.5671296296296297
844,GA weighted game design,weighted,weighted constraint violations>rtp_error>reel_symbol_concentration,"(7.017543859649124,)",7.017543859649124,7.017543859649124,0,60,0.034722222222222224,3,0.39351851851851855,0,0.0017361111111112715,0.9517361111111112,0.5671296296296297
845,GA weighted game design,weighted,weighted constraint violations>rtp_error>reel_symbol_concentration,"(7.017543859649124,)",7.017543859649124,7.017543859649124,0,60,0.034722222222222224,3,0.39351851851851855,0,0.0017361111111112715,0.9517361111111112,0.5671296296296297
846,GA weighted game design,weighted,weighted constraint violations>rtp_error>reel_symbol_concentration,"(7.017543859649124,)",7.017543859649124,7.017543859649124,0,60,0.034722222222222224,3,0.39351851851851855,0,0.0017361111111112715,0.9517361111111112,0.5671296296296297
847,GA weighted game design,weighted,weighted constraint violations>rtp_error>reel_symbol_concentration,"(7.017543859649124,)",7.017543859649124,7.017543859649124,0,60,0.034722222222222224,3,0.39351851851851855,0,0.0017361111111112715,0.9517361111111112,0.5671296296296297
848,GA weighted game design,weighted,weighted constraint violations>rtp_error>reel_symbol_concentration,"(7.017543859649124,)",7.017543859649124,7.017543859649124,0,60,0.034722222222222224,3,0.39351851851851855,0,0.0017361111111112715,0.9517361111111112,0.5671296296296297
849,GA weighted game design,weighted,weighted constraint violations>rtp_error>reel_symbol_concentration,"(7.017543859649124,)",7.017543859649124,7.017543859649124,0,60,0.034722222222222224,3,0.39351851851851855,0,0.0017361111111112715,0.9517361111111112,0.5671296296296297
850,GA weighted game design,weighted,weighted constraint violations>rtp_error>reel_symbol_concentration,"(7.017543859649124,)",7.017543859649124,7.017543859649124,0,60,0.034722222222222224,3,0.39351851851851855,0,0.0017361111111112715,0.9517361111111112,0.5671296296296297
851,GA weighted game design,weighted,weighted constraint violations>rtp_error>reel_symbol_concentration,"(7.017543859649124,)",7.017543859649124,7.017543859649124,0,60,0.034722222222222224,3,0.39351851851851855,0,0.0017361111111112715,0.9517361111111112,0.5671296296296297
852,GA weighted game design,weighted,weighted constraint violations>rtp_error>reel_symbol_concentration,"(7.017543859649124,)",7.017543859649124,7.017543859649124,0,60,0.034722222222222224,3,0.39351851851851855,0,0.0017361111111112715,0.9517361111111112,0.5671296296296297
853,GA weighted game design,weighted,weighted constraint violations>rtp_error>reel_symbol_concentration,"(7.017543859649124,)",7.017543859649124,7.017543859649124,0,60,0.034722222222222224,3,0.39351851851851855,0,0.0017361111111112715,0.9517361111111112,0.5671296296296297
854,GA weighted game design,weighted,weighted constraint violations>rtp_error>reel_symbol_concentration,"(7.017543859649124,)",7.017543859649124,7.017543859649124,0,60,0.034722222222222224,3,0.39351851851851855,0,0.0017361111111112715,0.9517361111111112,0.5671296296296297
855,GA weighted game design,weighted,weighted constraint violations>rtp_error>reel_symbol_concentration,"(7.017543859649124,)",7.017543859649124,7.017543859649124,0,60,0.034722222222222224,3,0.39351851851851855,0,0.0017361111111112715,0.9517361111111112,0.5671296296296297
856,GA weighted game design,weighted,weighted constraint violations>rtp_error>reel_symbol_concentration,"(7.017543859649124,)",7.017543859649124,7.017543859649124,0,60,0.034722222222222224,3,0.39351851851851855,0,0.0017361111111112715,0.9517361111111112,0.5671296296296297
857,GA weighted game design,weighted,weighted constraint violations>rtp_error>reel_symbol_concentration,"(7.017543859649124,)",7.017543859649124,7.017543859649124,0,60,0.034722222222222224,3,0.39351851851851855,0,0.0017361111111112715,0.9517361111111112,0.5671296296296297
858,GA weighted game design,weighted,weighted constraint violations>rtp_error>reel_symbol_concentration,"(7.017543859649124,)",7.017543859649124,7.017543859649124,0,60,0.034722222222222224,3,0.39351851851851855,0,0.0017361111111112715,0.9517361111111112,0.5671296296296297
859,GA weighted game design,weighted,weighted constraint violations>rtp_error>reel_symbol_concentration,"(7.017543859649124,)",7.017543859649124,7.017543859649124,0,60,0.034722222222222224,3,0.39351851851851855,0,0.0017361111111112715,0.9517361111111112,0.5671296296296297
860,GA weighted game design,weighted,weighted constraint violations>rtp_error>reel_symbol_concentration,"(7.017543859649124,)",7.017543859649124,7.017543859649124,0,60,0.034722222222222224,3,0.39351851851851855,0,0.0017361111111112715,0.9517361111111112,0.5671296296296297
861,GA weighted game design,weighted,weighted constraint violations>rtp_error>reel_symbol_concentration,"(7.017543859649124,)",7.017543859649124,7.017543859649124,0,60,0.034722222222222224,3,0.39351851851851855,0,0.0017361111111112715,0.9517361111111112,0.5671296296296297
862,GA weighted game design,weighted,weighted constraint violations>rtp_error>reel_symbol_concentration,"(7.017543859649124,)",7.017543859649124,7.017543859649124,0,60,0.034722222222222224,3,0.39351851851851855,0,0.0017361111111112715,0.9517361111111112,0.5671296296296297
863,GA weighted game design,weighted,weighted constraint violations>rtp_error>reel_symbol_concentration,"(7.017543859649124,)",7.017543859649124,7.017543859649124,0,60,0.034722222222222224,3,0.39351851851851855,0,0.0017361111111112715,0.9517361111111112,0.5671296296296297
864,GA weighted game design,weighted,weighted constraint violations>rtp_error>reel_symbol_concentration,"(7.017543859649124,)",7.017543859649124,7.017543859649124,0,60,0.034722222222222224,3,0.39351851851851855,0,0.0017361111111112715,0.9517361111111112,0.5671296296296297
865,GA weighted game design,weighted,weighted constraint violations>rtp_error>reel_symbol_concentration,"(7.017543859649124,)",7.017543859649124,7.017543859649124,0,60,0.034722222222222224,3,0.39351851851851855,0,0.0017361111111112715,0.9517361111111112,0.5671296296296297
866,GA weighted game design,weighted,weighted constraint violations>rtp_error>reel_symbol_concentration,"(7.017543859649124,)",7.017543859649124,7.017543859649124,0,60,0.034722222222222224,3,0.39351851851851855,0,0.0017361111111112715,0.9517361111111112,0.5671296296296297
867,GA weighted game design,weighted,weighted constraint violations>rtp_error>reel_symbol_concentration,"(7.017543859649124,)",7.017543859649124,7.017543859649124,0,60,0.034722222222222224,3,0.39351851851851855,0,0.0017361111111112715,0.9517361111111112,0.5671296296296297
868,GA weighted game design,weighted,weighted constraint violations>rtp_error>reel_symbol_concentration,"(7.017543859649124,)",7.017543859649124,7.017543859649124,0,60,0.034722222222222224,3,0.39351851851851855,0,0.0017361111111112715,0.9517361111111112,0.5671296296296297
869,GA weighted game design,weighted,weighted constraint violations>rtp_error>reel_symbol_concentration,"(7.017543859649124,)",7.017543859649124,7.017543859649124,0,60,0.034722222222222224,3,0.39351851851851855,0,0.0017361111111112715,0.9517361111111112,0.5671296296296297
870,GA weighted game design,weighted,weighted constraint violations>rtp_error>reel_symbol_concentration,"(7.017543859649124,)",7.017543859649124,7.017543859649124,0,60,0.034722222222222224,3,0.39351851851851855,0,0.0017361111111112715,0.9517361111111112,0.5671296296296297
871,GA weighted game design,weighted,weighted constraint violations>rtp_error>reel_symbol_concentration,"(7.017543859649124,)",7.017543859649124,7.017543859649124,0,60,0.034722222222222224,3,0.39351851851851855,0,0.0017361111111112715,0.9517361111111112,0.5671296296296297
872,GA weighted game design,weighted,weighted constraint violations>rtp_error>reel_symbol_concentration,"(7.017543859649124,)",7.017543859649124,7.017543859649124,0,60,0.034722222222222224,3,0.39351851851851855,0,0.0017361111111112715,0.9517361111111112,0.5671296296296297
873,GA weighted game design,weighted,weighted constraint violations>rtp_error>reel_symbol_concentration,"(7.017543859649124,)",7.017543859649124,7.017543859649124,0,60,0.034722222222222224,3,0.39351851851851855,0,0.0017361111111112715,0.9517361111111112,0.5671296296296297
874,GA weighted game design,weighted,weighted constraint violations>rtp_error>reel_symbol_concentration,"(7.017543859649124,)",7.017543859649124,7.017543859649124,0,60,0.034722222222222224,3,0.39351851851851855,0,0.0017361111111112715,0.9517361111111112,0.5671296296296297
875,GA weighted game design,weighted,weighted constraint violations>rtp_error>reel_symbol_concentration,"(7.017543859649124,)",7.017543859649124,7.017543859649124,0,60,0.034722222222222224,3,0.39351851851851855,0,0.0017361111111112715,0.9517361111111112,0.5671296296296297
876,GA weighted game design,weighted,weighted constraint violations>rtp_error>reel_symbol_concentration,"(7.017543859649124,)",7.017543859649124,7.017543859649124,0,60,0.034722222222222224,3,0.39351851851851855,0,0.0017361111111112715,0.9517361111111112,0.5671296296296297
877,GA weighted game design,weighted,weighted constraint violations>rtp_error>reel_symbol_concentration,"(7.017543859649124,)",7.017543859649124,7.017543859649124,0,60,0.034722222222222224,3,0.39351851851851855,0,0.0017361111111112715,0.9517361111111112,0.5671296296296297
878,GA weighted game design,weighted,weighted constraint violations>rtp_error>reel_symbol_concentration,"(7.017543859649124,)",7.017543859649124,7.017543859649124,0,60,0.034722222222222224,3,0.39351851851851855,0,0.0017361111111112715,0.9517361111111112,0.5671296296296297
879,GA weighted game design,weighted,weighted constraint violations>rtp_error>reel_symbol_concentration,"(7.017543859649124,)",7.017543859649124,7.017543859649124,0,60,0.034722222222222224,3,0.39351851851851855,0,0.0017361111111112715,0.9517361111111112,0.5671296296296297
880,GA weighted game design,weighted,weighted constraint violations>rtp_error>reel_symbol_concentration,"(7.017543859649124,)",7.017543859649124,7.017543859649124,0,60,0.034722222222222224,3,0.39351851851851855,0,0.0017361111111112715,0.9517361111111112,0.5671296296296297
881,GA weighted game design,weighted,weighted constraint violations>rtp_error>reel_symbol_concentration,"(7.017543859649124,)",7.017543859649124,7.017543859649124,0,60,0.034722222222222224,3,0.39351851851851855,0,0.0017361111111112715,0.9517361111111112,0.5671296296296297
882,GA weighted game design,weighted,weighted constraint violations>rtp_error>reel_symbol_concentration,"(7.017543859649124,)",7.017543859649124,7.017543859649124,0,60,0.034722222222222224,3,0.39351851851851855,0,0.0017361111111112715,0.9517361111111112,0.5671296296296297
883,GA weighted game design,weighted,weighted constraint violations>rtp_error>reel_symbol_concentration,"(7.017543859649124,)",7.017543859649124,7.017543859649124,0,60,0.034722222222222224,3,0.39351851851851855,0,0.0017361111111112715,0.9517361111111112,0.5671296296296297
884,GA weighted game design,weighted,weighted constraint violations>rtp_error>reel_symbol_concentration,"(7.017543859649124,)",7.017543859649124,7.017543859649124,0,60,0.034722222222222224,3,0.39351851851851855,0,0.0017361111111112715,0.9517361111111112,0.5671296296296297
885,GA weighted game design,weighted,weighted constraint violations>rtp_error>reel_symbol_concentration,"(7.017543859649124,)",7.017543859649124,7.017543859649124,0,60,0.034722222222222224,3,0.39351851851851855,0,0.0017361111111112715,0.9517361111111112,0.5671296296296297
886,GA weighted game design,weighted,weighted constraint violations>rtp_error>reel_symbol_concentration,"(7.017543859649124,)",7.017543859649124,7.017543859649124,0,60,0.034722222222222224,3,0.39351851851851855,0,0.0017361111111112715,0.9517361111111112,0.5671296296296297
887,GA weighted game design,weighted,weighted constraint violations>rtp_error>reel_symbol_concentration,"(7.017543859649124,)",7.017543859649124,7.017543859649124,0,60,0.034722222222222224,3,0.39351851851851855,0,0.0017361111111112715,0.9517361111111112,0.5671296296296297
888,GA weighted game design,weighted,weighted constraint violations>rtp_error>reel_symbol_concentration,"(7.017543859649124,)",7.017543859649124,7.017543859649124,0,60,0.034722222222222224,3,0.39351851851851855,0,0.0017361111111112715,0.9517361111111112,0.5671296296296297
889,GA weighted game design,weighted,weighted constraint violations>rtp_error>reel_symbol_concentration,"(7.017543859649124,)",7.017543859649124,7.017543859649124,0,60,0.034722222222222224,3,0.39351851851851855,0,0.0017361111111112715,0.9517361111111112,0.5671296296296297
890,GA weighted game design,weighted,weighted constraint violations>rtp_error>reel_symbol_concentration,"(7.017543859649124,)",7.017543859649124,7.017543859649124,0,60,0.034722222222222224,3,0.39351851851851855,0,0.0017361111111112715,0.9517361111111112,0.5671296296296297
891,GA weighted game design,weighted,weighted constraint violations>rtp_error>reel_symbol_concentration,"(7.017543859649124,)",7.017543859649124,7.017543859649124,0,60,0.034722222222222224,3,0.39351851851851855,0,0.0017361111111112715,0.9517361111111112,0.5671296296296297
892,GA weighted game design,weighted,weighted constraint violations>rtp_error>reel_symbol_concentration,"(7.017543859649124,)",7.017543859649124,7.017543859649124,0,60,0.034722222222222224,3,0.39351851851851855,0,0.0017361111111112715,0.9517361111111112,0.5671296296296297
893,GA weighted game design,weighted,weighted constraint violations>rtp_error>reel_symbol_concentration,"(7.017543859649124,)",7.017543859649124,7.017543859649124,0,60,0.034722222222222224,3,0.39351851851851855,0,0.0017361111111112715,0.9517361111111112,0.5671296296296297
894,GA weighted game design,weighted,weighted constraint violations>rtp_error>reel_symbol_concentration,"(7.017543859649124,)",7.017543859649124,7.017543859649124,0,60,0.034722222222222224,3,0.39351851851851855,0,0.0017361111111112715,0.9517361111111112,0.5671296296296297
895,GA weighted game design,weighted,weighted constraint violations>rtp_error>reel_symbol_concentration,"(7.017543859649124,)",7.017543859649124,7.017543859649124,0,60,0.034722222222222224,3,0.39351851851851855,0,0.0017361111111112715,0.9517361111111112,0.5671296296296297
896,GA weighted game design,weighted,weighted constraint violations>rtp_error>reel_symbol_concentration,"(7.017543859649124,)",7.017543859649124,7.017543859649124,0,60,0.034722222222222224,3,0.39351851851851855,0,0.0017361111111112715,0.9517361111111112,0.5671296296296297
897,GA weighted game design,weighted,weighted constraint violations>rtp_error>reel_symbol_concentration,"(7.017543859649124,)",7.017543859649124,7.017543859649124,0,60,0.034722222222222224,3,0.39351851851851855,0,0.0017361111111112715,0.9517361111111112,0.5671296296296297
898,GA weighted game design,weighted,weighted constraint violations>rtp_error>reel_symbol_concentration,"(7.017543859649124,)",7.017543859649124,7.017543859649124,0,60,0.034722222222222224,3,0.39351851851851855,0,0.0017361111111112715,0.9517361111111112,0.5671296296296297
899,GA weighted game design,weighted,weighted constraint violations>rtp_error>reel_symbol_concentration,"(7.017543859649124,)",7.017543859649124,7.017543859649124,0,60,0.034722222222222224,3,0.39351851851851855,0,0.0017361111111112715,0.9517361111111112,0.5671296296296297
900,GA weighted game design,weighted,weighted constraint violations>rtp_error>reel_symbol_concentration,"(7.017543859649124,)",7.017543859649124,7.017543859649124,0,60,0.034722222222222224,3,0.39351851851851855,0,0.0017361111111112715,0.9517361111111112,0.5671296296296297
901,GA weighted game design,weighted,weighted constraint violations>rtp_error>reel_symbol_concentration,"(7.017543859649124,)",7.017543859649124,7.017543859649124,0,60,0.034722222222222224,3,0.39351851851851855,0,0.0017361111111112715,0.9517361111111112,0.5671296296296297
902,GA weighted game design,weighted,weighted constraint violations>rtp_error>reel_symbol_concentration,"(7.017543859649124,)",7.017543859649124,7.017543859649124,0,60,0.034722222222222224,3,0.39351851851851855,0,0.0017361111111112715,0.9517361111111112,0.5671296296296297
903,GA weighted game design,weighted,weighted constraint violations>rtp_error>reel_symbol_concentration,"(7.017543859649124,)",7.017543859649124,7.017543859649124,0,60,0.034722222222222224,3,0.39351851851851855,0,0.0017361111111112715,0.9517361111111112,0.5671296296296297
904,GA weighted game design,weighted,weighted constraint violations>rtp_error>reel_symbol_concentration,"(7.017543859649124,)",7.017543859649124,7.017543859649124,0,60,0.034722222222222224,3,0.39351851851851855,0,0.0017361111111112715,0.9517361111111112,0.5671296296296297
905,GA weighted game design,weighted,weighted constraint violations>rtp_error>reel_symbol_concentration,"(7.017543859649124,)",7.017543859649124,7.017543859649124,0,60,0.034722222222222224,3,0.39351851851851855,0,0.0017361111111112715,0.9517361111111112,0.5671296296296297
906,GA weighted game design,weighted,weighted constraint violations>rtp_error>reel_symbol_concentration,"(7.017543859649124,)",7.017543859649124,7.017543859649124,0,60,0.034722222222222224,3,0.39351851851851855,0,0.0017361111111112715,0.9517361111111112,0.5671296296296297
907,GA weighted game design,weighted,weighted constraint violations>rtp_error>reel_symbol_concentration,"(7.017543859649124,)",7.017543859649124,7.017543859649124,0,60,0.034722222222222224,3,0.39351851851851855,0,0.0017361111111112715,0.9517361111111112,0.5671296296296297
908,GA weighted game design,weighted,weighted constraint violations>rtp_error>reel_symbol_concentration,"(7.017543859649124,)",7.017543859649124,7.017543859649124,0,60,0.034722222222222224,3,0.39351851851851855,0,0.0017361111111112715,0.9517361111111112,0.5671296296296297
909,GA weighted game design,weighted,weighted constraint violations>rtp_error>reel_symbol_concentration,"(7.017543859649124,)",7.017543859649124,7.017543859649124,0,60,0.034722222222222224,3,0.39351851851851855,0,0.0017361111111112715,0.9517361111111112,0.5671296296296297
910,GA weighted game design,weighted,weighted constraint violations>rtp_error>reel_symbol_concentration,"(7.017543859649124,)",7.017543859649124,7.017543859649124,0,60,0.034722222222222224,3,0.39351851851851855,0,0.0017361111111112715,0.9517361111111112,0.5671296296296297
911,GA weighted game design,weighted,weighted constraint violations>rtp_error>reel_symbol_concentration,"(7.017543859649124,)",7.017543859649124,7.017543859649124,0,60,0.034722222222222224,3,0.39351851851851855,0,0.0017361111111112715,0.9517361111111112,0.5671296296296297
912,GA weighted game design,weighted,weighted constraint violations>rtp_error>reel_symbol_concentration,"(7.017543859649124,)",7.017543859649124,7.017543859649124,0,60,0.034722222222222224,3,0.39351851851851855,0,0.0017361111111112715,0.9517361111111112,0.5671296296296297
913,GA weighted game design,weighted,weighted constraint violations>rtp_error>reel_symbol_concentration,"(7.017543859649124,)",7.017543859649124,7.017543859649124,0,60,0.034722222222222224,3,0.39351851851851855,0,0.0017361111111112715,0.9517361111111112,0.5671296296296297
914,GA weighted game design,weighted,weighted constraint violations>rtp_error>reel_symbol_concentration,"(7.017543859649124,)",7.017543859649124,7.017543859649124,0,60,0.034722222222222224,3,0.39351851851851855,0,0.0017361111111112715,0.9517361111111112,0.5671296296296297
915,GA weighted game design,weighted,weighted constraint violations>rtp_error>reel_symbol_concentration,"(7.017543859649124,)",7.017543859649124,7.017543859649124,0,60,0.034722222222222224,3,0.39351851851851855,0,0.0017361111111112715,0.9517361111111112,0.5671296296296297
916,GA weighted game design,weighted,weighted constraint violations>rtp_error>reel_symbol_concentration,"(7.017543859649124,)",7.017543859649124,7.017543859649124,0,60,0.034722222222222224,3,0.39351851851851855,0,0.0017361111111112715,0.9517361111111112,0.5671296296296297
917,GA weighted game design,weighted,weighted constraint violations>rtp_error>reel_symbol_concentration,"(7.017543859649124,)",7.017543859649124,7.017543859649124,0,60,0.034722222222222224,3,0.39351851851851855,0,0.0017361111111112715,0.9517361111111112,0.5671296296296297
918,GA weighted game design,weighted,weighted constraint violations>rtp_error>reel_symbol_concentration,"(7.017543859649124,)",7.017543859649124,7.017543859649124,0,60,0.034722222222222224,3,0.39351851851851855,0,0.0017361111111112715,0.9517361111111112,0.5671296296296297
919,GA weighted game design,weighted,weighted constraint violations>rtp_error>reel_symbol_concentration,"(7.017543859649124,)",7.017543859649124,7.017543859649124,0,60,0.034722222222222224,3,0.39351851851851855,0,0.0017361111111112715,0.9517361111111112,0.5671296296296297
920,GA weighted game design,weighted,weighted constraint violations>rtp_error>reel_symbol_concentration,"(7.017543859649124,)",7.017543859649124,7.017543859649124,0,60,0.034722222222222224,3,0.39351851851851855,0,0.0017361111111112715,0.9517361111111112,0.5671296296296297
921,GA weighted game design,weighted,weighted constraint violations>rtp_error>reel_symbol_concentration,"(7.017543859649124,)",7.017543859649124,7.017543859649124,0,60,0.034722222222222224,3,0.39351851851851855,0,0.0017361111111112715,0.9517361111111112,0.5671296296296297
922,GA weighted game design,weighted,weighted constraint violations>rtp_error>reel_symbol_concentration,"(7.017543859649124,)",7.017543859649124,7.017543859649124,0,60,0.034722222222222224,3,0.39351851851851855,0,0.0017361111111112715,0.9517361111111112,0.5671296296296297
923,GA weighted game design,weighted,weighted constraint violations>rtp_error>reel_symbol_concentration,"(7.017543859649124,)",7.017543859649124,7.017543859649124,0,60,0.034722222222222224,3,0.39351851851851855,0,0.0017361111111112715,0.9517361111111112,0.5671296296296297
924,GA weighted game design,weighted,weighted constraint violations>rtp_error>reel_symbol_concentration,"(7.017543859649124,)",7.017543859649124,7.017543859649124,0,60,0.034722222222222224,3,0.39351851851851855,0,0.0017361111111112715,0.9517361111111112,0.5671296296296297
925,GA weighted game design,weighted,weighted constraint violations>rtp_error>reel_symbol_concentration,"(7.017543859649124,)",7.017543859649124,7.017543859649124,0,60,0.034722222222222224,3,0.39351851851851855,0,0.0017361111111112715,0.9517361111111112,0.5671296296296297
926,GA weighted game design,weighted,weighted constraint violations>rtp_error>reel_symbol_concentration,"(7.017543859649124,)",7.017543859649124,7.017543859649124,0,60,0.034722222222222224,3,0.39351851851851855,0,0.0017361111111112715,0.9517361111111112,0.5671296296296297
927,GA weighted game design,weighted,weighted constraint violations>rtp_error>reel_symbol_concentration,"(7.017543859649124,)",7.017543859649124,7.017543859649124,0,60,0.034722222222222224,3,0.39351851851851855,0,0.0017361111111112715,0.9517361111111112,0.5671296296296297
928,GA weighted game design,weighted,weighted constraint violations>rtp_error>reel_symbol_concentration,"(7.017543859649124,)",7.017543859649124,7.017543859649124,0,60,0.034722222222222224,3,0.39351851851851855,0,0.0017361111111112715,0.9517361111111112,0.5671296296296297
929,GA weighted game design,weighted,weighted constraint violations>rtp_error>reel_symbol_concentration,"(7.017543859649124,)",7.017543859649124,7.017543859649124,0,60,0.034722222222222224,3,0.39351851851851855,0,0.0017361111111112715,0.9517361111111112,0.5671296296296297
930,GA weighted game design,weighted,weighted constraint violations>rtp_error>reel_symbol_concentration,"(7.017543859649124,)",7.017543859649124,7.017543859649124,0,60,0.034722222222222224,3,0.39351851851851855,0,0.0017361111111112715,0.9517361111111112,0.5671296296296297
931,GA weighted game design,weighted,weighted constraint violations>rtp_error>reel_symbol_concentration,"(7.017543859649124,)",7.017543859649124,7.017543859649124,0,60,0.034722222222222224,3,0.39351851851851855,0,0.0017361111111112715,0.9517361111111112,0.5671296296296297
932,GA weighted game design,weighted,weighted constraint violations>rtp_error>reel_symbol_concentration,"(7.017543859649124,)",7.017543859649124,7.017543859649124,0,60,0.034722222222222224,3,0.39351851851851855,0,0.0017361111111112715,0.9517361111111112,0.5671296296296297
933,GA weighted game design,weighted,weighted constraint violations>rtp_error>reel_symbol_concentration,"(7.017543859649124,)",7.017543859649124,7.017543859649124,0,60,0.034722222222222224,3,0.39351851851851855,0,0.0017361111111112715,0.9517361111111112,0.5671296296296297
934,GA weighted game design,weighted,weighted constraint violations>rtp_error>reel_symbol_concentration,"(7.017543859649124,)",7.017543859649124,7.017543859649124,0,60,0.034722222222222224,3,0.39351851851851855,0,0.0017361111111112715,0.9517361111111112,0.5671296296296297
935,GA weighted game design,weighted,weighted constraint violations>rtp_error>reel_symbol_concentration,"(7.017543859649124,)",7.017543859649124,7.017543859649124,0,60,0.034722222222222224,3,0.39351851851851855,0,0.0017361111111112715,0.9517361111111112,0.5671296296296297
936,GA weighted game design,weighted,weighted constraint violations>rtp_error>reel_symbol_concentration,"(7.017543859649124,)",7.017543859649124,7.017543859649124,0,60,0.034722222222222224,3,0.39351851851851855,0,0.0017361111111112715,0.9517361111111112,0.5671296296296297
937,GA weighted game design,weighted,weighted constraint violations>rtp_error>reel_symbol_concentration,"(7.017543859649124,)",7.017543859649124,7.017543859649124,0,60,0.034722222222222224,3,0.39351851851851855,0,0.0017361111111112715,0.9517361111111112,0.5671296296296297
938,GA weighted game design,weighted,weighted constraint violations>rtp_error>reel_symbol_concentration,"(7.017543859649124,)",7.017543859649124,7.017543859649124,0,60,0.034722222222222224,3,0.39351851851851855,0,0.0017361111111112715,0.9517361111111112,0.5671296296296297
939,GA weighted game design,weighted,weighted constraint violations>rtp_error>reel_symbol_concentration,"(7.017543859649124,)",7.017543859649124,7.017543859649124,0,60,0.034722222222222224,3,0.39351851851851855,0,0.0017361111111112715,0.9517361111111112,0.5671296296296297
940,GA weighted game design,weighted,weighted constraint violations>rtp_error>reel_symbol_concentration,"(7.017543859649124,)",7.017543859649124,7.017543859649124,0,60,0.034722222222222224,3,0.39351851851851855,0,0.0017361111111112715,0.9517361111111112,0.5671296296296297
941,GA weighted game design,weighted,weighted constraint violations>rtp_error>reel_symbol_concentration,"(7.017543859649124,)",7.017543859649124,7.017543859649124,0,60,0.034722222222222224,3,0.39351851851851855,0,0.0017361111111112715,0.9517361111111112,0.5671296296296297
942,GA weighted game design,weighted,weighted constraint violations>rtp_error>reel_symbol_concentration,"(7.017543859649124,)",7.017543859649124,7.017543859649124,0,60,0.034722222222222224,3,0.39351851851851855,0,0.0017361111111112715,0.9517361111111112,0.5671296296296297
943,GA weighted game design,weighted,weighted constraint violations>rtp_error>reel_symbol_concentration,"(7.017543859649124,)",7.017543859649124,7.017543859649124,0,60,0.034722222222222224,3,0.39351851851851855,0,0.0017361111111112715,0.9517361111111112,0.5671296296296297
944,GA weighted game design,weighted,weighted constraint violations>rtp_error>reel_symbol_concentration,"(7.017543859649124,)",7.017543859649124,7.017543859649124,0,60,0.034722222222222224,3,0.39351851851851855,0,0.0017361111111112715,0.9517361111111112,0.5671296296296297
945,GA weighted game design,weighted,weighted constraint violations>rtp_error>reel_symbol_concentration,"(7.017543859649124,)",7.017543859649124,7.017543859649124,0,60,0.034722222222222224,3,0.39351851851851855,0,0.0017361111111112715,0.9517361111111112,0.5671296296296297
946,GA weighted game design,weighted,weighted constraint violations>rtp_error>reel_symbol_concentration,"(7.017543859649124,)",7.017543859649124,7.017543859649124,0,60,0.034722222222222224,3,0.39351851851851855,0,0.0017361111111112715,0.9517361111111112,0.5671296296296297
947,GA weighted game design,weighted,weighted constraint violations>rtp_error>reel_symbol_concentration,"(7.017543859649124,)",7.017543859649124,7.017543859649124,0,60,0.034722222222222224,3,0.39351851851851855,0,0.0017361111111112715,0.9517361111111112,0.5671296296296297
948,GA weighted game design,weighted,weighted constraint violations>rtp_error>reel_symbol_concentration,"(7.017543859649124,)",7.017543859649124,7.017543859649124,0,60,0.034722222222222224,3,0.39351851851851855,0,0.0017361111111112715,0.9517361111111112,0.5671296296296297
949,GA weighted game design,weighted,weighted constraint violations>rtp_error>reel_symbol_concentration,"(7.017543859649124,)",7.017543859649124,7.017543859649124,0,60,0.034722222222222224,3,0.39351851851851855,0,0.0017361111111112715,0.9517361111111112,0.5671296296296297
950,GA weighted game design,weighted,weighted constraint violations>rtp_error>reel_symbol_concentration,"(7.017543859649124,)",7.017543859649124,7.017543859649124,0,60,0.034722222222222224,3,0.39351851851851855,0,0.0017361111111112715,0.9517361111111112,0.5671296296296297
951,GA weighted game design,weighted,weighted constraint violations>rtp_error>reel_symbol_concentration,"(7.017543859649124,)",7.017543859649124,7.017543859649124,0,60,0.034722222222222224,3,0.39351851851851855,0,0.0017361111111112715,0.9517361111111112,0.5671296296296297
952,GA weighted game design,weighted,weighted constraint violations>rtp_error>reel_symbol_concentration,"(7.017543859649124,)",7.017543859649124,7.017543859649124,0,60,0.034722222222222224,3,0.39351851851851855,0,0.0017361111111112715,0.9517361111111112,0.5671296296296297
953,GA weighted game design,weighted,weighted constraint violations>rtp_error>reel_symbol_concentration,"(7.017543859649124,)",7.017543859649124,7.017543859649124,0,60,0.034722222222222224,3,0.39351851851851855,0,0.0017361111111112715,0.9517361111111112,0.5671296296296297
954,GA weighted game design,weighted,weighted constraint violations>rtp_error>reel_symbol_concentration,"(7.017543859649124,)",7.017543859649124,7.017543859649124,0,60,0.034722222222222224,3,0.39351851851851855,0,0.0017361111111112715,0.9517361111111112,0.5671296296296297
955,GA weighted game design,weighted,weighted constraint violations>rtp_error>reel_symbol_concentration,"(7.017543859649124,)",7.017543859649124,7.017543859649124,0,60,0.034722222222222224,3,0.39351851851851855,0,0.0017361111111112715,0.9517361111111112,0.5671296296296297
956,GA weighted game design,weighted,weighted constraint violations>rtp_error>reel_symbol_concentration,"(7.017543859649124,)",7.017543859649124,7.017543859649124,0,60,0.034722222222222224,3,0.39351851851851855,0,0.0017361111111112715,0.9517361111111112,0.5671296296296297
957,GA weighted game design,weighted,weighted constraint violations>rtp_error>reel_symbol_concentration,"(7.017543859649124,)",7.017543859649124,7.017543859649124,0,60,0.034722222222222224,3,0.39351851851851855,0,0.0017361111111112715,0.9517361111111112,0.5671296296296297
958,GA weighted game design,weighted,weighted constraint violations>rtp_error>reel_symbol_concentration,"(7.017543859649124,)",7.017543859649124,7.017543859649124,0,60,0.034722222222222224,3,0.39351851851851855,0,0.0017361111111112715,0.9517361111111112,0.5671296296296297
959,GA weighted game design,weighted,weighted constraint violations>rtp_error>reel_symbol_concentration,"(7.017543859649124,)",7.017543859649124,7.017543859649124,0,60,0.034722222222222224,3,0.39351851851851855,0,0.0017361111111112715,0.9517361111111112,0.5671296296296297
960,GA weighted game design,weighted,weighted constraint violations>rtp_error>reel_symbol_concentration,"(7.017543859649124,)",7.017543859649124,7.017543859649124,0,60,0.034722222222222224,3,0.39351851851851855,0,0.0017361111111112715,0.9517361111111112,0.5671296296296297
961,GA weighted game design,weighted,weighted constraint violations>rtp_error>reel_symbol_concentration,"(7.017543859649124,)",7.017543859649124,7.017543859649124,0,60,0.034722222222222224,3,0.39351851851851855,0,0.0017361111111112715,0.9517361111111112,0.5671296296296297
962,GA weighted game design,weighted,weighted constraint violations>rtp_error>reel_symbol_concentration,"(7.017543859649124,)",7.017543859649124,7.017543859649124,0,60,0.034722222222222224,3,0.39351851851851855,0,0.0017361111111112715,0.9517361111111112,0.5671296296296297
963,GA weighted game design,weighted,weighted constraint violations>rtp_error>reel_symbol_concentration,"(7.017543859649124,)",7.017543859649124,7.017543859649124,0,60,0.034722222222222224,3,0.39351851851851855,0,0.0017361111111112715,0.9517361111111112,0.5671296296296297
964,GA weighted game design,weighted,weighted constraint violations>rtp_error>reel_symbol_concentration,"(7.017543859649124,)",7.017543859649124,7.017543859649124,0,60,0.034722222222222224,3,0.39351851851851855,0,0.0017361111111112715,0.9517361111111112,0.5671296296296297
965,GA weighted game design,weighted,weighted constraint violations>rtp_error>reel_symbol_concentration,"(7.017543859649124,)",7.017543859649124,7.017543859649124,0,60,0.034722222222222224,3,0.39351851851851855,0,0.0017361111111112715,0.9517361111111112,0.5671296296296297
966,GA weighted game design,weighted,weighted constraint violations>rtp_error>reel_symbol_concentration,"(7.017543859649124,)",7.017543859649124,7.017543859649124,0,60,0.034722222222222224,3,0.39351851851851855,0,0.0017361111111112715,0.9517361111111112,0.5671296296296297
967,GA weighted game design,weighted,weighted constraint violations>rtp_error>reel_symbol_concentration,"(7.017543859649124,)",7.017543859649124,7.017543859649124,0,60,0.034722222222222224,3,0.39351851851851855,0,0.0017361111111112715,0.9517361111111112,0.5671296296296297
968,GA weighted game design,weighted,weighted constraint violations>rtp_error>reel_symbol_concentration,"(7.017543859649124,)",7.017543859649124,7.017543859649124,0,60,0.034722222222222224,3,0.39351851851851855,0,0.0017361111111112715,0.9517361111111112,0.5671296296296297
969,GA weighted game design,weighted,weighted constraint violations>rtp_error>reel_symbol_concentration,"(7.017543859649124,)",7.017543859649124,7.017543859649124,0,60,0.034722222222222224,3,0.39351851851851855,0,0.0017361111111112715,0.9517361111111112,0.5671296296296297
970,GA weighted game design,weighted,weighted constraint violations>rtp_error>reel_symbol_concentration,"(7.017543859649124,)",7.017543859649124,7.017543859649124,0,60,0.034722222222222224,3,0.39351851851851855,0,0.0017361111111112715,0.9517361111111112,0.5671296296296297
971,GA weighted game design,weighted,weighted constraint violations>rtp_error>reel_symbol_concentration,"(7.017543859649124,)",7.017543859649124,7.017543859649124,0,60,0.034722222222222224,3,0.39351851851851855,0,0.0017361111111112715,0.9517361111111112,0.5671296296296297
972,GA weighted game design,weighted,weighted constraint violations>rtp_error>reel_symbol_concentration,"(7.017543859649124,)",7.017543859649124,7.017543859649124,0,60,0.034722222222222224,3,0.39351851851851855,0,0.0017361111111112715,0.9517361111111112,0.5671296296296297
973,GA weighted game design,weighted,weighted constraint violations>rtp_error>reel_symbol_concentration,"(7.017543859649124,)",7.017543859649124,7.017543859649124,0,60,0.034722222222222224,3,0.39351851851851855,0,0.0017361111111112715,0.9517361111111112,0.5671296296296297
974,GA weighted game design,weighted,weighted constraint violations>rtp_error>reel_symbol_concentration,"(7.017543859649124,)",7.017543859649124,7.017543859649124,0,60,0.034722222222222224,3,0.39351851851851855,0,0.0017361111111112715,0.9517361111111112,0.5671296296296297
975,GA weighted game design,weighted,weighted constraint violations>rtp_error>reel_symbol_concentration,"(7.017543859649124,)",7.017543859649124,7.017543859649124,0,60,0.034722222222222224,3,0.39351851851851855,0,0.0017361111111112715,0.9517361111111112,0.5671296296296297
976,GA weighted game design,weighted,weighted constraint violations>rtp_error>reel_symbol_concentration,"(7.017543859649124,)",7.017543859649124,7.017543859649124,0,60,0.034722222222222224,3,0.39351851851851855,0,0.0017361111111112715,0.9517361111111112,0.5671296296296297
977,GA weighted game design,weighted,weighted constraint violations>rtp_error>reel_symbol_concentration,"(7.017543859649124,)",7.017543859649124,7.017543859649124,0,60,0.034722222222222224,3,0.39351851851851855,0,0.0017361111111112715,0.9517361111111112,0.5671296296296297
978,GA weighted game design,weighted,weighted constraint violations>rtp_error>reel_symbol_concentration,"(7.017543859649124,)",7.017543859649124,7.017543859649124,0,60,0.034722222222222224,3,0.39351851851851855,0,0.0017361111111112715,0.9517361111111112,0.5671296296296297
979,GA weighted game design,weighted,weighted constraint violations>rtp_error>reel_symbol_concentration,"(7.017543859649124,)",7.017543859649124,7.017543859649124,0,60,0.034722222222222224,3,0.39351851851851855,0,0.0017361111111112715,0.9517361111111112,0.5671296296296297
980,GA weighted game design,weighted,weighted constraint violations>rtp_error>reel_symbol_concentration,"(7.017543859649124,)",7.017543859649124,7.017543859649124,0,60,0.034722222222222224,3,0.39351851851851855,0,0.0017361111111112715,0.9517361111111112,0.5671296296296297
981,GA weighted game design,weighted,weighted constraint violations>rtp_error>reel_symbol_concentration,"(7.017543859649124,)",7.017543859649124,7.017543859649124,0,60,0.034722222222222224,3,0.39351851851851855,0,0.0017361111111112715,0.9517361111111112,0.5671296296296297
982,GA weighted game design,weighted,weighted constraint violations>rtp_error>reel_symbol_concentration,"(7.017543859649124,)",7.017543859649124,7.017543859649124,0,60,0.034722222222222224,3,0.39351851851851855,0,0.0017361111111112715,0.9517361111111112,0.5671296296296297
983,GA weighted game design,weighted,weighted constraint violations>rtp_error>reel_symbol_concentration,"(7.017543859649124,)",7.017543859649124,7.017543859649124,0,60,0.034722222222222224,3,0.39351851851851855,0,0.0017361111111112715,0.9517361111111112,0.5671296296296297
984,GA weighted game design,weighted,weighted constraint violations>rtp_error>reel_symbol_concentration,"(7.017543859649124,)",7.017543859649124,7.017543859649124,0,60,0.034722222222222224,3,0.39351851851851855,0,0.0017361111111112715,0.9517361111111112,0.5671296296296297
985,GA weighted game design,weighted,weighted constraint violations>rtp_error>reel_symbol_concentration,"(7.017543859649124,)",7.017543859649124,7.017543859649124,0,60,0.034722222222222224,3,0.39351851851851855,0,0.0017361111111112715,0.9517361111111112,0.5671296296296297
986,GA weighted game design,weighted,weighted constraint violations>rtp_error>reel_symbol_concentration,"(7.017543859649124,)",7.017543859649124,7.017543859649124,0,60,0.034722222222222224,3,0.39351851851851855,0,0.0017361111111112715,0.9517361111111112,0.5671296296296297
987,GA weighted game design,weighted,weighted constraint violations>rtp_error>reel_symbol_concentration,"(7.017543859649124,)",7.017543859649124,7.017543859649124,0,60,0.034722222222222224,3,0.39351851851851855,0,0.0017361111111112715,0.9517361111111112,0.5671296296296297
988,GA weighted game design,weighted,weighted constraint violations>rtp_error>reel_symbol_concentration,"(7.017543859649124,)",7.017543859649124,7.017543859649124,0,60,0.034722222222222224,3,0.39351851851851855,0,0.0017361111111112715,0.9517361111111112,0.5671296296296297
989,GA weighted game design,weighted,weighted constraint violations>rtp_error>reel_symbol_concentration,"(7.017543859649124,)",7.017543859649124,7.017543859649124,0,60,0.034722222222222224,3,0.39351851851851855,0,0.0017361111111112715,0.9517361111111112,0.5671296296296297
990,GA weighted game design,weighted,weighted constraint violations>rtp_error>reel_symbol_concentration,"(7.017543859649124,)",7.017543859649124,7.017543859649124,0,60,0.034722222222222224,3,0.39351851851851855,0,0.0017361111111112715,0.9517361111111112,0.5671296296296297
991,GA weighted game design,weighted,weighted constraint violations>rtp_error>reel_symbol_concentration,"(7.017543859649124,)",7.017543859649124,7.017543859649124,0,60,0.034722222222222224,3,0.39351851851851855,0,0.0017361111111112715,0.9517361111111112,0.5671296296296297
992,GA weighted game design,weighted,weighted constraint violations>rtp_error>reel_symbol_concentration,"(7.017543859649124,)",7.017543859649124,7.017543859649124,0,60,0.034722222222222224,3,0.39351851851851855,0,0.0017361111111112715,0.9517361111111112,0.5671296296296297
993,GA weighted game design,weighted,weighted constraint violations>rtp_error>reel_symbol_concentration,"(7.017543859649124,)",7.017543859649124,7.017543859649124,0,60,0.034722222222222224,3,0.39351851851851855,0,0.0017361111111112715,0.9517361111111112,0.5671296296296297
994,GA weighted game design,weighted,weighted constraint violations>rtp_error>reel_symbol_concentration,"(7.017543859649124,)",7.017543859649124,7.017543859649124,0,60,0.034722222222222224,3,0.39351851851851855,0,0.0017361111111112715,0.9517361111111112,0.5671296296296297
995,GA weighted game design,weighted,weighted constraint violations>rtp_error>reel_symbol_concentration,"(7.017543859649124,)",7.017543859649124,7.017543859649124,0,60,0.034722222222222224,3,0.39351851851851855,0,0.0017361111111112715,0.9517361111111112,0.5671296296296297
996,GA weighted game design,weighted,weighted constraint violations>rtp_error>reel_symbol_concentration,"(7.017543859649124,)",7.017543859649124,7.017543859649124,0,60,0.034722222222222224,3,0.39351851851851855,0,0.0017361111111112715,0.9517361111111112,0.5671296296296297
997,GA weighted game design,weighted,weighted constraint violations>rtp_error>reel_symbol_concentration,"(7.017543859649124,)",7.017543859649124,7.017543859649124,0,60,0.034722222222222224,3,0.39351851851851855,0,0.0017361111111112715,0.9517361111111112,0.5671296296296297
998,GA weighted game design,weighted,weighted constraint violations>rtp_error>reel_symbol_concentration,"(7.017543859649124,)",7.017543859649124,7.017543859649124,0,60,0.034722222222222224,3,0.39351851851851855,0,0.0017361111111112715,0.9517361111111112,0.5671296296296297
999,GA weighted game design,weighted,weighted constraint violations>rtp_error>reel_symbol_concentration,"(7.017543859649124,)",7.017543859649124,7.017543859649124,0,60,0.034722222222222224,3,0.39351851851851855,0,0.0017361111111112715,0.9517361111111112,0.5671296296296297
1000,GA weighted game design,weighted,weighted constraint violations>rtp_error>reel_symbol_concentration,"(7.017543859649124,)",7.017543859649124,7.017543859649124,0,60,0.034722222222222224,3,0.39351851851851855,0,0.0017361111111112715,0.9517361111111112,0.5671296296296297
