generation,algorithm,fitness_mode,fitness_priority,fitness_score,primary_fitness,weighted_error,missing_jackpot,jackpot_spins,jackpot_probability,symbol_concentration,win_rate_shortfall,rtp_error,rtp,win_rate
1,NSGA-II,multi-objective,rtp_violation_penalty>win_rate_shortfall_penalty>missing_jackpot_penalty>symbol_concentration_penalty,"(7.8888888888888795, 36.71296296296297, 1, 4.561403508771931)",50.16325536062378,50.16325536062378,1,0,0.0,0.3287037037037037,0.3671296296296297,0.0888888888888888,0.8611111111111112,0.18287037037037038
2,NSGA-II,multi-objective,rtp_violation_penalty>win_rate_shortfall_penalty>missing_jackpot_penalty>symbol_concentration_penalty,"(7.8888888888888795, 36.71296296296297, 1, 4.561403508771931)",50.16325536062378,50.16325536062378,1,0,0.0,0.3287037037037037,0.3671296296296297,0.0888888888888888,0.8611111111111112,0.18287037037037038
3,NSGA-II,multi-objective,rtp_violation_penalty>win_rate_shortfall_penalty>missing_jackpot_penalty>symbol_concentration_penalty,"(2.333333333333332, 39.72222222222222, 1, 3.684210526315788)",46.739766081871345,46.739766081871345,1,0,0.0,0.3055555555555555,0.39722222222222225,0.033333333333333326,0.9166666666666666,0.1527777777777778
4,NSGA-II,multi-objective,rtp_violation_penalty>win_rate_shortfall_penalty>missing_jackpot_penalty>symbol_concentration_penalty,"(1.8703703703703674, 36.01851851851852, 0, 2.280701754385966)",40.16959064327485,40.16959064327485,0,2,0.0011574074074074073,0.26851851851851855,0.3601851851851852,0.028703703703703676,0.9212962962962963,0.18981481481481483
5,NSGA-II,multi-objective,rtp_violation_penalty>win_rate_shortfall_penalty>missing_jackpot_penalty>symbol_concentration_penalty,"(4.06944444444446, 31.620370370370377, 0, 4.035087719298247)",39.724902534113085,39.724902534113085,0,4,0.0023148148148148147,0.3148148148148148,0.31620370370370376,0.0506944444444446,1.0006944444444446,0.2337962962962963
6,NSGA-II,multi-objective,rtp_violation_penalty>win_rate_shortfall_penalty>missing_jackpot_penalty>symbol_concentration_penalty,"(3.548611111111111, 31.44675925925926, 0, 4.561403508771931)",39.5567738791423,39.5567738791423,0,3,0.001736111111111111,0.3287037037037037,0.3144675925925926,0.045486111111111116,0.9045138888888888,0.2355324074074074
7,NSGA-II,multi-objective,rtp_violation_penalty>win_rate_shortfall_penalty>missing_jackpot_penalty>symbol_concentration_penalty,"(3.548611111111111, 31.44675925925926, 0, 4.561403508771931)",39.5567738791423,39.5567738791423,0,3,0.001736111111111111,0.3287037037037037,0.3144675925925926,0.045486111111111116,0.9045138888888888,0.2355324074074074
8,NSGA-II,multi-objective,rtp_violation_penalty>win_rate_shortfall_penalty>missing_jackpot_penalty>symbol_concentration_penalty,"(6.013888888888886, 25.833333333333336, 1, 2.982456140350877)",35.8296783625731,35.8296783625731,1,0,0.0,0.28703703703703703,0.25833333333333336,0.07013888888888886,0.8798611111111111,0.2916666666666667
9,NSGA-II,multi-objective,rtp_violation_penalty>win_rate_shortfall_penalty>missing_jackpot_penalty>symbol_concentration_penalty,"(1.2945601851851904, 26.12268518518519, 0, 5.263157894736843)",32.68040326510722,32.68040326510722,0,1,0.0005787037037037037,0.34722222222222227,0.2612268518518519,0.022945601851851904,0.9729456018518519,0.28877314814814814
10,NSGA-II,multi-objective,rtp_violation_penalty>win_rate_shortfall_penalty>missing_jackpot_penalty>symbol_concentration_penalty,"(3.537037037037039, 20.740740740740744, 0, 4.561403508771931)",28.839181286549714,28.839181286549714,0,8,0.004629629629629629,0.3287037037037037,0.20740740740740743,0.045370370370370394,0.9953703703703703,0.3425925925925926
11,NSGA-II,multi-objective,rtp_violation_penalty>win_rate_shortfall_penalty>missing_jackpot_penalty>symbol_concentration_penalty,"(3.537037037037039, 20.740740740740744, 0, 4.561403508771931)",28.839181286549714,28.839181286549714,0,8,0.004629629629629629,0.3287037037037037,0.20740740740740743,0.045370370370370394,0.9953703703703703,0.3425925925925926
12,NSGA-II,multi-objective,rtp_violation_penalty>win_rate_shortfall_penalty>missing_jackpot_penalty>symbol_concentration_penalty,"(3.537037037037039, 20.740740740740744, 0, 4.561403508771931)",28.839181286549714,28.839181286549714,0,8,0.004629629629629629,0.3287037037037037,0.20740740740740743,0.045370370370370394,0.9953703703703703,0.3425925925925926
13,NSGA-II,multi-objective,rtp_violation_penalty>win_rate_shortfall_penalty>missing_jackpot_penalty>symbol_concentration_penalty,"(3.537037037037039, 20.740740740740744, 0, 4.561403508771931)",28.839181286549714,28.839181286549714,0,8,0.004629629629629629,0.3287037037037037,0.20740740740740743,0.045370370370370394,0.9953703703703703,0.3425925925925926
14,NSGA-II,multi-objective,rtp_violation_penalty>win_rate_shortfall_penalty>missing_jackpot_penalty>symbol_concentration_penalty,"(3.537037037037039, 20.740740740740744, 0, 4.561403508771931)",28.839181286549714,28.839181286549714,0,8,0.004629629629629629,0.3287037037037037,0.20740740740740743,0.045370370370370394,0.9953703703703703,0.3425925925925926
15,NSGA-II,multi-objective,rtp_violation_penalty>win_rate_shortfall_penalty>missing_jackpot_penalty>symbol_concentration_penalty,"(3.537037037037039, 20.740740740740744, 0, 4.561403508771931)",28.839181286549714,28.839181286549714,0,8,0.004629629629629629,0.3287037037037037,0.20740740740740743,0.045370370370370394,0.9953703703703703,0.3425925925925926
16,NSGA-II,multi-objective,rtp_violation_penalty>win_rate_shortfall_penalty>missing_jackpot_penalty>symbol_concentration_penalty,"(3.537037037037039, 20.740740740740744, 0, 4.561403508771931)",28.839181286549714,28.839181286549714,0,8,0.004629629629629629,0.3287037037037037,0.20740740740740743,0.045370370370370394,0.9953703703703703,0.3425925925925926
17,NSGA-II,multi-objective,rtp_violation_penalty>win_rate_shortfall_penalty>missing_jackpot_penalty>symbol_concentration_penalty,"(3.537037037037039, 20.740740740740744, 0, 4.561403508771931)",28.839181286549714,28.839181286549714,0,8,0.004629629629629629,0.3287037037037037,0.20740740740740743,0.045370370370370394,0.9953703703703703,0.3425925925925926
18,NSGA-II,multi-objective,rtp_violation_penalty>win_rate_shortfall_penalty>missing_jackpot_penalty>symbol_concentration_penalty,"(3.537037037037039, 20.740740740740744, 0, 4.561403508771931)",28.839181286549714,28.839181286549714,0,8,0.004629629629629629,0.3287037037037037,0.20740740740740743,0.045370370370370394,0.9953703703703703,0.3425925925925926
19,NSGA-II,multi-objective,rtp_violation_penalty>win_rate_shortfall_penalty>missing_jackpot_penalty>symbol_concentration_penalty,"(3.537037037037039, 20.740740740740744, 0, 4.561403508771931)",28.839181286549714,28.839181286549714,0,8,0.004629629629629629,0.3287037037037037,0.20740740740740743,0.045370370370370394,0.9953703703703703,0.3425925925925926
20,NSGA-II,multi-objective,rtp_violation_penalty>win_rate_shortfall_penalty>missing_jackpot_penalty>symbol_concentration_penalty,"(3.537037037037039, 20.740740740740744, 0, 4.561403508771931)",28.839181286549714,28.839181286549714,0,8,0.004629629629629629,0.3287037037037037,0.20740740740740743,0.045370370370370394,0.9953703703703703,0.3425925925925926
21,NSGA-II,multi-objective,rtp_violation_penalty>win_rate_shortfall_penalty>missing_jackpot_penalty>symbol_concentration_penalty,"(0.6579861111111205, 21.43518518518519, 0, 4.561403508771931)",26.654574805068243,26.654574805068243,0,12,0.006944444444444444,0.3287037037037037,0.2143518518518519,0.016579861111111205,0.9665798611111112,0.33564814814814814
22,NSGA-II,multi-objective,rtp_violation_penalty>win_rate_shortfall_penalty>missing_jackpot_penalty>symbol_concentration_penalty,"(0.6579861111111205, 21.43518518518519, 0, 4.561403508771931)",26.654574805068243,26.654574805068243,0,12,0.006944444444444444,0.3287037037037037,0.2143518518518519,0.016579861111111205,0.9665798611111112,0.33564814814814814
23,NSGA-II,multi-objective,rtp_violation_penalty>win_rate_shortfall_penalty>missing_jackpot_penalty>symbol_concentration_penalty,"(0.6579861111111205, 21.43518518518519, 0, 4.561403508771931)",26.654574805068243,26.654574805068243,0,12,0.006944444444444444,0.3287037037037037,0.2143518518518519,0.016579861111111205,0.9665798611111112,0.33564814814814814
24,NSGA-II,multi-objective,rtp_violation_penalty>win_rate_shortfall_penalty>missing_jackpot_penalty>symbol_concentration_penalty,"(0.6579861111111205, 21.43518518518519, 0, 4.561403508771931)",26.654574805068243,26.654574805068243,0,12,0.006944444444444444,0.3287037037037037,0.2143518518518519,0.016579861111111205,0.9665798611111112,0.33564814814814814
25,NSGA-II,multi-objective,rtp_violation_penalty>win_rate_shortfall_penalty>missing_jackpot_penalty>symbol_concentration_penalty,"(0.6579861111111205, 21.43518518518519, 0, 4.561403508771931)",26.654574805068243,26.654574805068243,0,12,0.006944444444444444,0.3287037037037037,0.2143518518518519,0.016579861111111205,0.9665798611111112,0.33564814814814814
26,NSGA-II,multi-objective,rtp_violation_penalty>win_rate_shortfall_penalty>missing_jackpot_penalty>symbol_concentration_penalty,"(0.6579861111111205, 21.43518518518519, 0, 4.561403508771931)",26.654574805068243,26.654574805068243,0,12,0.006944444444444444,0.3287037037037037,0.2143518518518519,0.016579861111111205,0.9665798611111112,0.33564814814814814
27,NSGA-II,multi-objective,rtp_violation_penalty>win_rate_shortfall_penalty>missing_jackpot_penalty>symbol_concentration_penalty,"(0.6579861111111205, 21.43518518518519, 0, 4.561403508771931)",26.654574805068243,26.654574805068243,0,12,0.006944444444444444,0.3287037037037037,0.2143518518518519,0.016579861111111205,0.9665798611111112,0.33564814814814814
28,NSGA-II,multi-objective,rtp_violation_penalty>win_rate_shortfall_penalty>missing_jackpot_penalty>symbol_concentration_penalty,"(0.6579861111111205, 21.43518518518519, 0, 4.561403508771931)",26.654574805068243,26.654574805068243,0,12,0.006944444444444444,0.3287037037037037,0.2143518518518519,0.016579861111111205,0.9665798611111112,0.33564814814814814
29,NSGA-II,multi-objective,rtp_violation_penalty>win_rate_shortfall_penalty>missing_jackpot_penalty>symbol_concentration_penalty,"(0.6579861111111205, 21.43518518518519, 0, 4.561403508771931)",26.654574805068243,26.654574805068243,0,12,0.006944444444444444,0.3287037037037037,0.2143518518518519,0.016579861111111205,0.9665798611111112,0.33564814814814814
30,NSGA-II,multi-objective,rtp_violation_penalty>win_rate_shortfall_penalty>missing_jackpot_penalty>symbol_concentration_penalty,"(0.6579861111111205, 21.43518518518519, 0, 4.561403508771931)",26.654574805068243,26.654574805068243,0,12,0.006944444444444444,0.3287037037037037,0.2143518518518519,0.016579861111111205,0.9665798611111112,0.33564814814814814
31,NSGA-II,multi-objective,rtp_violation_penalty>win_rate_shortfall_penalty>missing_jackpot_penalty>symbol_concentration_penalty,"(0.6579861111111205, 21.43518518518519, 0, 4.561403508771931)",26.654574805068243,26.654574805068243,0,12,0.006944444444444444,0.3287037037037037,0.2143518518518519,0.016579861111111205,0.9665798611111112,0.33564814814814814
32,NSGA-II,multi-objective,rtp_violation_penalty>win_rate_shortfall_penalty>missing_jackpot_penalty>symbol_concentration_penalty,"(0.6579861111111205, 21.43518518518519, 0, 4.561403508771931)",26.654574805068243,26.654574805068243,0,12,0.006944444444444444,0.3287037037037037,0.2143518518518519,0.016579861111111205,0.9665798611111112,0.33564814814814814
33,NSGA-II,multi-objective,rtp_violation_penalty>win_rate_shortfall_penalty>missing_jackpot_penalty>symbol_concentration_penalty,"(0.6579861111111205, 21.43518518518519, 0, 4.561403508771931)",26.654574805068243,26.654574805068243,0,12,0.006944444444444444,0.3287037037037037,0.2143518518518519,0.016579861111111205,0.9665798611111112,0.33564814814814814
34,NSGA-II,multi-objective,rtp_violation_penalty>win_rate_shortfall_penalty>missing_jackpot_penalty>symbol_concentration_penalty,"(0.6579861111111205, 21.43518518518519, 0, 4.561403508771931)",26.654574805068243,26.654574805068243,0,12,0.006944444444444444,0.3287037037037037,0.2143518518518519,0.016579861111111205,0.9665798611111112,0.33564814814814814
35,NSGA-II,multi-objective,rtp_violation_penalty>win_rate_shortfall_penalty>missing_jackpot_penalty>symbol_concentration_penalty,"(0.6579861111111205, 21.43518518518519, 0, 4.561403508771931)",26.654574805068243,26.654574805068243,0,12,0.006944444444444444,0.3287037037037037,0.2143518518518519,0.016579861111111205,0.9665798611111112,0.33564814814814814
36,NSGA-II,multi-objective,rtp_violation_penalty>win_rate_shortfall_penalty>missing_jackpot_penalty>symbol_concentration_penalty,"(1.9861111111111114, 14.027777777777784, 1, 5.438596491228071)",22.452485380116965,22.452485380116965,1,0,0.0,0.35185185185185186,0.14027777777777783,0.029861111111111116,0.9201388888888888,0.4097222222222222
37,NSGA-II,multi-objective,rtp_violation_penalty>win_rate_shortfall_penalty>missing_jackpot_penalty>symbol_concentration_penalty,"(1.9861111111111114, 14.027777777777784, 1, 5.438596491228071)",22.452485380116965,22.452485380116965,1,0,0.0,0.35185185185185186,0.14027777777777783,0.029861111111111116,0.9201388888888888,0.4097222222222222
38,NSGA-II,multi-objective,rtp_violation_penalty>win_rate_shortfall_penalty>missing_jackpot_penalty>symbol_concentration_penalty,"(1.9861111111111114, 14.027777777777784, 1, 5.438596491228071)",22.452485380116965,22.452485380116965,1,0,0.0,0.35185185185185186,0.14027777777777783,0.029861111111111116,0.9201388888888888,0.4097222222222222
39,NSGA-II,multi-objective,rtp_violation_penalty>win_rate_shortfall_penalty>missing_jackpot_penalty>symbol_concentration_penalty,"(1.9861111111111114, 14.027777777777784, 1, 5.438596491228071)",22.452485380116965,22.452485380116965,1,0,0.0,0.35185185185185186,0.14027777777777783,0.029861111111111116,0.9201388888888888,0.4097222222222222
40,NSGA-II,multi-objective,rtp_violation_penalty>win_rate_shortfall_penalty>missing_jackpot_penalty>symbol_concentration_penalty,"(1.9861111111111114, 14.027777777777784, 1, 5.438596491228071)",22.452485380116965,22.452485380116965,1,0,0.0,0.35185185185185186,0.14027777777777783,0.029861111111111116,0.9201388888888888,0.4097222222222222
41,NSGA-II,multi-objective,rtp_violation_penalty>win_rate_shortfall_penalty>missing_jackpot_penalty>symbol_concentration_penalty,"(1.9861111111111114, 14.027777777777784, 1, 5.438596491228071)",22.452485380116965,22.452485380116965,1,0,0.0,0.35185185185185186,0.14027777777777783,0.029861111111111116,0.9201388888888888,0.4097222222222222
42,NSGA-II,multi-objective,rtp_violation_penalty>win_rate_shortfall_penalty>missing_jackpot_penalty>symbol_concentration_penalty,"(1.9861111111111114, 14.027777777777784, 1, 5.438596491228071)",22.452485380116965,22.452485380116965,1,0,0.0,0.35185185185185186,0.14027777777777783,0.029861111111111116,0.9201388888888888,0.4097222222222222
43,NSGA-II,multi-objective,rtp_violation_penalty>win_rate_shortfall_penalty>missing_jackpot_penalty>symbol_concentration_penalty,"(1.9861111111111114, 14.027777777777784, 1, 5.438596491228071)",22.452485380116965,22.452485380116965,1,0,0.0,0.35185185185185186,0.14027777777777783,0.029861111111111116,0.9201388888888888,0.4097222222222222
44,NSGA-II,multi-objective,rtp_violation_penalty>win_rate_shortfall_penalty>missing_jackpot_penalty>symbol_concentration_penalty,"(1.9861111111111114, 14.027777777777784, 1, 5.438596491228071)",22.452485380116965,22.452485380116965,1,0,0.0,0.35185185185185186,0.14027777777777783,0.029861111111111116,0.9201388888888888,0.4097222222222222
45,NSGA-II,multi-objective,rtp_violation_penalty>win_rate_shortfall_penalty>missing_jackpot_penalty>symbol_concentration_penalty,"(1.9861111111111114, 14.027777777777784, 1, 5.438596491228071)",22.452485380116965,22.452485380116965,1,0,0.0,0.35185185185185186,0.14027777777777783,0.029861111111111116,0.9201388888888888,0.4097222222222222
46,NSGA-II,multi-objective,rtp_violation_penalty>win_rate_shortfall_penalty>missing_jackpot_penalty>symbol_concentration_penalty,"(1.9861111111111114, 14.027777777777784, 1, 5.438596491228071)",22.452485380116965,22.452485380116965,1,0,0.0,0.35185185185185186,0.14027777777777783,0.029861111111111116,0.9201388888888888,0.4097222222222222
47,NSGA-II,multi-objective,rtp_violation_penalty>win_rate_shortfall_penalty>missing_jackpot_penalty>symbol_concentration_penalty,"(1.9861111111111114, 14.027777777777784, 1, 5.438596491228071)",22.452485380116965,22.452485380116965,1,0,0.0,0.35185185185185186,0.14027777777777783,0.029861111111111116,0.9201388888888888,0.4097222222222222
48,NSGA-II,multi-objective,rtp_violation_penalty>win_rate_shortfall_penalty>missing_jackpot_penalty>symbol_concentration_penalty,"(2.972800925925934, 19.409722222222225, 0, 5.789473684210528)",28.171996832358687,28.171996832358687,0,5,0.0028935185185185184,0.36111111111111116,0.19409722222222225,0.039728009259259345,0.9897280092592593,0.3559027777777778
49,NSGA-II,multi-objective,rtp_violation_penalty>win_rate_shortfall_penalty>missing_jackpot_penalty>symbol_concentration_penalty,"(2.972800925925934, 19.409722222222225, 0, 5.789473684210528)",28.171996832358687,28.171996832358687,0,5,0.0028935185185185184,0.36111111111111116,0.19409722222222225,0.039728009259259345,0.9897280092592593,0.3559027777777778
50,NSGA-II,multi-objective,rtp_violation_penalty>win_rate_shortfall_penalty>missing_jackpot_penalty>symbol_concentration_penalty,"(2.972800925925934, 19.409722222222225, 0, 5.789473684210528)",28.171996832358687,28.171996832358687,0,5,0.0028935185185185184,0.36111111111111116,0.19409722222222225,0.039728009259259345,0.9897280092592593,0.3559027777777778
51,NSGA-II,multi-objective,rtp_violation_penalty>win_rate_shortfall_penalty>missing_jackpot_penalty>symbol_concentration_penalty,"(3.7858796296296298, 21.550925925925927, 0, 3.859649122807017)",29.196454678362574,29.196454678362574,0,2,0.0011574074074074073,0.3101851851851852,0.2155092592592593,0.0478587962962963,0.9021412037037037,0.33449074074074076
52,NSGA-II,multi-objective,rtp_violation_penalty>win_rate_shortfall_penalty>missing_jackpot_penalty>symbol_concentration_penalty,"(3.7858796296296298, 21.550925925925927, 0, 3.859649122807017)",29.196454678362574,29.196454678362574,0,2,0.0011574074074074073,0.3101851851851852,0.2155092592592593,0.0478587962962963,0.9021412037037037,0.33449074074074076
53,NSGA-II,multi-objective,rtp_violation_penalty>win_rate_shortfall_penalty>missing_jackpot_penalty>symbol_concentration_penalty,"(3.7858796296296298, 21.550925925925927, 0, 3.859649122807017)",29.196454678362574,29.196454678362574,0,2,0.0011574074074074073,0.3101851851851852,0.2155092592592593,0.0478587962962963,0.9021412037037037,0.33449074074074076
54,NSGA-II,multi-objective,rtp_violation_penalty>win_rate_shortfall_penalty>missing_jackpot_penalty>symbol_concentration_penalty,"(3.7858796296296298, 21.550925925925927, 0, 3.859649122807017)",29.196454678362574,29.196454678362574,0,2,0.0011574074074074073,0.3101851851851852,0.2155092592592593,0.0478587962962963,0.9021412037037037,0.33449074074074076
55,NSGA-II,multi-objective,rtp_violation_penalty>win_rate_shortfall_penalty>missing_jackpot_penalty>symbol_concentration_penalty,"(3.7858796296296298, 21.550925925925927, 0, 3.859649122807017)",29.196454678362574,29.196454678362574,0,2,0.0011574074074074073,0.3101851851851852,0.2155092592592593,0.0478587962962963,0.9021412037037037,0.33449074074074076
56,NSGA-II,multi-objective,rtp_violation_penalty>win_rate_shortfall_penalty>missing_jackpot_penalty>symbol_concentration_penalty,"(3.7858796296296298, 21.550925925925927, 0, 3.859649122807017)",29.196454678362574,29.196454678362574,0,2,0.0011574074074074073,0.3101851851851852,0.2155092592592593,0.0478587962962963,0.9021412037037037,0.33449074074074076
57,NSGA-II,multi-objective,rtp_violation_penalty>win_rate_shortfall_penalty>missing_jackpot_penalty>symbol_concentration_penalty,"(3.7858796296296298, 21.550925925925927, 0, 3.859649122807017)",29.196454678362574,29.196454678362574,0,2,0.0011574074074074073,0.3101851851851852,0.2155092592592593,0.0478587962962963,0.9021412037037037,0.33449074074074076
58,NSGA-II,multi-objective,rtp_violation_penalty>win_rate_shortfall_penalty>missing_jackpot_penalty>symbol_concentration_penalty,"(3.7858796296296298, 21.550925925925927, 0, 3.859649122807017)",29.196454678362574,29.196454678362574,0,2,0.0011574074074074073,0.3101851851851852,0.2155092592592593,0.0478587962962963,0.9021412037037037,0.33449074074074076
59,NSGA-II,multi-objective,rtp_violation_penalty>win_rate_shortfall_penalty>missing_jackpot_penalty>symbol_concentration_penalty,"(3.7858796296296298, 21.550925925925927, 0, 3.859649122807017)",29.196454678362574,29.196454678362574,0,2,0.0011574074074074073,0.3101851851851852,0.2155092592592593,0.0478587962962963,0.9021412037037037,0.33449074074074076
60,NSGA-II,multi-objective,rtp_violation_penalty>win_rate_shortfall_penalty>missing_jackpot_penalty>symbol_concentration_penalty,"(3.7858796296296298, 21.550925925925927, 0, 3.859649122807017)",29.196454678362574,29.196454678362574,0,2,0.0011574074074074073,0.3101851851851852,0.2155092592592593,0.0478587962962963,0.9021412037037037,0.33449074074074076
61,NSGA-II,multi-objective,rtp_violation_penalty>win_rate_shortfall_penalty>missing_jackpot_penalty>symbol_concentration_penalty,"(3.7858796296296298, 21.550925925925927, 0, 3.859649122807017)",29.196454678362574,29.196454678362574,0,2,0.0011574074074074073,0.3101851851851852,0.2155092592592593,0.0478587962962963,0.9021412037037037,0.33449074074074076
62,NSGA-II,multi-objective,rtp_violation_penalty>win_rate_shortfall_penalty>missing_jackpot_penalty>symbol_concentration_penalty,"(3.7858796296296298, 21.550925925925927, 0, 3.859649122807017)",29.196454678362574,29.196454678362574,0,2,0.0011574074074074073,0.3101851851851852,0.2155092592592593,0.0478587962962963,0.9021412037037037,0.33449074074074076
63,NSGA-II,multi-objective,rtp_violation_penalty>win_rate_shortfall_penalty>missing_jackpot_penalty>symbol_concentration_penalty,"(3.7858796296296298, 21.550925925925927, 0, 3.859649122807017)",29.196454678362574,29.196454678362574,0,2,0.0011574074074074073,0.3101851851851852,0.2155092592592593,0.0478587962962963,0.9021412037037037,0.33449074074074076
64,NSGA-II,multi-objective,rtp_violation_penalty>win_rate_shortfall_penalty>missing_jackpot_penalty>symbol_concentration_penalty,"(3.7858796296296298, 21.550925925925927, 0, 3.859649122807017)",29.196454678362574,29.196454678362574,0,2,0.0011574074074074073,0.3101851851851852,0.2155092592592593,0.0478587962962963,0.9021412037037037,0.33449074074074076
65,NSGA-II,multi-objective,rtp_violation_penalty>win_rate_shortfall_penalty>missing_jackpot_penalty>symbol_concentration_penalty,"(3.7858796296296298, 21.550925925925927, 0, 3.859649122807017)",29.196454678362574,29.196454678362574,0,2,0.0011574074074074073,0.3101851851851852,0.2155092592592593,0.0478587962962963,0.9021412037037037,0.33449074074074076
66,NSGA-II,multi-objective,rtp_violation_penalty>win_rate_shortfall_penalty>missing_jackpot_penalty>symbol_concentration_penalty,"(3.7858796296296298, 21.550925925925927, 0, 3.859649122807017)",29.196454678362574,29.196454678362574,0,2,0.0011574074074074073,0.3101851851851852,0.2155092592592593,0.0478587962962963,0.9021412037037037,0.33449074074074076
67,NSGA-II,multi-objective,rtp_violation_penalty>win_rate_shortfall_penalty>missing_jackpot_penalty>symbol_concentration_penalty,"(3.7858796296296298, 21.550925925925927, 0, 3.859649122807017)",29.196454678362574,29.196454678362574,0,2,0.0011574074074074073,0.3101851851851852,0.2155092592592593,0.0478587962962963,0.9021412037037037,0.33449074074074076
68,NSGA-II,multi-objective,rtp_violation_penalty>win_rate_shortfall_penalty>missing_jackpot_penalty>symbol_concentration_penalty,"(3.7858796296296298, 21.550925925925927, 0, 3.859649122807017)",29.196454678362574,29.196454678362574,0,2,0.0011574074074074073,0.3101851851851852,0.2155092592592593,0.0478587962962963,0.9021412037037037,0.33449074074074076
69,NSGA-II,multi-objective,rtp_violation_penalty>win_rate_shortfall_penalty>missing_jackpot_penalty>symbol_concentration_penalty,"(3.7858796296296298, 21.550925925925927, 0, 3.859649122807017)",29.196454678362574,29.196454678362574,0,2,0.0011574074074074073,0.3101851851851852,0.2155092592592593,0.0478587962962963,0.9021412037037037,0.33449074074074076
70,NSGA-II,multi-objective,rtp_violation_penalty>win_rate_shortfall_penalty>missing_jackpot_penalty>symbol_concentration_penalty,"(1.2916666666666585, 22.708333333333336, 1, 3.6842105263157903)",28.684210526315784,28.684210526315784,1,0,0.0,0.3055555555555556,0.22708333333333336,0.022916666666666585,0.9270833333333334,0.3229166666666667
71,NSGA-II,multi-objective,rtp_violation_penalty>win_rate_shortfall_penalty>missing_jackpot_penalty>symbol_concentration_penalty,"(1.2916666666666585, 22.708333333333336, 1, 3.6842105263157903)",28.684210526315784,28.684210526315784,1,0,0.0,0.3055555555555556,0.22708333333333336,0.022916666666666585,0.9270833333333334,0.3229166666666667
72,NSGA-II,multi-objective,rtp_violation_penalty>win_rate_shortfall_penalty>missing_jackpot_penalty>symbol_concentration_penalty,"(1.2916666666666585, 22.708333333333336, 1, 3.6842105263157903)",28.684210526315784,28.684210526315784,1,0,0.0,0.3055555555555556,0.22708333333333336,0.022916666666666585,0.9270833333333334,0.3229166666666667
73,NSGA-II,multi-objective,rtp_violation_penalty>win_rate_shortfall_penalty>missing_jackpot_penalty>symbol_concentration_penalty,"(1.2916666666666585, 22.708333333333336, 1, 3.6842105263157903)",28.684210526315784,28.684210526315784,1,0,0.0,0.3055555555555556,0.22708333333333336,0.022916666666666585,0.9270833333333334,0.3229166666666667
74,NSGA-II,multi-objective,rtp_violation_penalty>win_rate_shortfall_penalty>missing_jackpot_penalty>symbol_concentration_penalty,"(1.2916666666666585, 22.708333333333336, 1, 3.6842105263157903)",28.684210526315784,28.684210526315784,1,0,0.0,0.3055555555555556,0.22708333333333336,0.022916666666666585,0.9270833333333334,0.3229166666666667
75,NSGA-II,multi-objective,rtp_violation_penalty>win_rate_shortfall_penalty>missing_jackpot_penalty>symbol_concentration_penalty,"(1.2916666666666585, 22.708333333333336, 1, 3.6842105263157903)",28.684210526315784,28.684210526315784,1,0,0.0,0.3055555555555556,0.22708333333333336,0.022916666666666585,0.9270833333333334,0.3229166666666667
76,NSGA-II,multi-objective,rtp_violation_penalty>win_rate_shortfall_penalty>missing_jackpot_penalty>symbol_concentration_penalty,"(1.2916666666666585, 22.708333333333336, 1, 3.6842105263157903)",28.684210526315784,28.684210526315784,1,0,0.0,0.3055555555555556,0.22708333333333336,0.022916666666666585,0.9270833333333334,0.3229166666666667
77,NSGA-II,multi-objective,rtp_violation_penalty>win_rate_shortfall_penalty>missing_jackpot_penalty>symbol_concentration_penalty,"(1.2916666666666585, 22.708333333333336, 1, 3.6842105263157903)",28.684210526315784,28.684210526315784,1,0,0.0,0.3055555555555556,0.22708333333333336,0.022916666666666585,0.9270833333333334,0.3229166666666667
78,NSGA-II,multi-objective,rtp_violation_penalty>win_rate_shortfall_penalty>missing_jackpot_penalty>symbol_concentration_penalty,"(0.7997685185185186, 15.30092592592593, 0, 6.315789473684211)",22.41648391812866,22.41648391812866,0,6,0.003472222222222222,0.375,0.1530092592592593,0.017997685185185186,0.9320023148148148,0.39699074074074076
79,NSGA-II,multi-objective,rtp_violation_penalty>win_rate_shortfall_penalty>missing_jackpot_penalty>symbol_concentration_penalty,"(0.7997685185185186, 15.30092592592593, 0, 6.315789473684211)",22.41648391812866,22.41648391812866,0,6,0.003472222222222222,0.375,0.1530092592592593,0.017997685185185186,0.9320023148148148,0.39699074074074076
80,NSGA-II,multi-objective,rtp_violation_penalty>win_rate_shortfall_penalty>missing_jackpot_penalty>symbol_concentration_penalty,"(0.7997685185185186, 15.30092592592593, 0, 6.315789473684211)",22.41648391812866,22.41648391812866,0,6,0.003472222222222222,0.375,0.1530092592592593,0.017997685185185186,0.9320023148148148,0.39699074074074076
81,NSGA-II,multi-objective,rtp_violation_penalty>win_rate_shortfall_penalty>missing_jackpot_penalty>symbol_concentration_penalty,"(0.7997685185185186, 15.30092592592593, 0, 6.315789473684211)",22.41648391812866,22.41648391812866,0,6,0.003472222222222222,0.375,0.1530092592592593,0.017997685185185186,0.9320023148148148,0.39699074074074076
82,NSGA-II,multi-objective,rtp_violation_penalty>win_rate_shortfall_penalty>missing_jackpot_penalty>symbol_concentration_penalty,"(0.7997685185185186, 15.30092592592593, 0, 6.315789473684211)",22.41648391812866,22.41648391812866,0,6,0.003472222222222222,0.375,0.1530092592592593,0.017997685185185186,0.9320023148148148,0.39699074074074076
83,NSGA-II,multi-objective,rtp_violation_penalty>win_rate_shortfall_penalty>missing_jackpot_penalty>symbol_concentration_penalty,"(0.7997685185185186, 15.30092592592593, 0, 6.315789473684211)",22.41648391812866,22.41648391812866,0,6,0.003472222222222222,0.375,0.1530092592592593,0.017997685185185186,0.9320023148148148,0.39699074074074076
84,NSGA-II,multi-objective,rtp_violation_penalty>win_rate_shortfall_penalty>missing_jackpot_penalty>symbol_concentration_penalty,"(0.7997685185185186, 15.30092592592593, 0, 6.315789473684211)",22.41648391812866,22.41648391812866,0,6,0.003472222222222222,0.375,0.1530092592592593,0.017997685185185186,0.9320023148148148,0.39699074074074076
85,NSGA-II,multi-objective,rtp_violation_penalty>win_rate_shortfall_penalty>missing_jackpot_penalty>symbol_concentration_penalty,"(0.7997685185185186, 15.30092592592593, 0, 6.315789473684211)",22.41648391812866,22.41648391812866,0,6,0.003472222222222222,0.375,0.1530092592592593,0.017997685185185186,0.9320023148148148,0.39699074074074076
86,NSGA-II,multi-objective,rtp_violation_penalty>win_rate_shortfall_penalty>missing_jackpot_penalty>symbol_concentration_penalty,"(0.7997685185185186, 15.30092592592593, 0, 6.315789473684211)",22.41648391812866,22.41648391812866,0,6,0.003472222222222222,0.375,0.1530092592592593,0.017997685185185186,0.9320023148148148,0.39699074074074076
87,NSGA-II,multi-objective,rtp_violation_penalty>win_rate_shortfall_penalty>missing_jackpot_penalty>symbol_concentration_penalty,"(0.7997685185185186, 15.30092592592593, 0, 6.315789473684211)",22.41648391812866,22.41648391812866,0,6,0.003472222222222222,0.375,0.1530092592592593,0.017997685185185186,0.9320023148148148,0.39699074074074076
88,NSGA-II,multi-objective,rtp_violation_penalty>win_rate_shortfall_penalty>missing_jackpot_penalty>symbol_concentration_penalty,"(0.7997685185185186, 15.30092592592593, 0, 6.315789473684211)",22.41648391812866,22.41648391812866,0,6,0.003472222222222222,0.375,0.1530092592592593,0.017997685185185186,0.9320023148148148,0.39699074074074076
89,NSGA-II,multi-objective,rtp_violation_penalty>win_rate_shortfall_penalty>missing_jackpot_penalty>symbol_concentration_penalty,"(0.7997685185185186, 15.30092592592593, 0, 6.315789473684211)",22.41648391812866,22.41648391812866,0,6,0.003472222222222222,0.375,0.1530092592592593,0.017997685185185186,0.9320023148148148,0.39699074074074076
90,NSGA-II,multi-objective,rtp_violation_penalty>win_rate_shortfall_penalty>missing_jackpot_penalty>symbol_concentration_penalty,"(0.7997685185185186, 15.30092592592593, 0, 6.315789473684211)",22.41648391812866,22.41648391812866,0,6,0.003472222222222222,0.375,0.1530092592592593,0.017997685185185186,0.9320023148148148,0.39699074074074076
91,NSGA-II,multi-objective,rtp_violation_penalty>win_rate_shortfall_penalty>missing_jackpot_penalty>symbol_concentration_penalty,"(0.7997685185185186, 15.30092592592593, 0, 6.315789473684211)",22.41648391812866,22.41648391812866,0,6,0.003472222222222222,0.375,0.1530092592592593,0.017997685185185186,0.9320023148148148,0.39699074074074076
92,NSGA-II,multi-objective,rtp_violation_penalty>win_rate_shortfall_penalty>missing_jackpot_penalty>symbol_concentration_penalty,"(0.7997685185185186, 15.30092592592593, 0, 6.315789473684211)",22.41648391812866,22.41648391812866,0,6,0.003472222222222222,0.375,0.1530092592592593,0.017997685185185186,0.9320023148148148,0.39699074074074076
93,NSGA-II,multi-objective,rtp_violation_penalty>win_rate_shortfall_penalty>missing_jackpot_penalty>symbol_concentration_penalty,"(0.7997685185185186, 15.30092592592593, 0, 6.315789473684211)",22.41648391812866,22.41648391812866,0,6,0.003472222222222222,0.375,0.1530092592592593,0.017997685185185186,0.9320023148148148,0.39699074074074076
94,NSGA-II,multi-objective,rtp_violation_penalty>win_rate_shortfall_penalty>missing_jackpot_penalty>symbol_concentration_penalty,"(0.7997685185185186, 15.30092592592593, 0, 6.315789473684211)",22.41648391812866,22.41648391812866,0,6,0.003472222222222222,0.375,0.1530092592592593,0.017997685185185186,0.9320023148148148,0.39699074074074076
95,NSGA-II,multi-objective,rtp_violation_penalty>win_rate_shortfall_penalty>missing_jackpot_penalty>symbol_concentration_penalty,"(0.7997685185185186, 15.30092592592593, 0, 6.315789473684211)",22.41648391812866,22.41648391812866,0,6,0.003472222222222222,0.375,0.1530092592592593,0.017997685185185186,0.9320023148148148,0.39699074074074076
96,NSGA-II,multi-objective,rtp_violation_penalty>win_rate_shortfall_penalty>missing_jackpot_penalty>symbol_concentration_penalty,"(0.7997685185185186, 15.30092592592593, 0, 6.315789473684211)",22.41648391812866,22.41648391812866,0,6,0.003472222222222222,0.375,0.1530092592592593,0.017997685185185186,0.9320023148148148,0.39699074074074076
97,NSGA-II,multi-objective,rtp_violation_penalty>win_rate_shortfall_penalty>missing_jackpot_penalty>symbol_concentration_penalty,"(0.7997685185185186, 15.30092592592593, 0, 6.315789473684211)",22.41648391812866,22.41648391812866,0,6,0.003472222222222222,0.375,0.1530092592592593,0.017997685185185186,0.9320023148148148,0.39699074074074076
98,NSGA-II,multi-objective,rtp_violation_penalty>win_rate_shortfall_penalty>missing_jackpot_penalty>symbol_concentration_penalty,"(0.7997685185185186, 15.30092592592593, 0, 6.315789473684211)",22.41648391812866,22.41648391812866,0,6,0.003472222222222222,0.375,0.1530092592592593,0.017997685185185186,0.9320023148148148,0.39699074074074076
99,NSGA-II,multi-objective,rtp_violation_penalty>win_rate_shortfall_penalty>missing_jackpot_penalty>symbol_concentration_penalty,"(0.7997685185185186, 15.30092592592593, 0, 6.315789473684211)",22.41648391812866,22.41648391812866,0,6,0.003472222222222222,0.375,0.1530092592592593,0.017997685185185186,0.9320023148148148,0.39699074074074076
100,NSGA-II,multi-objective,rtp_violation_penalty>win_rate_shortfall_penalty>missing_jackpot_penalty>symbol_concentration_penalty,"(0.7997685185185186, 15.30092592592593, 0, 6.315789473684211)",22.41648391812866,22.41648391812866,0,6,0.003472222222222222,0.375,0.1530092592592593,0.017997685185185186,0.9320023148148148,0.39699074074074076
101,NSGA-II,multi-objective,rtp_violation_penalty>win_rate_shortfall_penalty>missing_jackpot_penalty>symbol_concentration_penalty,"(0.7997685185185186, 15.30092592592593, 0, 6.315789473684211)",22.41648391812866,22.41648391812866,0,6,0.003472222222222222,0.375,0.1530092592592593,0.017997685185185186,0.9320023148148148,0.39699074074074076
102,NSGA-II,multi-objective,rtp_violation_penalty>win_rate_shortfall_penalty>missing_jackpot_penalty>symbol_concentration_penalty,"(0.18055555555556244, 18.425925925925927, 0, 3.6842105263157903)",22.29069200779728,22.29069200779728,0,2,0.0011574074074074073,0.3055555555555556,0.1842592592592593,0.011805555555555625,0.9618055555555556,0.36574074074074076
103,NSGA-II,multi-objective,rtp_violation_penalty>win_rate_shortfall_penalty>missing_jackpot_penalty>symbol_concentration_penalty,"(0.18055555555556244, 18.425925925925927, 0, 3.6842105263157903)",22.29069200779728,22.29069200779728,0,2,0.0011574074074074073,0.3055555555555556,0.1842592592592593,0.011805555555555625,0.9618055555555556,0.36574074074074076
104,NSGA-II,multi-objective,rtp_violation_penalty>win_rate_shortfall_penalty>missing_jackpot_penalty>symbol_concentration_penalty,"(0.18055555555556244, 18.425925925925927, 0, 3.6842105263157903)",22.29069200779728,22.29069200779728,0,2,0.0011574074074074073,0.3055555555555556,0.1842592592592593,0.011805555555555625,0.9618055555555556,0.36574074074074076
105,NSGA-II,multi-objective,rtp_violation_penalty>win_rate_shortfall_penalty>missing_jackpot_penalty>symbol_concentration_penalty,"(0.18055555555556244, 18.425925925925927, 0, 3.6842105263157903)",22.29069200779728,22.29069200779728,0,2,0.0011574074074074073,0.3055555555555556,0.1842592592592593,0.011805555555555625,0.9618055555555556,0.36574074074074076
106,NSGA-II,multi-objective,rtp_violation_penalty>win_rate_shortfall_penalty>missing_jackpot_penalty>symbol_concentration_penalty,"(0.18055555555556244, 18.425925925925927, 0, 3.6842105263157903)",22.29069200779728,22.29069200779728,0,2,0.0011574074074074073,0.3055555555555556,0.1842592592592593,0.011805555555555625,0.9618055555555556,0.36574074074074076
107,NSGA-II,multi-objective,rtp_violation_penalty>win_rate_shortfall_penalty>missing_jackpot_penalty>symbol_concentration_penalty,"(0.18055555555556244, 18.425925925925927, 0, 3.6842105263157903)",22.29069200779728,22.29069200779728,0,2,0.0011574074074074073,0.3055555555555556,0.1842592592592593,0.011805555555555625,0.9618055555555556,0.36574074074074076
108,NSGA-II,multi-objective,rtp_violation_penalty>win_rate_shortfall_penalty>missing_jackpot_penalty>symbol_concentration_penalty,"(0.18055555555556244, 18.425925925925927, 0, 3.6842105263157903)",22.29069200779728,22.29069200779728,0,2,0.0011574074074074073,0.3055555555555556,0.1842592592592593,0.011805555555555625,0.9618055555555556,0.36574074074074076
109,NSGA-II,multi-objective,rtp_violation_penalty>win_rate_shortfall_penalty>missing_jackpot_penalty>symbol_concentration_penalty,"(0.18055555555556244, 18.425925925925927, 0, 3.6842105263157903)",22.29069200779728,22.29069200779728,0,2,0.0011574074074074073,0.3055555555555556,0.1842592592592593,0.011805555555555625,0.9618055555555556,0.36574074074074076
110,NSGA-II,multi-objective,rtp_violation_penalty>win_rate_shortfall_penalty>missing_jackpot_penalty>symbol_concentration_penalty,"(0.18055555555556244, 18.425925925925927, 0, 3.6842105263157903)",22.29069200779728,22.29069200779728,0,2,0.0011574074074074073,0.3055555555555556,0.1842592592592593,0.011805555555555625,0.9618055555555556,0.36574074074074076
111,NSGA-II,multi-objective,rtp_violation_penalty>win_rate_shortfall_penalty>missing_jackpot_penalty>symbol_concentration_penalty,"(0.18055555555556244, 18.425925925925927, 0, 3.6842105263157903)",22.29069200779728,22.29069200779728,0,2,0.0011574074074074073,0.3055555555555556,0.1842592592592593,0.011805555555555625,0.9618055555555556,0.36574074074074076
112,NSGA-II,multi-objective,rtp_violation_penalty>win_rate_shortfall_penalty>missing_jackpot_penalty>symbol_concentration_penalty,"(0.18055555555556244, 18.425925925925927, 0, 3.6842105263157903)",22.29069200779728,22.29069200779728,0,2,0.0011574074074074073,0.3055555555555556,0.1842592592592593,0.011805555555555625,0.9618055555555556,0.36574074074074076
113,NSGA-II,multi-objective,rtp_violation_penalty>win_rate_shortfall_penalty>missing_jackpot_penalty>symbol_concentration_penalty,"(0.18055555555556244, 18.425925925925927, 0, 3.6842105263157903)",22.29069200779728,22.29069200779728,0,2,0.0011574074074074073,0.3055555555555556,0.1842592592592593,0.011805555555555625,0.9618055555555556,0.36574074074074076
114,NSGA-II,multi-objective,rtp_violation_penalty>win_rate_shortfall_penalty>missing_jackpot_penalty>symbol_concentration_penalty,"(0.18055555555556244, 18.425925925925927, 0, 3.6842105263157903)",22.29069200779728,22.29069200779728,0,2,0.0011574074074074073,0.3055555555555556,0.1842592592592593,0.011805555555555625,0.9618055555555556,0.36574074074074076
115,NSGA-II,multi-objective,rtp_violation_penalty>win_rate_shortfall_penalty>missing_jackpot_penalty>symbol_concentration_penalty,"(0.18055555555556244, 18.425925925925927, 0, 3.6842105263157903)",22.29069200779728,22.29069200779728,0,2,0.0011574074074074073,0.3055555555555556,0.1842592592592593,0.011805555555555625,0.9618055555555556,0.36574074074074076
116,NSGA-II,multi-objective,rtp_violation_penalty>win_rate_shortfall_penalty>missing_jackpot_penalty>symbol_concentration_penalty,"(0.18055555555556244, 18.425925925925927, 0, 3.6842105263157903)",22.29069200779728,22.29069200779728,0,2,0.0011574074074074073,0.3055555555555556,0.1842592592592593,0.011805555555555625,0.9618055555555556,0.36574074074074076
117,NSGA-II,multi-objective,rtp_violation_penalty>win_rate_shortfall_penalty>missing_jackpot_penalty>symbol_concentration_penalty,"(0.18055555555556244, 18.425925925925927, 0, 3.6842105263157903)",22.29069200779728,22.29069200779728,0,2,0.0011574074074074073,0.3055555555555556,0.1842592592592593,0.011805555555555625,0.9618055555555556,0.36574074074074076
118,NSGA-II,multi-objective,rtp_violation_penalty>win_rate_shortfall_penalty>missing_jackpot_penalty>symbol_concentration_penalty,"(0.18055555555556244, 18.425925925925927, 0, 3.6842105263157903)",22.29069200779728,22.29069200779728,0,2,0.0011574074074074073,0.3055555555555556,0.1842592592592593,0.011805555555555625,0.9618055555555556,0.36574074074074076
119,NSGA-II,multi-objective,rtp_violation_penalty>win_rate_shortfall_penalty>missing_jackpot_penalty>symbol_concentration_penalty,"(3.83796296296296, 11.944444444444446, 0, 5.6140350877193015)",21.396442495126706,21.396442495126706,0,8,0.004629629629629629,0.35648148148148157,0.11944444444444446,0.048379629629629606,0.9016203703703703,0.4305555555555556
120,NSGA-II,multi-objective,rtp_violation_penalty>win_rate_shortfall_penalty>missing_jackpot_penalty>symbol_concentration_penalty,"(3.83796296296296, 11.944444444444446, 0, 5.6140350877193015)",21.396442495126706,21.396442495126706,0,8,0.004629629629629629,0.35648148148148157,0.11944444444444446,0.048379629629629606,0.9016203703703703,0.4305555555555556
121,NSGA-II,multi-objective,rtp_violation_penalty>win_rate_shortfall_penalty>missing_jackpot_penalty>symbol_concentration_penalty,"(3.83796296296296, 11.944444444444446, 0, 5.6140350877193015)",21.396442495126706,21.396442495126706,0,8,0.004629629629629629,0.35648148148148157,0.11944444444444446,0.048379629629629606,0.9016203703703703,0.4305555555555556
122,NSGA-II,multi-objective,rtp_violation_penalty>win_rate_shortfall_penalty>missing_jackpot_penalty>symbol_concentration_penalty,"(3.83796296296296, 11.944444444444446, 0, 5.6140350877193015)",21.396442495126706,21.396442495126706,0,8,0.004629629629629629,0.35648148148148157,0.11944444444444446,0.048379629629629606,0.9016203703703703,0.4305555555555556
123,NSGA-II,multi-objective,rtp_violation_penalty>win_rate_shortfall_penalty>missing_jackpot_penalty>symbol_concentration_penalty,"(3.83796296296296, 11.944444444444446, 0, 5.6140350877193015)",21.396442495126706,21.396442495126706,0,8,0.004629629629629629,0.35648148148148157,0.11944444444444446,0.048379629629629606,0.9016203703703703,0.4305555555555556
124,NSGA-II,multi-objective,rtp_violation_penalty>win_rate_shortfall_penalty>missing_jackpot_penalty>symbol_concentration_penalty,"(3.83796296296296, 11.944444444444446, 0, 5.6140350877193015)",21.396442495126706,21.396442495126706,0,8,0.004629629629629629,0.35648148148148157,0.11944444444444446,0.048379629629629606,0.9016203703703703,0.4305555555555556
125,NSGA-II,multi-objective,rtp_violation_penalty>win_rate_shortfall_penalty>missing_jackpot_penalty>symbol_concentration_penalty,"(3.83796296296296, 11.944444444444446, 0, 5.6140350877193015)",21.396442495126706,21.396442495126706,0,8,0.004629629629629629,0.35648148148148157,0.11944444444444446,0.048379629629629606,0.9016203703703703,0.4305555555555556
126,NSGA-II,multi-objective,rtp_violation_penalty>win_rate_shortfall_penalty>missing_jackpot_penalty>symbol_concentration_penalty,"(3.83796296296296, 11.944444444444446, 0, 5.6140350877193015)",21.396442495126706,21.396442495126706,0,8,0.004629629629629629,0.35648148148148157,0.11944444444444446,0.048379629629629606,0.9016203703703703,0.4305555555555556
127,NSGA-II,multi-objective,rtp_violation_penalty>win_rate_shortfall_penalty>missing_jackpot_penalty>symbol_concentration_penalty,"(3.83796296296296, 11.944444444444446, 0, 5.6140350877193015)",21.396442495126706,21.396442495126706,0,8,0.004629629629629629,0.35648148148148157,0.11944444444444446,0.048379629629629606,0.9016203703703703,0.4305555555555556
128,NSGA-II,multi-objective,rtp_violation_penalty>win_rate_shortfall_penalty>missing_jackpot_penalty>symbol_concentration_penalty,"(0.0, 13.796296296296301, 0, 4.385964912280703)",18.182261208577003,18.182261208577003,0,12,0.006944444444444444,0.3240740740740741,0.137962962962963,0.001388888888888884,0.9513888888888888,0.41203703703703703
129,NSGA-II,multi-objective,rtp_violation_penalty>win_rate_shortfall_penalty>missing_jackpot_penalty>symbol_concentration_penalty,"(0.0, 13.796296296296301, 0, 4.385964912280703)",18.182261208577003,18.182261208577003,0,12,0.006944444444444444,0.3240740740740741,0.137962962962963,0.001388888888888884,0.9513888888888888,0.41203703703703703
130,NSGA-II,multi-objective,rtp_violation_penalty>win_rate_shortfall_penalty>missing_jackpot_penalty>symbol_concentration_penalty,"(0.0, 13.796296296296301, 0, 4.385964912280703)",18.182261208577003,18.182261208577003,0,12,0.006944444444444444,0.3240740740740741,0.137962962962963,0.001388888888888884,0.9513888888888888,0.41203703703703703
131,NSGA-II,multi-objective,rtp_violation_penalty>win_rate_shortfall_penalty>missing_jackpot_penalty>symbol_concentration_penalty,"(4.9259259259259345, 3.1481481481481555, 0, 9.122807017543863)",17.196881091617954,17.196881091617954,0,32,0.018518518518518517,0.4490740740740741,0.031481481481481555,0.059259259259259345,1.0092592592592593,0.5185185185185185
132,NSGA-II,multi-objective,rtp_violation_penalty>win_rate_shortfall_penalty>missing_jackpot_penalty>symbol_concentration_penalty,"(4.9259259259259345, 3.1481481481481555, 0, 9.122807017543863)",17.196881091617954,17.196881091617954,0,32,0.018518518518518517,0.4490740740740741,0.031481481481481555,0.059259259259259345,1.0092592592592593,0.5185185185185185
133,NSGA-II,multi-objective,rtp_violation_penalty>win_rate_shortfall_penalty>missing_jackpot_penalty>symbol_concentration_penalty,"(4.9259259259259345, 3.1481481481481555, 0, 9.122807017543863)",17.196881091617954,17.196881091617954,0,32,0.018518518518518517,0.4490740740740741,0.031481481481481555,0.059259259259259345,1.0092592592592593,0.5185185185185185
134,NSGA-II,multi-objective,rtp_violation_penalty>win_rate_shortfall_penalty>missing_jackpot_penalty>symbol_concentration_penalty,"(4.9259259259259345, 3.1481481481481555, 0, 9.122807017543863)",17.196881091617954,17.196881091617954,0,32,0.018518518518518517,0.4490740740740741,0.031481481481481555,0.059259259259259345,1.0092592592592593,0.5185185185185185
135,NSGA-II,multi-objective,rtp_violation_penalty>win_rate_shortfall_penalty>missing_jackpot_penalty>symbol_concentration_penalty,"(4.9259259259259345, 3.1481481481481555, 0, 9.122807017543863)",17.196881091617954,17.196881091617954,0,32,0.018518518518518517,0.4490740740740741,0.031481481481481555,0.059259259259259345,1.0092592592592593,0.5185185185185185
136,NSGA-II,multi-objective,rtp_violation_penalty>win_rate_shortfall_penalty>missing_jackpot_penalty>symbol_concentration_penalty,"(4.9259259259259345, 3.1481481481481555, 0, 9.122807017543863)",17.196881091617954,17.196881091617954,0,32,0.018518518518518517,0.4490740740740741,0.031481481481481555,0.059259259259259345,1.0092592592592593,0.5185185185185185
137,NSGA-II,multi-objective,rtp_violation_penalty>win_rate_shortfall_penalty>missing_jackpot_penalty>symbol_concentration_penalty,"(4.9259259259259345, 3.1481481481481555, 0, 9.122807017543863)",17.196881091617954,17.196881091617954,0,32,0.018518518518518517,0.4490740740740741,0.031481481481481555,0.059259259259259345,1.0092592592592593,0.5185185185185185
138,NSGA-II,multi-objective,rtp_violation_penalty>win_rate_shortfall_penalty>missing_jackpot_penalty>symbol_concentration_penalty,"(4.9259259259259345, 3.1481481481481555, 0, 9.122807017543863)",17.196881091617954,17.196881091617954,0,32,0.018518518518518517,0.4490740740740741,0.031481481481481555,0.059259259259259345,1.0092592592592593,0.5185185185185185
139,NSGA-II,multi-objective,rtp_violation_penalty>win_rate_shortfall_penalty>missing_jackpot_penalty>symbol_concentration_penalty,"(4.9259259259259345, 3.1481481481481555, 0, 9.122807017543863)",17.196881091617954,17.196881091617954,0,32,0.018518518518518517,0.4490740740740741,0.031481481481481555,0.059259259259259345,1.0092592592592593,0.5185185185185185
140,NSGA-II,multi-objective,rtp_violation_penalty>win_rate_shortfall_penalty>missing_jackpot_penalty>symbol_concentration_penalty,"(4.9259259259259345, 3.1481481481481555, 0, 9.122807017543863)",17.196881091617954,17.196881091617954,0,32,0.018518518518518517,0.4490740740740741,0.031481481481481555,0.059259259259259345,1.0092592592592593,0.5185185185185185
141,NSGA-II,multi-objective,rtp_violation_penalty>win_rate_shortfall_penalty>missing_jackpot_penalty>symbol_concentration_penalty,"(4.9259259259259345, 3.1481481481481555, 0, 9.122807017543863)",17.196881091617954,17.196881091617954,0,32,0.018518518518518517,0.4490740740740741,0.031481481481481555,0.059259259259259345,1.0092592592592593,0.5185185185185185
142,NSGA-II,multi-objective,rtp_violation_penalty>win_rate_shortfall_penalty>missing_jackpot_penalty>symbol_concentration_penalty,"(4.9259259259259345, 3.1481481481481555, 0, 9.122807017543863)",17.196881091617954,17.196881091617954,0,32,0.018518518518518517,0.4490740740740741,0.031481481481481555,0.059259259259259345,1.0092592592592593,0.5185185185185185
143,NSGA-II,multi-objective,rtp_violation_penalty>win_rate_shortfall_penalty>missing_jackpot_penalty>symbol_concentration_penalty,"(4.9259259259259345, 3.1481481481481555, 0, 9.122807017543863)",17.196881091617954,17.196881091617954,0,32,0.018518518518518517,0.4490740740740741,0.031481481481481555,0.059259259259259345,1.0092592592592593,0.5185185185185185
144,NSGA-II,multi-objective,rtp_violation_penalty>win_rate_shortfall_penalty>missing_jackpot_penalty>symbol_concentration_penalty,"(4.9259259259259345, 3.1481481481481555, 0, 9.122807017543863)",17.196881091617954,17.196881091617954,0,32,0.018518518518518517,0.4490740740740741,0.031481481481481555,0.059259259259259345,1.0092592592592593,0.5185185185185185
145,NSGA-II,multi-objective,rtp_violation_penalty>win_rate_shortfall_penalty>missing_jackpot_penalty>symbol_concentration_penalty,"(4.9259259259259345, 3.1481481481481555, 0, 9.122807017543863)",17.196881091617954,17.196881091617954,0,32,0.018518518518518517,0.4490740740740741,0.031481481481481555,0.059259259259259345,1.0092592592592593,0.5185185185185185
146,NSGA-II,multi-objective,rtp_violation_penalty>win_rate_shortfall_penalty>missing_jackpot_penalty>symbol_concentration_penalty,"(4.9259259259259345, 3.1481481481481555, 0, 9.122807017543863)",17.196881091617954,17.196881091617954,0,32,0.018518518518518517,0.4490740740740741,0.031481481481481555,0.059259259259259345,1.0092592592592593,0.5185185185185185
147,NSGA-II,multi-objective,rtp_violation_penalty>win_rate_shortfall_penalty>missing_jackpot_penalty>symbol_concentration_penalty,"(4.9259259259259345, 3.1481481481481555, 0, 9.122807017543863)",17.196881091617954,17.196881091617954,0,32,0.018518518518518517,0.4490740740740741,0.031481481481481555,0.059259259259259345,1.0092592592592593,0.5185185185185185
148,NSGA-II,multi-objective,rtp_violation_penalty>win_rate_shortfall_penalty>missing_jackpot_penalty>symbol_concentration_penalty,"(4.9259259259259345, 3.1481481481481555, 0, 9.122807017543863)",17.196881091617954,17.196881091617954,0,32,0.018518518518518517,0.4490740740740741,0.031481481481481555,0.059259259259259345,1.0092592592592593,0.5185185185185185
149,NSGA-II,multi-objective,rtp_violation_penalty>win_rate_shortfall_penalty>missing_jackpot_penalty>symbol_concentration_penalty,"(4.9259259259259345, 3.1481481481481555, 0, 9.122807017543863)",17.196881091617954,17.196881091617954,0,32,0.018518518518518517,0.4490740740740741,0.031481481481481555,0.059259259259259345,1.0092592592592593,0.5185185185185185
150,NSGA-II,multi-objective,rtp_violation_penalty>win_rate_shortfall_penalty>missing_jackpot_penalty>symbol_concentration_penalty,"(0.7592592592592604, 7.777777777777783, 0, 8.596491228070175)",17.133528265107216,17.133528265107216,0,32,0.018518518518518517,0.4351851851851852,0.07777777777777783,0.017592592592592604,0.9675925925925926,0.4722222222222222
151,NSGA-II,multi-objective,rtp_violation_penalty>win_rate_shortfall_penalty>missing_jackpot_penalty>symbol_concentration_penalty,"(0.7592592592592604, 7.777777777777783, 0, 8.596491228070175)",17.133528265107216,17.133528265107216,0,32,0.018518518518518517,0.4351851851851852,0.07777777777777783,0.017592592592592604,0.9675925925925926,0.4722222222222222
152,NSGA-II,multi-objective,rtp_violation_penalty>win_rate_shortfall_penalty>missing_jackpot_penalty>symbol_concentration_penalty,"(0.7592592592592604, 7.777777777777783, 0, 8.596491228070175)",17.133528265107216,17.133528265107216,0,32,0.018518518518518517,0.4351851851851852,0.07777777777777783,0.017592592592592604,0.9675925925925926,0.4722222222222222
153,NSGA-II,multi-objective,rtp_violation_penalty>win_rate_shortfall_penalty>missing_jackpot_penalty>symbol_concentration_penalty,"(0.7592592592592604, 7.777777777777783, 0, 8.596491228070175)",17.133528265107216,17.133528265107216,0,32,0.018518518518518517,0.4351851851851852,0.07777777777777783,0.017592592592592604,0.9675925925925926,0.4722222222222222
154,NSGA-II,multi-objective,rtp_violation_penalty>win_rate_shortfall_penalty>missing_jackpot_penalty>symbol_concentration_penalty,"(0.7592592592592604, 7.777777777777783, 0, 8.596491228070175)",17.133528265107216,17.133528265107216,0,32,0.018518518518518517,0.4351851851851852,0.07777777777777783,0.017592592592592604,0.9675925925925926,0.4722222222222222
155,NSGA-II,multi-objective,rtp_violation_penalty>win_rate_shortfall_penalty>missing_jackpot_penalty>symbol_concentration_penalty,"(2.333333333333332, 3.2638888888888884, 1, 10.000000000000004)",16.597222222222225,16.597222222222225,1,0,0.0,0.47222222222222227,0.032638888888888884,0.033333333333333326,0.9166666666666666,0.5173611111111112
156,NSGA-II,multi-objective,rtp_violation_penalty>win_rate_shortfall_penalty>missing_jackpot_penalty>symbol_concentration_penalty,"(1.2222222222222254, 3.6111111111111205, 0, 8.771929824561404)",13.60526315789475,13.60526315789475,0,24,0.013888888888888888,0.4398148148148148,0.036111111111111205,0.022222222222222254,0.9722222222222222,0.5138888888888888
157,NSGA-II,multi-objective,rtp_violation_penalty>win_rate_shortfall_penalty>missing_jackpot_penalty>symbol_concentration_penalty,"(1.2222222222222254, 3.6111111111111205, 0, 8.771929824561404)",13.60526315789475,13.60526315789475,0,24,0.013888888888888888,0.4398148148148148,0.036111111111111205,0.022222222222222254,0.9722222222222222,0.5138888888888888
158,NSGA-II,multi-objective,rtp_violation_penalty>win_rate_shortfall_penalty>missing_jackpot_penalty>symbol_concentration_penalty,"(1.2222222222222254, 3.6111111111111205, 0, 8.771929824561404)",13.60526315789475,13.60526315789475,0,24,0.013888888888888888,0.4398148148148148,0.036111111111111205,0.022222222222222254,0.9722222222222222,0.5138888888888888
159,NSGA-II,multi-objective,rtp_violation_penalty>win_rate_shortfall_penalty>missing_jackpot_penalty>symbol_concentration_penalty,"(0.9444444444444375, 0.0, 1, 11.052631578947368)",12.997076023391806,12.997076023391806,1,0,0.0,0.5,0,0.019444444444444375,0.9305555555555556,0.5555555555555556
160,NSGA-II,multi-objective,rtp_violation_penalty>win_rate_shortfall_penalty>missing_jackpot_penalty>symbol_concentration_penalty,"(0.9444444444444375, 0.0, 1, 11.052631578947368)",12.997076023391806,12.997076023391806,1,0,0.0,0.5,0,0.019444444444444375,0.9305555555555556,0.5555555555555556
161,NSGA-II,multi-objective,rtp_violation_penalty>win_rate_shortfall_penalty>missing_jackpot_penalty>symbol_concentration_penalty,"(0.9444444444444375, 0.0, 1, 11.052631578947368)",12.997076023391806,12.997076023391806,1,0,0.0,0.5,0,0.019444444444444375,0.9305555555555556,0.5555555555555556
162,NSGA-II,multi-objective,rtp_violation_penalty>win_rate_shortfall_penalty>missing_jackpot_penalty>symbol_concentration_penalty,"(0.9444444444444375, 0.0, 1, 11.052631578947368)",12.997076023391806,12.997076023391806,1,0,0.0,0.5,0,0.019444444444444375,0.9305555555555556,0.5555555555555556
163,NSGA-II,multi-objective,rtp_violation_penalty>win_rate_shortfall_penalty>missing_jackpot_penalty>symbol_concentration_penalty,"(0.9444444444444375, 0.0, 1, 11.052631578947368)",12.997076023391806,12.997076023391806,1,0,0.0,0.5,0,0.019444444444444375,0.9305555555555556,0.5555555555555556
164,NSGA-II,multi-objective,rtp_violation_penalty>win_rate_shortfall_penalty>missing_jackpot_penalty>symbol_concentration_penalty,"(0.9444444444444375, 0.0, 1, 11.052631578947368)",12.997076023391806,12.997076023391806,1,0,0.0,0.5,0,0.019444444444444375,0.9305555555555556,0.5555555555555556
165,NSGA-II,multi-objective,rtp_violation_penalty>win_rate_shortfall_penalty>missing_jackpot_penalty>symbol_concentration_penalty,"(0.9444444444444375, 0.0, 1, 11.052631578947368)",12.997076023391806,12.997076023391806,1,0,0.0,0.5,0,0.019444444444444375,0.9305555555555556,0.5555555555555556
166,NSGA-II,multi-objective,rtp_violation_penalty>win_rate_shortfall_penalty>missing_jackpot_penalty>symbol_concentration_penalty,"(0.9444444444444375, 0.0, 1, 11.052631578947368)",12.997076023391806,12.997076023391806,1,0,0.0,0.5,0,0.019444444444444375,0.9305555555555556,0.5555555555555556
167,NSGA-II,multi-objective,rtp_violation_penalty>win_rate_shortfall_penalty>missing_jackpot_penalty>symbol_concentration_penalty,"(0.9444444444444375, 0.0, 1, 11.052631578947368)",12.997076023391806,12.997076023391806,1,0,0.0,0.5,0,0.019444444444444375,0.9305555555555556,0.5555555555555556
168,NSGA-II,multi-objective,rtp_violation_penalty>win_rate_shortfall_penalty>missing_jackpot_penalty>symbol_concentration_penalty,"(0.9444444444444375, 0.0, 1, 11.052631578947368)",12.997076023391806,12.997076023391806,1,0,0.0,0.5,0,0.019444444444444375,0.9305555555555556,0.5555555555555556
169,NSGA-II,multi-objective,rtp_violation_penalty>win_rate_shortfall_penalty>missing_jackpot_penalty>symbol_concentration_penalty,"(0.9444444444444375, 0.0, 1, 11.052631578947368)",12.997076023391806,12.997076023391806,1,0,0.0,0.5,0,0.019444444444444375,0.9305555555555556,0.5555555555555556
170,NSGA-II,multi-objective,rtp_violation_penalty>win_rate_shortfall_penalty>missing_jackpot_penalty>symbol_concentration_penalty,"(0.0, 0.0, 0, 11.228070175438596)",11.228070175438596,11.228070175438596,0,24,0.013888888888888888,0.5046296296296297,0,0.008333333333333415,0.9583333333333334,0.5694444444444444
171,NSGA-II,multi-objective,rtp_violation_penalty>win_rate_shortfall_penalty>missing_jackpot_penalty>symbol_concentration_penalty,"(0.0, 0.0, 0, 11.228070175438596)",11.228070175438596,11.228070175438596,0,24,0.013888888888888888,0.5046296296296297,0,0.008333333333333415,0.9583333333333334,0.5694444444444444
172,NSGA-II,multi-objective,rtp_violation_penalty>win_rate_shortfall_penalty>missing_jackpot_penalty>symbol_concentration_penalty,"(0.0, 0.0, 0, 11.228070175438596)",11.228070175438596,11.228070175438596,0,24,0.013888888888888888,0.5046296296296297,0,0.008333333333333415,0.9583333333333334,0.5694444444444444
173,NSGA-II,multi-objective,rtp_violation_penalty>win_rate_shortfall_penalty>missing_jackpot_penalty>symbol_concentration_penalty,"(0.0, 0.0, 0, 11.228070175438596)",11.228070175438596,11.228070175438596,0,24,0.013888888888888888,0.5046296296296297,0,0.008333333333333415,0.9583333333333334,0.5694444444444444
174,NSGA-II,multi-objective,rtp_violation_penalty>win_rate_shortfall_penalty>missing_jackpot_penalty>symbol_concentration_penalty,"(0.0, 0.0, 0, 11.228070175438596)",11.228070175438596,11.228070175438596,0,24,0.013888888888888888,0.5046296296296297,0,0.008333333333333415,0.9583333333333334,0.5694444444444444
175,NSGA-II,multi-objective,rtp_violation_penalty>win_rate_shortfall_penalty>missing_jackpot_penalty>symbol_concentration_penalty,"(0.0, 0.0, 0, 11.228070175438596)",11.228070175438596,11.228070175438596,0,24,0.013888888888888888,0.5046296296296297,0,0.008333333333333415,0.9583333333333334,0.5694444444444444
176,NSGA-II,multi-objective,rtp_violation_penalty>win_rate_shortfall_penalty>missing_jackpot_penalty>symbol_concentration_penalty,"(0.0, 0.0, 0, 11.228070175438596)",11.228070175438596,11.228070175438596,0,24,0.013888888888888888,0.5046296296296297,0,0.008333333333333415,0.9583333333333334,0.5694444444444444
177,NSGA-II,multi-objective,rtp_violation_penalty>win_rate_shortfall_penalty>missing_jackpot_penalty>symbol_concentration_penalty,"(0.01851851851851858, 0.0, 0, 10.35087719298246)",10.36939571150098,10.36939571150098,0,8,0.004629629629629629,0.48148148148148157,0,0.010185185185185186,0.9398148148148148,0.5636574074074074
178,NSGA-II,multi-objective,rtp_violation_penalty>win_rate_shortfall_penalty>missing_jackpot_penalty>symbol_concentration_penalty,"(0.01851851851851858, 0.0, 0, 10.35087719298246)",10.36939571150098,10.36939571150098,0,8,0.004629629629629629,0.48148148148148157,0,0.010185185185185186,0.9398148148148148,0.5636574074074074
179,NSGA-II,multi-objective,rtp_violation_penalty>win_rate_shortfall_penalty>missing_jackpot_penalty>symbol_concentration_penalty,"(0.01851851851851858, 0.0, 0, 10.35087719298246)",10.36939571150098,10.36939571150098,0,8,0.004629629629629629,0.48148148148148157,0,0.010185185185185186,0.9398148148148148,0.5636574074074074
180,NSGA-II,multi-objective,rtp_violation_penalty>win_rate_shortfall_penalty>missing_jackpot_penalty>symbol_concentration_penalty,"(0.01851851851851858, 0.0, 0, 10.35087719298246)",10.36939571150098,10.36939571150098,0,8,0.004629629629629629,0.48148148148148157,0,0.010185185185185186,0.9398148148148148,0.5636574074074074
181,NSGA-II,multi-objective,rtp_violation_penalty>win_rate_shortfall_penalty>missing_jackpot_penalty>symbol_concentration_penalty,"(0.01851851851851858, 0.0, 0, 10.35087719298246)",10.36939571150098,10.36939571150098,0,8,0.004629629629629629,0.48148148148148157,0,0.010185185185185186,0.9398148148148148,0.5636574074074074
182,NSGA-II,multi-objective,rtp_violation_penalty>win_rate_shortfall_penalty>missing_jackpot_penalty>symbol_concentration_penalty,"(0.01851851851851858, 0.0, 0, 10.35087719298246)",10.36939571150098,10.36939571150098,0,8,0.004629629629629629,0.48148148148148157,0,0.010185185185185186,0.9398148148148148,0.5636574074074074
183,NSGA-II,multi-objective,rtp_violation_penalty>win_rate_shortfall_penalty>missing_jackpot_penalty>symbol_concentration_penalty,"(0.01851851851851858, 0.0, 0, 10.35087719298246)",10.36939571150098,10.36939571150098,0,8,0.004629629629629629,0.48148148148148157,0,0.010185185185185186,0.9398148148148148,0.5636574074074074
184,NSGA-II,multi-objective,rtp_violation_penalty>win_rate_shortfall_penalty>missing_jackpot_penalty>symbol_concentration_penalty,"(0.01851851851851858, 0.0, 0, 10.35087719298246)",10.36939571150098,10.36939571150098,0,8,0.004629629629629629,0.48148148148148157,0,0.010185185185185186,0.9398148148148148,0.5636574074074074
185,NSGA-II,multi-objective,rtp_violation_penalty>win_rate_shortfall_penalty>missing_jackpot_penalty>symbol_concentration_penalty,"(0.01851851851851858, 0.0, 0, 10.35087719298246)",10.36939571150098,10.36939571150098,0,8,0.004629629629629629,0.48148148148148157,0,0.010185185185185186,0.9398148148148148,0.5636574074074074
186,NSGA-II,multi-objective,rtp_violation_penalty>win_rate_shortfall_penalty>missing_jackpot_penalty>symbol_concentration_penalty,"(0.01851851851851858, 0.0, 0, 10.35087719298246)",10.36939571150098,10.36939571150098,0,8,0.004629629629629629,0.48148148148148157,0,0.010185185185185186,0.9398148148148148,0.5636574074074074
187,NSGA-II,multi-objective,rtp_violation_penalty>win_rate_shortfall_penalty>missing_jackpot_penalty>symbol_concentration_penalty,"(0.01851851851851858, 0.0, 0, 10.35087719298246)",10.36939571150098,10.36939571150098,0,8,0.004629629629629629,0.48148148148148157,0,0.010185185185185186,0.9398148148148148,0.5636574074074074
188,NSGA-II,multi-objective,rtp_violation_penalty>win_rate_shortfall_penalty>missing_jackpot_penalty>symbol_concentration_penalty,"(0.01851851851851858, 0.0, 0, 10.35087719298246)",10.36939571150098,10.36939571150098,0,8,0.004629629629629629,0.48148148148148157,0,0.010185185185185186,0.9398148148148148,0.5636574074074074
189,NSGA-II,multi-objective,rtp_violation_penalty>win_rate_shortfall_penalty>missing_jackpot_penalty>symbol_concentration_penalty,"(0.01851851851851858, 0.0, 0, 10.35087719298246)",10.36939571150098,10.36939571150098,0,8,0.004629629629629629,0.48148148148148157,0,0.010185185185185186,0.9398148148148148,0.5636574074074074
190,NSGA-II,multi-objective,rtp_violation_penalty>win_rate_shortfall_penalty>missing_jackpot_penalty>symbol_concentration_penalty,"(0.01851851851851858, 0.0, 0, 10.35087719298246)",10.36939571150098,10.36939571150098,0,8,0.004629629629629629,0.48148148148148157,0,0.010185185185185186,0.9398148148148148,0.5636574074074074
191,NSGA-II,multi-objective,rtp_violation_penalty>win_rate_shortfall_penalty>missing_jackpot_penalty>symbol_concentration_penalty,"(0.01851851851851858, 0.0, 0, 10.35087719298246)",10.36939571150098,10.36939571150098,0,8,0.004629629629629629,0.48148148148148157,0,0.010185185185185186,0.9398148148148148,0.5636574074074074
192,NSGA-II,multi-objective,rtp_violation_penalty>win_rate_shortfall_penalty>missing_jackpot_penalty>symbol_concentration_penalty,"(0.01851851851851858, 0.0, 0, 10.35087719298246)",10.36939571150098,10.36939571150098,0,8,0.004629629629629629,0.48148148148148157,0,0.010185185185185186,0.9398148148148148,0.5636574074074074
193,NSGA-II,multi-objective,rtp_violation_penalty>win_rate_shortfall_penalty>missing_jackpot_penalty>symbol_concentration_penalty,"(0.01851851851851858, 0.0, 0, 10.35087719298246)",10.36939571150098,10.36939571150098,0,8,0.004629629629629629,0.48148148148148157,0,0.010185185185185186,0.9398148148148148,0.5636574074074074
194,NSGA-II,multi-objective,rtp_violation_penalty>win_rate_shortfall_penalty>missing_jackpot_penalty>symbol_concentration_penalty,"(0.01851851851851858, 0.0, 0, 10.35087719298246)",10.36939571150098,10.36939571150098,0,8,0.004629629629629629,0.48148148148148157,0,0.010185185185185186,0.9398148148148148,0.5636574074074074
195,NSGA-II,multi-objective,rtp_violation_penalty>win_rate_shortfall_penalty>missing_jackpot_penalty>symbol_concentration_penalty,"(0.01851851851851858, 0.0, 0, 10.35087719298246)",10.36939571150098,10.36939571150098,0,8,0.004629629629629629,0.48148148148148157,0,0.010185185185185186,0.9398148148148148,0.5636574074074074
196,NSGA-II,multi-objective,rtp_violation_penalty>win_rate_shortfall_penalty>missing_jackpot_penalty>symbol_concentration_penalty,"(0.01851851851851858, 0.0, 0, 10.35087719298246)",10.36939571150098,10.36939571150098,0,8,0.004629629629629629,0.48148148148148157,0,0.010185185185185186,0.9398148148148148,0.5636574074074074
197,NSGA-II,multi-objective,rtp_violation_penalty>win_rate_shortfall_penalty>missing_jackpot_penalty>symbol_concentration_penalty,"(0.01851851851851858, 0.0, 0, 10.35087719298246)",10.36939571150098,10.36939571150098,0,8,0.004629629629629629,0.48148148148148157,0,0.010185185185185186,0.9398148148148148,0.5636574074074074
198,NSGA-II,multi-objective,rtp_violation_penalty>win_rate_shortfall_penalty>missing_jackpot_penalty>symbol_concentration_penalty,"(0.01851851851851858, 0.0, 0, 10.35087719298246)",10.36939571150098,10.36939571150098,0,8,0.004629629629629629,0.48148148148148157,0,0.010185185185185186,0.9398148148148148,0.5636574074074074
199,NSGA-II,multi-objective,rtp_violation_penalty>win_rate_shortfall_penalty>missing_jackpot_penalty>symbol_concentration_penalty,"(0.01851851851851858, 0.0, 0, 10.35087719298246)",10.36939571150098,10.36939571150098,0,8,0.004629629629629629,0.48148148148148157,0,0.010185185185185186,0.9398148148148148,0.5636574074074074
200,NSGA-II,multi-objective,rtp_violation_penalty>win_rate_shortfall_penalty>missing_jackpot_penalty>symbol_concentration_penalty,"(0.01851851851851858, 0.0, 0, 10.35087719298246)",10.36939571150098,10.36939571150098,0,8,0.004629629629629629,0.48148148148148157,0,0.010185185185185186,0.9398148148148148,0.5636574074074074
201,NSGA-II,multi-objective,rtp_violation_penalty>win_rate_shortfall_penalty>missing_jackpot_penalty>symbol_concentration_penalty,"(0.01851851851851858, 0.0, 0, 10.35087719298246)",10.36939571150098,10.36939571150098,0,8,0.004629629629629629,0.48148148148148157,0,0.010185185185185186,0.9398148148148148,0.5636574074074074
202,NSGA-II,multi-objective,rtp_violation_penalty>win_rate_shortfall_penalty>missing_jackpot_penalty>symbol_concentration_penalty,"(0.01851851851851858, 0.0, 0, 10.35087719298246)",10.36939571150098,10.36939571150098,0,8,0.004629629629629629,0.48148148148148157,0,0.010185185185185186,0.9398148148148148,0.5636574074074074
203,NSGA-II,multi-objective,rtp_violation_penalty>win_rate_shortfall_penalty>missing_jackpot_penalty>symbol_concentration_penalty,"(0.01851851851851858, 0.0, 0, 10.35087719298246)",10.36939571150098,10.36939571150098,0,8,0.004629629629629629,0.48148148148148157,0,0.010185185185185186,0.9398148148148148,0.5636574074074074
204,NSGA-II,multi-objective,rtp_violation_penalty>win_rate_shortfall_penalty>missing_jackpot_penalty>symbol_concentration_penalty,"(0.01851851851851858, 0.0, 0, 10.35087719298246)",10.36939571150098,10.36939571150098,0,8,0.004629629629629629,0.48148148148148157,0,0.010185185185185186,0.9398148148148148,0.5636574074074074
205,NSGA-II,multi-objective,rtp_violation_penalty>win_rate_shortfall_penalty>missing_jackpot_penalty>symbol_concentration_penalty,"(0.01851851851851858, 0.0, 0, 10.35087719298246)",10.36939571150098,10.36939571150098,0,8,0.004629629629629629,0.48148148148148157,0,0.010185185185185186,0.9398148148148148,0.5636574074074074
206,NSGA-II,multi-objective,rtp_violation_penalty>win_rate_shortfall_penalty>missing_jackpot_penalty>symbol_concentration_penalty,"(0.01851851851851858, 0.0, 0, 10.35087719298246)",10.36939571150098,10.36939571150098,0,8,0.004629629629629629,0.48148148148148157,0,0.010185185185185186,0.9398148148148148,0.5636574074074074
207,NSGA-II,multi-objective,rtp_violation_penalty>win_rate_shortfall_penalty>missing_jackpot_penalty>symbol_concentration_penalty,"(0.01851851851851858, 0.0, 0, 10.35087719298246)",10.36939571150098,10.36939571150098,0,8,0.004629629629629629,0.48148148148148157,0,0.010185185185185186,0.9398148148148148,0.5636574074074074
208,NSGA-II,multi-objective,rtp_violation_penalty>win_rate_shortfall_penalty>missing_jackpot_penalty>symbol_concentration_penalty,"(0.01851851851851858, 0.0, 0, 10.35087719298246)",10.36939571150098,10.36939571150098,0,8,0.004629629629629629,0.48148148148148157,0,0.010185185185185186,0.9398148148148148,0.5636574074074074
209,NSGA-II,multi-objective,rtp_violation_penalty>win_rate_shortfall_penalty>missing_jackpot_penalty>symbol_concentration_penalty,"(0.01851851851851858, 0.0, 0, 10.35087719298246)",10.36939571150098,10.36939571150098,0,8,0.004629629629629629,0.48148148148148157,0,0.010185185185185186,0.9398148148148148,0.5636574074074074
210,NSGA-II,multi-objective,rtp_violation_penalty>win_rate_shortfall_penalty>missing_jackpot_penalty>symbol_concentration_penalty,"(0.01851851851851858, 0.0, 0, 10.35087719298246)",10.36939571150098,10.36939571150098,0,8,0.004629629629629629,0.48148148148148157,0,0.010185185185185186,0.9398148148148148,0.5636574074074074
211,NSGA-II,multi-objective,rtp_violation_penalty>win_rate_shortfall_penalty>missing_jackpot_penalty>symbol_concentration_penalty,"(0.01851851851851858, 0.0, 0, 10.35087719298246)",10.36939571150098,10.36939571150098,0,8,0.004629629629629629,0.48148148148148157,0,0.010185185185185186,0.9398148148148148,0.5636574074074074
212,NSGA-II,multi-objective,rtp_violation_penalty>win_rate_shortfall_penalty>missing_jackpot_penalty>symbol_concentration_penalty,"(0.01851851851851858, 0.0, 0, 10.35087719298246)",10.36939571150098,10.36939571150098,0,8,0.004629629629629629,0.48148148148148157,0,0.010185185185185186,0.9398148148148148,0.5636574074074074
213,NSGA-II,multi-objective,rtp_violation_penalty>win_rate_shortfall_penalty>missing_jackpot_penalty>symbol_concentration_penalty,"(0.01851851851851858, 0.0, 0, 10.35087719298246)",10.36939571150098,10.36939571150098,0,8,0.004629629629629629,0.48148148148148157,0,0.010185185185185186,0.9398148148148148,0.5636574074074074
214,NSGA-II,multi-objective,rtp_violation_penalty>win_rate_shortfall_penalty>missing_jackpot_penalty>symbol_concentration_penalty,"(0.01851851851851858, 0.0, 0, 10.35087719298246)",10.36939571150098,10.36939571150098,0,8,0.004629629629629629,0.48148148148148157,0,0.010185185185185186,0.9398148148148148,0.5636574074074074
215,NSGA-II,multi-objective,rtp_violation_penalty>win_rate_shortfall_penalty>missing_jackpot_penalty>symbol_concentration_penalty,"(0.01851851851851858, 0.0, 0, 10.35087719298246)",10.36939571150098,10.36939571150098,0,8,0.004629629629629629,0.48148148148148157,0,0.010185185185185186,0.9398148148148148,0.5636574074074074
216,NSGA-II,multi-objective,rtp_violation_penalty>win_rate_shortfall_penalty>missing_jackpot_penalty>symbol_concentration_penalty,"(0.01851851851851858, 0.0, 0, 10.35087719298246)",10.36939571150098,10.36939571150098,0,8,0.004629629629629629,0.48148148148148157,0,0.010185185185185186,0.9398148148148148,0.5636574074074074
217,NSGA-II,multi-objective,rtp_violation_penalty>win_rate_shortfall_penalty>missing_jackpot_penalty>symbol_concentration_penalty,"(0.01851851851851858, 0.0, 0, 10.35087719298246)",10.36939571150098,10.36939571150098,0,8,0.004629629629629629,0.48148148148148157,0,0.010185185185185186,0.9398148148148148,0.5636574074074074
218,NSGA-II,multi-objective,rtp_violation_penalty>win_rate_shortfall_penalty>missing_jackpot_penalty>symbol_concentration_penalty,"(0.01851851851851858, 0.0, 0, 10.35087719298246)",10.36939571150098,10.36939571150098,0,8,0.004629629629629629,0.48148148148148157,0,0.010185185185185186,0.9398148148148148,0.5636574074074074
219,NSGA-II,multi-objective,rtp_violation_penalty>win_rate_shortfall_penalty>missing_jackpot_penalty>symbol_concentration_penalty,"(0.01851851851851858, 0.0, 0, 10.35087719298246)",10.36939571150098,10.36939571150098,0,8,0.004629629629629629,0.48148148148148157,0,0.010185185185185186,0.9398148148148148,0.5636574074074074
220,NSGA-II,multi-objective,rtp_violation_penalty>win_rate_shortfall_penalty>missing_jackpot_penalty>symbol_concentration_penalty,"(0.01851851851851858, 0.0, 0, 10.35087719298246)",10.36939571150098,10.36939571150098,0,8,0.004629629629629629,0.48148148148148157,0,0.010185185185185186,0.9398148148148148,0.5636574074074074
221,NSGA-II,multi-objective,rtp_violation_penalty>win_rate_shortfall_penalty>missing_jackpot_penalty>symbol_concentration_penalty,"(0.01851851851851858, 0.0, 0, 10.35087719298246)",10.36939571150098,10.36939571150098,0,8,0.004629629629629629,0.48148148148148157,0,0.010185185185185186,0.9398148148148148,0.5636574074074074
222,NSGA-II,multi-objective,rtp_violation_penalty>win_rate_shortfall_penalty>missing_jackpot_penalty>symbol_concentration_penalty,"(0.01851851851851858, 0.0, 0, 10.35087719298246)",10.36939571150098,10.36939571150098,0,8,0.004629629629629629,0.48148148148148157,0,0.010185185185185186,0.9398148148148148,0.5636574074074074
223,NSGA-II,multi-objective,rtp_violation_penalty>win_rate_shortfall_penalty>missing_jackpot_penalty>symbol_concentration_penalty,"(0.01851851851851858, 0.0, 0, 10.35087719298246)",10.36939571150098,10.36939571150098,0,8,0.004629629629629629,0.48148148148148157,0,0.010185185185185186,0.9398148148148148,0.5636574074074074
224,NSGA-II,multi-objective,rtp_violation_penalty>win_rate_shortfall_penalty>missing_jackpot_penalty>symbol_concentration_penalty,"(0.0, 1.4120370370370394, 0, 8.596491228070175)",10.008528265107214,10.008528265107214,0,14,0.008101851851851851,0.4351851851851852,0.014120370370370394,0.006712962962962865,0.9432870370370371,0.5358796296296297
225,NSGA-II,multi-objective,rtp_violation_penalty>win_rate_shortfall_penalty>missing_jackpot_penalty>symbol_concentration_penalty,"(0.0, 1.4120370370370394, 0, 8.596491228070175)",10.008528265107214,10.008528265107214,0,14,0.008101851851851851,0.4351851851851852,0.014120370370370394,0.006712962962962865,0.9432870370370371,0.5358796296296297
226,NSGA-II,multi-objective,rtp_violation_penalty>win_rate_shortfall_penalty>missing_jackpot_penalty>symbol_concentration_penalty,"(0.0, 1.4120370370370394, 0, 8.596491228070175)",10.008528265107214,10.008528265107214,0,14,0.008101851851851851,0.4351851851851852,0.014120370370370394,0.006712962962962865,0.9432870370370371,0.5358796296296297
227,NSGA-II,multi-objective,rtp_violation_penalty>win_rate_shortfall_penalty>missing_jackpot_penalty>symbol_concentration_penalty,"(0.0, 1.4120370370370394, 0, 8.596491228070175)",10.008528265107214,10.008528265107214,0,14,0.008101851851851851,0.4351851851851852,0.014120370370370394,0.006712962962962865,0.9432870370370371,0.5358796296296297
228,NSGA-II,multi-objective,rtp_violation_penalty>win_rate_shortfall_penalty>missing_jackpot_penalty>symbol_concentration_penalty,"(0.0, 1.4120370370370394, 0, 8.596491228070175)",10.008528265107214,10.008528265107214,0,14,0.008101851851851851,0.4351851851851852,0.014120370370370394,0.006712962962962865,0.9432870370370371,0.5358796296296297
229,NSGA-II,multi-objective,rtp_violation_penalty>win_rate_shortfall_penalty>missing_jackpot_penalty>symbol_concentration_penalty,"(0.0, 1.4120370370370394, 0, 8.596491228070175)",10.008528265107214,10.008528265107214,0,14,0.008101851851851851,0.4351851851851852,0.014120370370370394,0.006712962962962865,0.9432870370370371,0.5358796296296297
230,NSGA-II,multi-objective,rtp_violation_penalty>win_rate_shortfall_penalty>missing_jackpot_penalty>symbol_concentration_penalty,"(0.0, 1.4120370370370394, 0, 8.596491228070175)",10.008528265107214,10.008528265107214,0,14,0.008101851851851851,0.4351851851851852,0.014120370370370394,0.006712962962962865,0.9432870370370371,0.5358796296296297
231,NSGA-II,multi-objective,rtp_violation_penalty>win_rate_shortfall_penalty>missing_jackpot_penalty>symbol_concentration_penalty,"(0.0, 1.4120370370370394, 0, 8.596491228070175)",10.008528265107214,10.008528265107214,0,14,0.008101851851851851,0.4351851851851852,0.014120370370370394,0.006712962962962865,0.9432870370370371,0.5358796296296297
232,NSGA-II,multi-objective,rtp_violation_penalty>win_rate_shortfall_penalty>missing_jackpot_penalty>symbol_concentration_penalty,"(0.0, 1.4120370370370394, 0, 8.596491228070175)",10.008528265107214,10.008528265107214,0,14,0.008101851851851851,0.4351851851851852,0.014120370370370394,0.006712962962962865,0.9432870370370371,0.5358796296296297
233,NSGA-II,multi-objective,rtp_violation_penalty>win_rate_shortfall_penalty>missing_jackpot_penalty>symbol_concentration_penalty,"(0.0, 1.4120370370370394, 0, 8.596491228070175)",10.008528265107214,10.008528265107214,0,14,0.008101851851851851,0.4351851851851852,0.014120370370370394,0.006712962962962865,0.9432870370370371,0.5358796296296297
234,NSGA-II,multi-objective,rtp_violation_penalty>win_rate_shortfall_penalty>missing_jackpot_penalty>symbol_concentration_penalty,"(0.0, 1.4120370370370394, 0, 8.596491228070175)",10.008528265107214,10.008528265107214,0,14,0.008101851851851851,0.4351851851851852,0.014120370370370394,0.006712962962962865,0.9432870370370371,0.5358796296296297
235,NSGA-II,multi-objective,rtp_violation_penalty>win_rate_shortfall_penalty>missing_jackpot_penalty>symbol_concentration_penalty,"(0.0, 1.4120370370370394, 0, 8.596491228070175)",10.008528265107214,10.008528265107214,0,14,0.008101851851851851,0.4351851851851852,0.014120370370370394,0.006712962962962865,0.9432870370370371,0.5358796296296297
236,NSGA-II,multi-objective,rtp_violation_penalty>win_rate_shortfall_penalty>missing_jackpot_penalty>symbol_concentration_penalty,"(0.0, 0.7754629629629695, 0, 8.421052631578949)",9.196515594541918,9.196515594541918,0,15,0.008680555555555556,0.4305555555555556,0.007754629629629695,0.0038194444444443754,0.9461805555555556,0.5422453703703703
237,NSGA-II,multi-objective,rtp_violation_penalty>win_rate_shortfall_penalty>missing_jackpot_penalty>symbol_concentration_penalty,"(0.0, 0.7754629629629695, 0, 8.421052631578949)",9.196515594541918,9.196515594541918,0,15,0.008680555555555556,0.4305555555555556,0.007754629629629695,0.0038194444444443754,0.9461805555555556,0.5422453703703703
238,NSGA-II,multi-objective,rtp_violation_penalty>win_rate_shortfall_penalty>missing_jackpot_penalty>symbol_concentration_penalty,"(0.0, 0.7754629629629695, 0, 8.421052631578949)",9.196515594541918,9.196515594541918,0,15,0.008680555555555556,0.4305555555555556,0.007754629629629695,0.0038194444444443754,0.9461805555555556,0.5422453703703703
239,NSGA-II,multi-objective,rtp_violation_penalty>win_rate_shortfall_penalty>missing_jackpot_penalty>symbol_concentration_penalty,"(0.0, 0.7754629629629695, 0, 8.421052631578949)",9.196515594541918,9.196515594541918,0,15,0.008680555555555556,0.4305555555555556,0.007754629629629695,0.0038194444444443754,0.9461805555555556,0.5422453703703703
240,NSGA-II,multi-objective,rtp_violation_penalty>win_rate_shortfall_penalty>missing_jackpot_penalty>symbol_concentration_penalty,"(0.0, 0.7754629629629695, 0, 8.421052631578949)",9.196515594541918,9.196515594541918,0,15,0.008680555555555556,0.4305555555555556,0.007754629629629695,0.0038194444444443754,0.9461805555555556,0.5422453703703703
241,NSGA-II,multi-objective,rtp_violation_penalty>win_rate_shortfall_penalty>missing_jackpot_penalty>symbol_concentration_penalty,"(0.0, 0.7754629629629695, 0, 8.421052631578949)",9.196515594541918,9.196515594541918,0,15,0.008680555555555556,0.4305555555555556,0.007754629629629695,0.0038194444444443754,0.9461805555555556,0.5422453703703703
242,NSGA-II,multi-objective,rtp_violation_penalty>win_rate_shortfall_penalty>missing_jackpot_penalty>symbol_concentration_penalty,"(0.0, 0.7754629629629695, 0, 8.421052631578949)",9.196515594541918,9.196515594541918,0,15,0.008680555555555556,0.4305555555555556,0.007754629629629695,0.0038194444444443754,0.9461805555555556,0.5422453703703703
243,NSGA-II,multi-objective,rtp_violation_penalty>win_rate_shortfall_penalty>missing_jackpot_penalty>symbol_concentration_penalty,"(0.0, 0.7754629629629695, 0, 8.421052631578949)",9.196515594541918,9.196515594541918,0,15,0.008680555555555556,0.4305555555555556,0.007754629629629695,0.0038194444444443754,0.9461805555555556,0.5422453703703703
244,NSGA-II,multi-objective,rtp_violation_penalty>win_rate_shortfall_penalty>missing_jackpot_penalty>symbol_concentration_penalty,"(0.0, 0.7754629629629695, 0, 8.421052631578949)",9.196515594541918,9.196515594541918,0,15,0.008680555555555556,0.4305555555555556,0.007754629629629695,0.0038194444444443754,0.9461805555555556,0.5422453703703703
245,NSGA-II,multi-objective,rtp_violation_penalty>win_rate_shortfall_penalty>missing_jackpot_penalty>symbol_concentration_penalty,"(0.0, 0.7754629629629695, 0, 8.421052631578949)",9.196515594541918,9.196515594541918,0,15,0.008680555555555556,0.4305555555555556,0.007754629629629695,0.0038194444444443754,0.9461805555555556,0.5422453703703703
246,NSGA-II,multi-objective,rtp_violation_penalty>win_rate_shortfall_penalty>missing_jackpot_penalty>symbol_concentration_penalty,"(0.0, 0.7754629629629695, 0, 8.421052631578949)",9.196515594541918,9.196515594541918,0,15,0.008680555555555556,0.4305555555555556,0.007754629629629695,0.0038194444444443754,0.9461805555555556,0.5422453703703703
247,NSGA-II,multi-objective,rtp_violation_penalty>win_rate_shortfall_penalty>missing_jackpot_penalty>symbol_concentration_penalty,"(0.0, 0.7754629629629695, 0, 8.421052631578949)",9.196515594541918,9.196515594541918,0,15,0.008680555555555556,0.4305555555555556,0.007754629629629695,0.0038194444444443754,0.9461805555555556,0.5422453703703703
248,NSGA-II,multi-objective,rtp_violation_penalty>win_rate_shortfall_penalty>missing_jackpot_penalty>symbol_concentration_penalty,"(0.0, 0.7754629629629695, 0, 8.421052631578949)",9.196515594541918,9.196515594541918,0,15,0.008680555555555556,0.4305555555555556,0.007754629629629695,0.0038194444444443754,0.9461805555555556,0.5422453703703703
249,NSGA-II,multi-objective,rtp_violation_penalty>win_rate_shortfall_penalty>missing_jackpot_penalty>symbol_concentration_penalty,"(0.0, 0.7754629629629695, 0, 8.421052631578949)",9.196515594541918,9.196515594541918,0,15,0.008680555555555556,0.4305555555555556,0.007754629629629695,0.0038194444444443754,0.9461805555555556,0.5422453703703703
250,NSGA-II,multi-objective,rtp_violation_penalty>win_rate_shortfall_penalty>missing_jackpot_penalty>symbol_concentration_penalty,"(0.0, 0.7754629629629695, 0, 8.421052631578949)",9.196515594541918,9.196515594541918,0,15,0.008680555555555556,0.4305555555555556,0.007754629629629695,0.0038194444444443754,0.9461805555555556,0.5422453703703703
251,NSGA-II,multi-objective,rtp_violation_penalty>win_rate_shortfall_penalty>missing_jackpot_penalty>symbol_concentration_penalty,"(0.0, 0.7754629629629695, 0, 8.421052631578949)",9.196515594541918,9.196515594541918,0,15,0.008680555555555556,0.4305555555555556,0.007754629629629695,0.0038194444444443754,0.9461805555555556,0.5422453703703703
252,NSGA-II,multi-objective,rtp_violation_penalty>win_rate_shortfall_penalty>missing_jackpot_penalty>symbol_concentration_penalty,"(0.0, 0.7754629629629695, 0, 8.421052631578949)",9.196515594541918,9.196515594541918,0,15,0.008680555555555556,0.4305555555555556,0.007754629629629695,0.0038194444444443754,0.9461805555555556,0.5422453703703703
253,NSGA-II,multi-objective,rtp_violation_penalty>win_rate_shortfall_penalty>missing_jackpot_penalty>symbol_concentration_penalty,"(0.0, 0.7754629629629695, 0, 8.421052631578949)",9.196515594541918,9.196515594541918,0,15,0.008680555555555556,0.4305555555555556,0.007754629629629695,0.0038194444444443754,0.9461805555555556,0.5422453703703703
254,NSGA-II,multi-objective,rtp_violation_penalty>win_rate_shortfall_penalty>missing_jackpot_penalty>symbol_concentration_penalty,"(0.0, 0.7754629629629695, 0, 8.421052631578949)",9.196515594541918,9.196515594541918,0,15,0.008680555555555556,0.4305555555555556,0.007754629629629695,0.0038194444444443754,0.9461805555555556,0.5422453703703703
255,NSGA-II,multi-objective,rtp_violation_penalty>win_rate_shortfall_penalty>missing_jackpot_penalty>symbol_concentration_penalty,"(0.0, 0.7754629629629695, 0, 8.421052631578949)",9.196515594541918,9.196515594541918,0,15,0.008680555555555556,0.4305555555555556,0.007754629629629695,0.0038194444444443754,0.9461805555555556,0.5422453703703703
256,NSGA-II,multi-objective,rtp_violation_penalty>win_rate_shortfall_penalty>missing_jackpot_penalty>symbol_concentration_penalty,"(0.0, 0.7754629629629695, 0, 8.421052631578949)",9.196515594541918,9.196515594541918,0,15,0.008680555555555556,0.4305555555555556,0.007754629629629695,0.0038194444444443754,0.9461805555555556,0.5422453703703703
257,NSGA-II,multi-objective,rtp_violation_penalty>win_rate_shortfall_penalty>missing_jackpot_penalty>symbol_concentration_penalty,"(0.0, 0.7754629629629695, 0, 8.421052631578949)",9.196515594541918,9.196515594541918,0,15,0.008680555555555556,0.4305555555555556,0.007754629629629695,0.0038194444444443754,0.9461805555555556,0.5422453703703703
258,NSGA-II,multi-objective,rtp_violation_penalty>win_rate_shortfall_penalty>missing_jackpot_penalty>symbol_concentration_penalty,"(0.0, 0.7754629629629695, 0, 8.421052631578949)",9.196515594541918,9.196515594541918,0,15,0.008680555555555556,0.4305555555555556,0.007754629629629695,0.0038194444444443754,0.9461805555555556,0.5422453703703703
259,NSGA-II,multi-objective,rtp_violation_penalty>win_rate_shortfall_penalty>missing_jackpot_penalty>symbol_concentration_penalty,"(0.0, 0.7754629629629695, 0, 8.421052631578949)",9.196515594541918,9.196515594541918,0,15,0.008680555555555556,0.4305555555555556,0.007754629629629695,0.0038194444444443754,0.9461805555555556,0.5422453703703703
260,NSGA-II,multi-objective,rtp_violation_penalty>win_rate_shortfall_penalty>missing_jackpot_penalty>symbol_concentration_penalty,"(0.0, 0.7754629629629695, 0, 8.421052631578949)",9.196515594541918,9.196515594541918,0,15,0.008680555555555556,0.4305555555555556,0.007754629629629695,0.0038194444444443754,0.9461805555555556,0.5422453703703703
261,NSGA-II,multi-objective,rtp_violation_penalty>win_rate_shortfall_penalty>missing_jackpot_penalty>symbol_concentration_penalty,"(0.0, 0.7754629629629695, 0, 8.421052631578949)",9.196515594541918,9.196515594541918,0,15,0.008680555555555556,0.4305555555555556,0.007754629629629695,0.0038194444444443754,0.9461805555555556,0.5422453703703703
262,NSGA-II,multi-objective,rtp_violation_penalty>win_rate_shortfall_penalty>missing_jackpot_penalty>symbol_concentration_penalty,"(0.0, 0.7754629629629695, 0, 8.421052631578949)",9.196515594541918,9.196515594541918,0,15,0.008680555555555556,0.4305555555555556,0.007754629629629695,0.0038194444444443754,0.9461805555555556,0.5422453703703703
263,NSGA-II,multi-objective,rtp_violation_penalty>win_rate_shortfall_penalty>missing_jackpot_penalty>symbol_concentration_penalty,"(0.0, 0.7754629629629695, 0, 8.421052631578949)",9.196515594541918,9.196515594541918,0,15,0.008680555555555556,0.4305555555555556,0.007754629629629695,0.0038194444444443754,0.9461805555555556,0.5422453703703703
264,NSGA-II,multi-objective,rtp_violation_penalty>win_rate_shortfall_penalty>missing_jackpot_penalty>symbol_concentration_penalty,"(0.0, 0.7754629629629695, 0, 8.421052631578949)",9.196515594541918,9.196515594541918,0,15,0.008680555555555556,0.4305555555555556,0.007754629629629695,0.0038194444444443754,0.9461805555555556,0.5422453703703703
265,NSGA-II,multi-objective,rtp_violation_penalty>win_rate_shortfall_penalty>missing_jackpot_penalty>symbol_concentration_penalty,"(0.0, 0.7754629629629695, 0, 8.421052631578949)",9.196515594541918,9.196515594541918,0,15,0.008680555555555556,0.4305555555555556,0.007754629629629695,0.0038194444444443754,0.9461805555555556,0.5422453703703703
266,NSGA-II,multi-objective,rtp_violation_penalty>win_rate_shortfall_penalty>missing_jackpot_penalty>symbol_concentration_penalty,"(0.0, 0.7754629629629695, 0, 8.421052631578949)",9.196515594541918,9.196515594541918,0,15,0.008680555555555556,0.4305555555555556,0.007754629629629695,0.0038194444444443754,0.9461805555555556,0.5422453703703703
267,NSGA-II,multi-objective,rtp_violation_penalty>win_rate_shortfall_penalty>missing_jackpot_penalty>symbol_concentration_penalty,"(0.0, 0.7754629629629695, 0, 8.421052631578949)",9.196515594541918,9.196515594541918,0,15,0.008680555555555556,0.4305555555555556,0.007754629629629695,0.0038194444444443754,0.9461805555555556,0.5422453703703703
268,NSGA-II,multi-objective,rtp_violation_penalty>win_rate_shortfall_penalty>missing_jackpot_penalty>symbol_concentration_penalty,"(0.0, 0.7754629629629695, 0, 8.421052631578949)",9.196515594541918,9.196515594541918,0,15,0.008680555555555556,0.4305555555555556,0.007754629629629695,0.0038194444444443754,0.9461805555555556,0.5422453703703703
269,NSGA-II,multi-objective,rtp_violation_penalty>win_rate_shortfall_penalty>missing_jackpot_penalty>symbol_concentration_penalty,"(0.0, 0.7754629629629695, 0, 8.421052631578949)",9.196515594541918,9.196515594541918,0,15,0.008680555555555556,0.4305555555555556,0.007754629629629695,0.0038194444444443754,0.9461805555555556,0.5422453703703703
270,NSGA-II,multi-objective,rtp_violation_penalty>win_rate_shortfall_penalty>missing_jackpot_penalty>symbol_concentration_penalty,"(0.0, 0.7754629629629695, 0, 8.421052631578949)",9.196515594541918,9.196515594541918,0,15,0.008680555555555556,0.4305555555555556,0.007754629629629695,0.0038194444444443754,0.9461805555555556,0.5422453703703703
271,NSGA-II,multi-objective,rtp_violation_penalty>win_rate_shortfall_penalty>missing_jackpot_penalty>symbol_concentration_penalty,"(0.0, 0.7754629629629695, 0, 8.421052631578949)",9.196515594541918,9.196515594541918,0,15,0.008680555555555556,0.4305555555555556,0.007754629629629695,0.0038194444444443754,0.9461805555555556,0.5422453703703703
272,NSGA-II,multi-objective,rtp_violation_penalty>win_rate_shortfall_penalty>missing_jackpot_penalty>symbol_concentration_penalty,"(0.0, 0.7754629629629695, 0, 8.421052631578949)",9.196515594541918,9.196515594541918,0,15,0.008680555555555556,0.4305555555555556,0.007754629629629695,0.0038194444444443754,0.9461805555555556,0.5422453703703703
273,NSGA-II,multi-objective,rtp_violation_penalty>win_rate_shortfall_penalty>missing_jackpot_penalty>symbol_concentration_penalty,"(0.0, 0.7754629629629695, 0, 8.421052631578949)",9.196515594541918,9.196515594541918,0,15,0.008680555555555556,0.4305555555555556,0.007754629629629695,0.0038194444444443754,0.9461805555555556,0.5422453703703703
274,NSGA-II,multi-objective,rtp_violation_penalty>win_rate_shortfall_penalty>missing_jackpot_penalty>symbol_concentration_penalty,"(0.0, 0.7754629629629695, 0, 8.421052631578949)",9.196515594541918,9.196515594541918,0,15,0.008680555555555556,0.4305555555555556,0.007754629629629695,0.0038194444444443754,0.9461805555555556,0.5422453703703703
275,NSGA-II,multi-objective,rtp_violation_penalty>win_rate_shortfall_penalty>missing_jackpot_penalty>symbol_concentration_penalty,"(0.0, 0.7754629629629695, 0, 8.421052631578949)",9.196515594541918,9.196515594541918,0,15,0.008680555555555556,0.4305555555555556,0.007754629629629695,0.0038194444444443754,0.9461805555555556,0.5422453703703703
276,NSGA-II,multi-objective,rtp_violation_penalty>win_rate_shortfall_penalty>missing_jackpot_penalty>symbol_concentration_penalty,"(0.0, 0.7754629629629695, 0, 8.421052631578949)",9.196515594541918,9.196515594541918,0,15,0.008680555555555556,0.4305555555555556,0.007754629629629695,0.0038194444444443754,0.9461805555555556,0.5422453703703703
277,NSGA-II,multi-objective,rtp_violation_penalty>win_rate_shortfall_penalty>missing_jackpot_penalty>symbol_concentration_penalty,"(0.0, 0.7754629629629695, 0, 8.421052631578949)",9.196515594541918,9.196515594541918,0,15,0.008680555555555556,0.4305555555555556,0.007754629629629695,0.0038194444444443754,0.9461805555555556,0.5422453703703703
278,NSGA-II,multi-objective,rtp_violation_penalty>win_rate_shortfall_penalty>missing_jackpot_penalty>symbol_concentration_penalty,"(0.0, 0.7754629629629695, 0, 8.421052631578949)",9.196515594541918,9.196515594541918,0,15,0.008680555555555556,0.4305555555555556,0.007754629629629695,0.0038194444444443754,0.9461805555555556,0.5422453703703703
279,NSGA-II,multi-objective,rtp_violation_penalty>win_rate_shortfall_penalty>missing_jackpot_penalty>symbol_concentration_penalty,"(0.0, 0.7754629629629695, 0, 8.421052631578949)",9.196515594541918,9.196515594541918,0,15,0.008680555555555556,0.4305555555555556,0.007754629629629695,0.0038194444444443754,0.9461805555555556,0.5422453703703703
280,NSGA-II,multi-objective,rtp_violation_penalty>win_rate_shortfall_penalty>missing_jackpot_penalty>symbol_concentration_penalty,"(0.0, 0.7754629629629695, 0, 8.421052631578949)",9.196515594541918,9.196515594541918,0,15,0.008680555555555556,0.4305555555555556,0.007754629629629695,0.0038194444444443754,0.9461805555555556,0.5422453703703703
281,NSGA-II,multi-objective,rtp_violation_penalty>win_rate_shortfall_penalty>missing_jackpot_penalty>symbol_concentration_penalty,"(0.0, 0.7754629629629695, 0, 8.421052631578949)",9.196515594541918,9.196515594541918,0,15,0.008680555555555556,0.4305555555555556,0.007754629629629695,0.0038194444444443754,0.9461805555555556,0.5422453703703703
282,NSGA-II,multi-objective,rtp_violation_penalty>win_rate_shortfall_penalty>missing_jackpot_penalty>symbol_concentration_penalty,"(0.0, 0.7754629629629695, 0, 8.421052631578949)",9.196515594541918,9.196515594541918,0,15,0.008680555555555556,0.4305555555555556,0.007754629629629695,0.0038194444444443754,0.9461805555555556,0.5422453703703703
283,NSGA-II,multi-objective,rtp_violation_penalty>win_rate_shortfall_penalty>missing_jackpot_penalty>symbol_concentration_penalty,"(0.0, 0.7754629629629695, 0, 8.421052631578949)",9.196515594541918,9.196515594541918,0,15,0.008680555555555556,0.4305555555555556,0.007754629629629695,0.0038194444444443754,0.9461805555555556,0.5422453703703703
284,NSGA-II,multi-objective,rtp_violation_penalty>win_rate_shortfall_penalty>missing_jackpot_penalty>symbol_concentration_penalty,"(0.0, 0.7754629629629695, 0, 8.421052631578949)",9.196515594541918,9.196515594541918,0,15,0.008680555555555556,0.4305555555555556,0.007754629629629695,0.0038194444444443754,0.9461805555555556,0.5422453703703703
285,NSGA-II,multi-objective,rtp_violation_penalty>win_rate_shortfall_penalty>missing_jackpot_penalty>symbol_concentration_penalty,"(0.0, 0.7754629629629695, 0, 8.421052631578949)",9.196515594541918,9.196515594541918,0,15,0.008680555555555556,0.4305555555555556,0.007754629629629695,0.0038194444444443754,0.9461805555555556,0.5422453703703703
286,NSGA-II,multi-objective,rtp_violation_penalty>win_rate_shortfall_penalty>missing_jackpot_penalty>symbol_concentration_penalty,"(0.0, 0.7754629629629695, 0, 8.421052631578949)",9.196515594541918,9.196515594541918,0,15,0.008680555555555556,0.4305555555555556,0.007754629629629695,0.0038194444444443754,0.9461805555555556,0.5422453703703703
287,NSGA-II,multi-objective,rtp_violation_penalty>win_rate_shortfall_penalty>missing_jackpot_penalty>symbol_concentration_penalty,"(0.0, 0.7754629629629695, 0, 8.421052631578949)",9.196515594541918,9.196515594541918,0,15,0.008680555555555556,0.4305555555555556,0.007754629629629695,0.0038194444444443754,0.9461805555555556,0.5422453703703703
288,NSGA-II,multi-objective,rtp_violation_penalty>win_rate_shortfall_penalty>missing_jackpot_penalty>symbol_concentration_penalty,"(0.0, 0.7754629629629695, 0, 8.421052631578949)",9.196515594541918,9.196515594541918,0,15,0.008680555555555556,0.4305555555555556,0.007754629629629695,0.0038194444444443754,0.9461805555555556,0.5422453703703703
289,NSGA-II,multi-objective,rtp_violation_penalty>win_rate_shortfall_penalty>missing_jackpot_penalty>symbol_concentration_penalty,"(0.0, 0.7754629629629695, 0, 8.421052631578949)",9.196515594541918,9.196515594541918,0,15,0.008680555555555556,0.4305555555555556,0.007754629629629695,0.0038194444444443754,0.9461805555555556,0.5422453703703703
290,NSGA-II,multi-objective,rtp_violation_penalty>win_rate_shortfall_penalty>missing_jackpot_penalty>symbol_concentration_penalty,"(0.0, 0.7754629629629695, 0, 8.421052631578949)",9.196515594541918,9.196515594541918,0,15,0.008680555555555556,0.4305555555555556,0.007754629629629695,0.0038194444444443754,0.9461805555555556,0.5422453703703703
291,NSGA-II,multi-objective,rtp_violation_penalty>win_rate_shortfall_penalty>missing_jackpot_penalty>symbol_concentration_penalty,"(0.0, 0.7754629629629695, 0, 8.421052631578949)",9.196515594541918,9.196515594541918,0,15,0.008680555555555556,0.4305555555555556,0.007754629629629695,0.0038194444444443754,0.9461805555555556,0.5422453703703703
292,NSGA-II,multi-objective,rtp_violation_penalty>win_rate_shortfall_penalty>missing_jackpot_penalty>symbol_concentration_penalty,"(0.0, 0.7754629629629695, 0, 8.421052631578949)",9.196515594541918,9.196515594541918,0,15,0.008680555555555556,0.4305555555555556,0.007754629629629695,0.0038194444444443754,0.9461805555555556,0.5422453703703703
293,NSGA-II,multi-objective,rtp_violation_penalty>win_rate_shortfall_penalty>missing_jackpot_penalty>symbol_concentration_penalty,"(0.0, 0.7754629629629695, 0, 8.421052631578949)",9.196515594541918,9.196515594541918,0,15,0.008680555555555556,0.4305555555555556,0.007754629629629695,0.0038194444444443754,0.9461805555555556,0.5422453703703703
294,NSGA-II,multi-objective,rtp_violation_penalty>win_rate_shortfall_penalty>missing_jackpot_penalty>symbol_concentration_penalty,"(0.0, 0.7754629629629695, 0, 8.421052631578949)",9.196515594541918,9.196515594541918,0,15,0.008680555555555556,0.4305555555555556,0.007754629629629695,0.0038194444444443754,0.9461805555555556,0.5422453703703703
295,NSGA-II,multi-objective,rtp_violation_penalty>win_rate_shortfall_penalty>missing_jackpot_penalty>symbol_concentration_penalty,"(0.0, 0.7754629629629695, 0, 8.421052631578949)",9.196515594541918,9.196515594541918,0,15,0.008680555555555556,0.4305555555555556,0.007754629629629695,0.0038194444444443754,0.9461805555555556,0.5422453703703703
296,NSGA-II,multi-objective,rtp_violation_penalty>win_rate_shortfall_penalty>missing_jackpot_penalty>symbol_concentration_penalty,"(0.0, 0.7754629629629695, 0, 8.421052631578949)",9.196515594541918,9.196515594541918,0,15,0.008680555555555556,0.4305555555555556,0.007754629629629695,0.0038194444444443754,0.9461805555555556,0.5422453703703703
297,NSGA-II,multi-objective,rtp_violation_penalty>win_rate_shortfall_penalty>missing_jackpot_penalty>symbol_concentration_penalty,"(0.0, 0.7754629629629695, 0, 8.421052631578949)",9.196515594541918,9.196515594541918,0,15,0.008680555555555556,0.4305555555555556,0.007754629629629695,0.0038194444444443754,0.9461805555555556,0.5422453703703703
298,NSGA-II,multi-objective,rtp_violation_penalty>win_rate_shortfall_penalty>missing_jackpot_penalty>symbol_concentration_penalty,"(0.0, 0.7754629629629695, 0, 8.421052631578949)",9.196515594541918,9.196515594541918,0,15,0.008680555555555556,0.4305555555555556,0.007754629629629695,0.0038194444444443754,0.9461805555555556,0.5422453703703703
299,NSGA-II,multi-objective,rtp_violation_penalty>win_rate_shortfall_penalty>missing_jackpot_penalty>symbol_concentration_penalty,"(0.0, 0.7754629629629695, 0, 8.421052631578949)",9.196515594541918,9.196515594541918,0,15,0.008680555555555556,0.4305555555555556,0.007754629629629695,0.0038194444444443754,0.9461805555555556,0.5422453703703703
300,NSGA-II,multi-objective,rtp_violation_penalty>win_rate_shortfall_penalty>missing_jackpot_penalty>symbol_concentration_penalty,"(0.0, 0.7754629629629695, 0, 8.421052631578949)",9.196515594541918,9.196515594541918,0,15,0.008680555555555556,0.4305555555555556,0.007754629629629695,0.0038194444444443754,0.9461805555555556,0.5422453703703703
301,NSGA-II,multi-objective,rtp_violation_penalty>win_rate_shortfall_penalty>missing_jackpot_penalty>symbol_concentration_penalty,"(0.0, 0.7754629629629695, 0, 8.421052631578949)",9.196515594541918,9.196515594541918,0,15,0.008680555555555556,0.4305555555555556,0.007754629629629695,0.0038194444444443754,0.9461805555555556,0.5422453703703703
302,NSGA-II,multi-objective,rtp_violation_penalty>win_rate_shortfall_penalty>missing_jackpot_penalty>symbol_concentration_penalty,"(0.0, 0.7754629629629695, 0, 8.421052631578949)",9.196515594541918,9.196515594541918,0,15,0.008680555555555556,0.4305555555555556,0.007754629629629695,0.0038194444444443754,0.9461805555555556,0.5422453703703703
303,NSGA-II,multi-objective,rtp_violation_penalty>win_rate_shortfall_penalty>missing_jackpot_penalty>symbol_concentration_penalty,"(0.0, 0.7754629629629695, 0, 8.421052631578949)",9.196515594541918,9.196515594541918,0,15,0.008680555555555556,0.4305555555555556,0.007754629629629695,0.0038194444444443754,0.9461805555555556,0.5422453703703703
304,NSGA-II,multi-objective,rtp_violation_penalty>win_rate_shortfall_penalty>missing_jackpot_penalty>symbol_concentration_penalty,"(0.0, 0.7754629629629695, 0, 8.421052631578949)",9.196515594541918,9.196515594541918,0,15,0.008680555555555556,0.4305555555555556,0.007754629629629695,0.0038194444444443754,0.9461805555555556,0.5422453703703703
305,NSGA-II,multi-objective,rtp_violation_penalty>win_rate_shortfall_penalty>missing_jackpot_penalty>symbol_concentration_penalty,"(0.0, 0.7754629629629695, 0, 8.421052631578949)",9.196515594541918,9.196515594541918,0,15,0.008680555555555556,0.4305555555555556,0.007754629629629695,0.0038194444444443754,0.9461805555555556,0.5422453703703703
306,NSGA-II,multi-objective,rtp_violation_penalty>win_rate_shortfall_penalty>missing_jackpot_penalty>symbol_concentration_penalty,"(0.0, 0.7754629629629695, 0, 8.421052631578949)",9.196515594541918,9.196515594541918,0,15,0.008680555555555556,0.4305555555555556,0.007754629629629695,0.0038194444444443754,0.9461805555555556,0.5422453703703703
307,NSGA-II,multi-objective,rtp_violation_penalty>win_rate_shortfall_penalty>missing_jackpot_penalty>symbol_concentration_penalty,"(0.0, 0.7754629629629695, 0, 8.421052631578949)",9.196515594541918,9.196515594541918,0,15,0.008680555555555556,0.4305555555555556,0.007754629629629695,0.0038194444444443754,0.9461805555555556,0.5422453703703703
308,NSGA-II,multi-objective,rtp_violation_penalty>win_rate_shortfall_penalty>missing_jackpot_penalty>symbol_concentration_penalty,"(0.0, 0.7754629629629695, 0, 8.421052631578949)",9.196515594541918,9.196515594541918,0,15,0.008680555555555556,0.4305555555555556,0.007754629629629695,0.0038194444444443754,0.9461805555555556,0.5422453703703703
309,NSGA-II,multi-objective,rtp_violation_penalty>win_rate_shortfall_penalty>missing_jackpot_penalty>symbol_concentration_penalty,"(0.0, 0.7754629629629695, 0, 8.421052631578949)",9.196515594541918,9.196515594541918,0,15,0.008680555555555556,0.4305555555555556,0.007754629629629695,0.0038194444444443754,0.9461805555555556,0.5422453703703703
310,NSGA-II,multi-objective,rtp_violation_penalty>win_rate_shortfall_penalty>missing_jackpot_penalty>symbol_concentration_penalty,"(0.0, 0.7754629629629695, 0, 8.421052631578949)",9.196515594541918,9.196515594541918,0,15,0.008680555555555556,0.4305555555555556,0.007754629629629695,0.0038194444444443754,0.9461805555555556,0.5422453703703703
311,NSGA-II,multi-objective,rtp_violation_penalty>win_rate_shortfall_penalty>missing_jackpot_penalty>symbol_concentration_penalty,"(0.0, 0.7754629629629695, 0, 8.421052631578949)",9.196515594541918,9.196515594541918,0,15,0.008680555555555556,0.4305555555555556,0.007754629629629695,0.0038194444444443754,0.9461805555555556,0.5422453703703703
312,NSGA-II,multi-objective,rtp_violation_penalty>win_rate_shortfall_penalty>missing_jackpot_penalty>symbol_concentration_penalty,"(0.0, 0.7754629629629695, 0, 8.421052631578949)",9.196515594541918,9.196515594541918,0,15,0.008680555555555556,0.4305555555555556,0.007754629629629695,0.0038194444444443754,0.9461805555555556,0.5422453703703703
313,NSGA-II,multi-objective,rtp_violation_penalty>win_rate_shortfall_penalty>missing_jackpot_penalty>symbol_concentration_penalty,"(0.0, 0.7754629629629695, 0, 8.421052631578949)",9.196515594541918,9.196515594541918,0,15,0.008680555555555556,0.4305555555555556,0.007754629629629695,0.0038194444444443754,0.9461805555555556,0.5422453703703703
314,NSGA-II,multi-objective,rtp_violation_penalty>win_rate_shortfall_penalty>missing_jackpot_penalty>symbol_concentration_penalty,"(0.0, 0.7754629629629695, 0, 8.421052631578949)",9.196515594541918,9.196515594541918,0,15,0.008680555555555556,0.4305555555555556,0.007754629629629695,0.0038194444444443754,0.9461805555555556,0.5422453703703703
315,NSGA-II,multi-objective,rtp_violation_penalty>win_rate_shortfall_penalty>missing_jackpot_penalty>symbol_concentration_penalty,"(0.0, 0.7754629629629695, 0, 8.421052631578949)",9.196515594541918,9.196515594541918,0,15,0.008680555555555556,0.4305555555555556,0.007754629629629695,0.0038194444444443754,0.9461805555555556,0.5422453703703703
316,NSGA-II,multi-objective,rtp_violation_penalty>win_rate_shortfall_penalty>missing_jackpot_penalty>symbol_concentration_penalty,"(0.0, 0.7754629629629695, 0, 8.421052631578949)",9.196515594541918,9.196515594541918,0,15,0.008680555555555556,0.4305555555555556,0.007754629629629695,0.0038194444444443754,0.9461805555555556,0.5422453703703703
317,NSGA-II,multi-objective,rtp_violation_penalty>win_rate_shortfall_penalty>missing_jackpot_penalty>symbol_concentration_penalty,"(0.0, 0.7754629629629695, 0, 8.421052631578949)",9.196515594541918,9.196515594541918,0,15,0.008680555555555556,0.4305555555555556,0.007754629629629695,0.0038194444444443754,0.9461805555555556,0.5422453703703703
318,NSGA-II,multi-objective,rtp_violation_penalty>win_rate_shortfall_penalty>missing_jackpot_penalty>symbol_concentration_penalty,"(0.0, 0.7754629629629695, 0, 8.421052631578949)",9.196515594541918,9.196515594541918,0,15,0.008680555555555556,0.4305555555555556,0.007754629629629695,0.0038194444444443754,0.9461805555555556,0.5422453703703703
319,NSGA-II,multi-objective,rtp_violation_penalty>win_rate_shortfall_penalty>missing_jackpot_penalty>symbol_concentration_penalty,"(0.0, 0.7754629629629695, 0, 8.421052631578949)",9.196515594541918,9.196515594541918,0,15,0.008680555555555556,0.4305555555555556,0.007754629629629695,0.0038194444444443754,0.9461805555555556,0.5422453703703703
320,NSGA-II,multi-objective,rtp_violation_penalty>win_rate_shortfall_penalty>missing_jackpot_penalty>symbol_concentration_penalty,"(0.0, 0.7754629629629695, 0, 8.421052631578949)",9.196515594541918,9.196515594541918,0,15,0.008680555555555556,0.4305555555555556,0.007754629629629695,0.0038194444444443754,0.9461805555555556,0.5422453703703703
321,NSGA-II,multi-objective,rtp_violation_penalty>win_rate_shortfall_penalty>missing_jackpot_penalty>symbol_concentration_penalty,"(0.0, 0.7754629629629695, 0, 8.421052631578949)",9.196515594541918,9.196515594541918,0,15,0.008680555555555556,0.4305555555555556,0.007754629629629695,0.0038194444444443754,0.9461805555555556,0.5422453703703703
322,NSGA-II,multi-objective,rtp_violation_penalty>win_rate_shortfall_penalty>missing_jackpot_penalty>symbol_concentration_penalty,"(0.0, 0.7754629629629695, 0, 8.421052631578949)",9.196515594541918,9.196515594541918,0,15,0.008680555555555556,0.4305555555555556,0.007754629629629695,0.0038194444444443754,0.9461805555555556,0.5422453703703703
323,NSGA-II,multi-objective,rtp_violation_penalty>win_rate_shortfall_penalty>missing_jackpot_penalty>symbol_concentration_penalty,"(0.0, 0.7754629629629695, 0, 8.421052631578949)",9.196515594541918,9.196515594541918,0,15,0.008680555555555556,0.4305555555555556,0.007754629629629695,0.0038194444444443754,0.9461805555555556,0.5422453703703703
324,NSGA-II,multi-objective,rtp_violation_penalty>win_rate_shortfall_penalty>missing_jackpot_penalty>symbol_concentration_penalty,"(0.0, 0.7754629629629695, 0, 8.421052631578949)",9.196515594541918,9.196515594541918,0,15,0.008680555555555556,0.4305555555555556,0.007754629629629695,0.0038194444444443754,0.9461805555555556,0.5422453703703703
325,NSGA-II,multi-objective,rtp_violation_penalty>win_rate_shortfall_penalty>missing_jackpot_penalty>symbol_concentration_penalty,"(0.0, 0.7754629629629695, 0, 8.421052631578949)",9.196515594541918,9.196515594541918,0,15,0.008680555555555556,0.4305555555555556,0.007754629629629695,0.0038194444444443754,0.9461805555555556,0.5422453703703703
326,NSGA-II,multi-objective,rtp_violation_penalty>win_rate_shortfall_penalty>missing_jackpot_penalty>symbol_concentration_penalty,"(0.0, 0.7754629629629695, 0, 8.421052631578949)",9.196515594541918,9.196515594541918,0,15,0.008680555555555556,0.4305555555555556,0.007754629629629695,0.0038194444444443754,0.9461805555555556,0.5422453703703703
327,NSGA-II,multi-objective,rtp_violation_penalty>win_rate_shortfall_penalty>missing_jackpot_penalty>symbol_concentration_penalty,"(0.0, 0.7754629629629695, 0, 8.421052631578949)",9.196515594541918,9.196515594541918,0,15,0.008680555555555556,0.4305555555555556,0.007754629629629695,0.0038194444444443754,0.9461805555555556,0.5422453703703703
328,NSGA-II,multi-objective,rtp_violation_penalty>win_rate_shortfall_penalty>missing_jackpot_penalty>symbol_concentration_penalty,"(0.0, 0.7754629629629695, 0, 8.421052631578949)",9.196515594541918,9.196515594541918,0,15,0.008680555555555556,0.4305555555555556,0.007754629629629695,0.0038194444444443754,0.9461805555555556,0.5422453703703703
329,NSGA-II,multi-objective,rtp_violation_penalty>win_rate_shortfall_penalty>missing_jackpot_penalty>symbol_concentration_penalty,"(0.0, 0.7754629629629695, 0, 8.421052631578949)",9.196515594541918,9.196515594541918,0,15,0.008680555555555556,0.4305555555555556,0.007754629629629695,0.0038194444444443754,0.9461805555555556,0.5422453703703703
330,NSGA-II,multi-objective,rtp_violation_penalty>win_rate_shortfall_penalty>missing_jackpot_penalty>symbol_concentration_penalty,"(0.0, 0.7754629629629695, 0, 8.421052631578949)",9.196515594541918,9.196515594541918,0,15,0.008680555555555556,0.4305555555555556,0.007754629629629695,0.0038194444444443754,0.9461805555555556,0.5422453703703703
331,NSGA-II,multi-objective,rtp_violation_penalty>win_rate_shortfall_penalty>missing_jackpot_penalty>symbol_concentration_penalty,"(0.0, 0.7754629629629695, 0, 8.421052631578949)",9.196515594541918,9.196515594541918,0,15,0.008680555555555556,0.4305555555555556,0.007754629629629695,0.0038194444444443754,0.9461805555555556,0.5422453703703703
332,NSGA-II,multi-objective,rtp_violation_penalty>win_rate_shortfall_penalty>missing_jackpot_penalty>symbol_concentration_penalty,"(0.0, 0.7754629629629695, 0, 8.421052631578949)",9.196515594541918,9.196515594541918,0,15,0.008680555555555556,0.4305555555555556,0.007754629629629695,0.0038194444444443754,0.9461805555555556,0.5422453703703703
333,NSGA-II,multi-objective,rtp_violation_penalty>win_rate_shortfall_penalty>missing_jackpot_penalty>symbol_concentration_penalty,"(0.0, 0.7754629629629695, 0, 8.421052631578949)",9.196515594541918,9.196515594541918,0,15,0.008680555555555556,0.4305555555555556,0.007754629629629695,0.0038194444444443754,0.9461805555555556,0.5422453703703703
334,NSGA-II,multi-objective,rtp_violation_penalty>win_rate_shortfall_penalty>missing_jackpot_penalty>symbol_concentration_penalty,"(0.0, 0.7754629629629695, 0, 8.421052631578949)",9.196515594541918,9.196515594541918,0,15,0.008680555555555556,0.4305555555555556,0.007754629629629695,0.0038194444444443754,0.9461805555555556,0.5422453703703703
335,NSGA-II,multi-objective,rtp_violation_penalty>win_rate_shortfall_penalty>missing_jackpot_penalty>symbol_concentration_penalty,"(0.0, 0.7754629629629695, 0, 8.421052631578949)",9.196515594541918,9.196515594541918,0,15,0.008680555555555556,0.4305555555555556,0.007754629629629695,0.0038194444444443754,0.9461805555555556,0.5422453703703703
336,NSGA-II,multi-objective,rtp_violation_penalty>win_rate_shortfall_penalty>missing_jackpot_penalty>symbol_concentration_penalty,"(0.0, 0.7754629629629695, 0, 8.421052631578949)",9.196515594541918,9.196515594541918,0,15,0.008680555555555556,0.4305555555555556,0.007754629629629695,0.0038194444444443754,0.9461805555555556,0.5422453703703703
337,NSGA-II,multi-objective,rtp_violation_penalty>win_rate_shortfall_penalty>missing_jackpot_penalty>symbol_concentration_penalty,"(0.0, 0.7754629629629695, 0, 8.421052631578949)",9.196515594541918,9.196515594541918,0,15,0.008680555555555556,0.4305555555555556,0.007754629629629695,0.0038194444444443754,0.9461805555555556,0.5422453703703703
338,NSGA-II,multi-objective,rtp_violation_penalty>win_rate_shortfall_penalty>missing_jackpot_penalty>symbol_concentration_penalty,"(0.0, 0.7754629629629695, 0, 8.421052631578949)",9.196515594541918,9.196515594541918,0,15,0.008680555555555556,0.4305555555555556,0.007754629629629695,0.0038194444444443754,0.9461805555555556,0.5422453703703703
339,NSGA-II,multi-objective,rtp_violation_penalty>win_rate_shortfall_penalty>missing_jackpot_penalty>symbol_concentration_penalty,"(0.0, 0.7754629629629695, 0, 8.421052631578949)",9.196515594541918,9.196515594541918,0,15,0.008680555555555556,0.4305555555555556,0.007754629629629695,0.0038194444444443754,0.9461805555555556,0.5422453703703703
340,NSGA-II,multi-objective,rtp_violation_penalty>win_rate_shortfall_penalty>missing_jackpot_penalty>symbol_concentration_penalty,"(0.0, 0.7754629629629695, 0, 8.421052631578949)",9.196515594541918,9.196515594541918,0,15,0.008680555555555556,0.4305555555555556,0.007754629629629695,0.0038194444444443754,0.9461805555555556,0.5422453703703703
341,NSGA-II,multi-objective,rtp_violation_penalty>win_rate_shortfall_penalty>missing_jackpot_penalty>symbol_concentration_penalty,"(0.0, 0.7754629629629695, 0, 8.421052631578949)",9.196515594541918,9.196515594541918,0,15,0.008680555555555556,0.4305555555555556,0.007754629629629695,0.0038194444444443754,0.9461805555555556,0.5422453703703703
342,NSGA-II,multi-objective,rtp_violation_penalty>win_rate_shortfall_penalty>missing_jackpot_penalty>symbol_concentration_penalty,"(0.0, 0.7754629629629695, 0, 8.421052631578949)",9.196515594541918,9.196515594541918,0,15,0.008680555555555556,0.4305555555555556,0.007754629629629695,0.0038194444444443754,0.9461805555555556,0.5422453703703703
343,NSGA-II,multi-objective,rtp_violation_penalty>win_rate_shortfall_penalty>missing_jackpot_penalty>symbol_concentration_penalty,"(0.0, 0.7754629629629695, 0, 8.421052631578949)",9.196515594541918,9.196515594541918,0,15,0.008680555555555556,0.4305555555555556,0.007754629629629695,0.0038194444444443754,0.9461805555555556,0.5422453703703703
344,NSGA-II,multi-objective,rtp_violation_penalty>win_rate_shortfall_penalty>missing_jackpot_penalty>symbol_concentration_penalty,"(0.0, 0.7754629629629695, 0, 8.421052631578949)",9.196515594541918,9.196515594541918,0,15,0.008680555555555556,0.4305555555555556,0.007754629629629695,0.0038194444444443754,0.9461805555555556,0.5422453703703703
345,NSGA-II,multi-objective,rtp_violation_penalty>win_rate_shortfall_penalty>missing_jackpot_penalty>symbol_concentration_penalty,"(0.0, 0.7754629629629695, 0, 8.421052631578949)",9.196515594541918,9.196515594541918,0,15,0.008680555555555556,0.4305555555555556,0.007754629629629695,0.0038194444444443754,0.9461805555555556,0.5422453703703703
346,NSGA-II,multi-objective,rtp_violation_penalty>win_rate_shortfall_penalty>missing_jackpot_penalty>symbol_concentration_penalty,"(0.0, 0.7754629629629695, 0, 8.421052631578949)",9.196515594541918,9.196515594541918,0,15,0.008680555555555556,0.4305555555555556,0.007754629629629695,0.0038194444444443754,0.9461805555555556,0.5422453703703703
347,NSGA-II,multi-objective,rtp_violation_penalty>win_rate_shortfall_penalty>missing_jackpot_penalty>symbol_concentration_penalty,"(0.0, 0.7754629629629695, 0, 8.421052631578949)",9.196515594541918,9.196515594541918,0,15,0.008680555555555556,0.4305555555555556,0.007754629629629695,0.0038194444444443754,0.9461805555555556,0.5422453703703703
348,NSGA-II,multi-objective,rtp_violation_penalty>win_rate_shortfall_penalty>missing_jackpot_penalty>symbol_concentration_penalty,"(0.0, 0.7754629629629695, 0, 8.421052631578949)",9.196515594541918,9.196515594541918,0,15,0.008680555555555556,0.4305555555555556,0.007754629629629695,0.0038194444444443754,0.9461805555555556,0.5422453703703703
349,NSGA-II,multi-objective,rtp_violation_penalty>win_rate_shortfall_penalty>missing_jackpot_penalty>symbol_concentration_penalty,"(0.0, 0.7754629629629695, 0, 8.421052631578949)",9.196515594541918,9.196515594541918,0,15,0.008680555555555556,0.4305555555555556,0.007754629629629695,0.0038194444444443754,0.9461805555555556,0.5422453703703703
350,NSGA-II,multi-objective,rtp_violation_penalty>win_rate_shortfall_penalty>missing_jackpot_penalty>symbol_concentration_penalty,"(0.0, 0.7754629629629695, 0, 8.421052631578949)",9.196515594541918,9.196515594541918,0,15,0.008680555555555556,0.4305555555555556,0.007754629629629695,0.0038194444444443754,0.9461805555555556,0.5422453703703703
351,NSGA-II,multi-objective,rtp_violation_penalty>win_rate_shortfall_penalty>missing_jackpot_penalty>symbol_concentration_penalty,"(0.0, 0.7754629629629695, 0, 8.421052631578949)",9.196515594541918,9.196515594541918,0,15,0.008680555555555556,0.4305555555555556,0.007754629629629695,0.0038194444444443754,0.9461805555555556,0.5422453703703703
352,NSGA-II,multi-objective,rtp_violation_penalty>win_rate_shortfall_penalty>missing_jackpot_penalty>symbol_concentration_penalty,"(0.0, 0.7754629629629695, 0, 8.421052631578949)",9.196515594541918,9.196515594541918,0,15,0.008680555555555556,0.4305555555555556,0.007754629629629695,0.0038194444444443754,0.9461805555555556,0.5422453703703703
353,NSGA-II,multi-objective,rtp_violation_penalty>win_rate_shortfall_penalty>missing_jackpot_penalty>symbol_concentration_penalty,"(0.0, 0.7754629629629695, 0, 8.421052631578949)",9.196515594541918,9.196515594541918,0,15,0.008680555555555556,0.4305555555555556,0.007754629629629695,0.0038194444444443754,0.9461805555555556,0.5422453703703703
354,NSGA-II,multi-objective,rtp_violation_penalty>win_rate_shortfall_penalty>missing_jackpot_penalty>symbol_concentration_penalty,"(0.0, 0.7754629629629695, 0, 8.421052631578949)",9.196515594541918,9.196515594541918,0,15,0.008680555555555556,0.4305555555555556,0.007754629629629695,0.0038194444444443754,0.9461805555555556,0.5422453703703703
355,NSGA-II,multi-objective,rtp_violation_penalty>win_rate_shortfall_penalty>missing_jackpot_penalty>symbol_concentration_penalty,"(0.0, 0.7754629629629695, 0, 8.421052631578949)",9.196515594541918,9.196515594541918,0,15,0.008680555555555556,0.4305555555555556,0.007754629629629695,0.0038194444444443754,0.9461805555555556,0.5422453703703703
356,NSGA-II,multi-objective,rtp_violation_penalty>win_rate_shortfall_penalty>missing_jackpot_penalty>symbol_concentration_penalty,"(0.0, 0.7754629629629695, 0, 8.421052631578949)",9.196515594541918,9.196515594541918,0,15,0.008680555555555556,0.4305555555555556,0.007754629629629695,0.0038194444444443754,0.9461805555555556,0.5422453703703703
357,NSGA-II,multi-objective,rtp_violation_penalty>win_rate_shortfall_penalty>missing_jackpot_penalty>symbol_concentration_penalty,"(0.0, 0.7754629629629695, 0, 8.421052631578949)",9.196515594541918,9.196515594541918,0,15,0.008680555555555556,0.4305555555555556,0.007754629629629695,0.0038194444444443754,0.9461805555555556,0.5422453703703703
358,NSGA-II,multi-objective,rtp_violation_penalty>win_rate_shortfall_penalty>missing_jackpot_penalty>symbol_concentration_penalty,"(0.0, 0.7754629629629695, 0, 8.421052631578949)",9.196515594541918,9.196515594541918,0,15,0.008680555555555556,0.4305555555555556,0.007754629629629695,0.0038194444444443754,0.9461805555555556,0.5422453703703703
359,NSGA-II,multi-objective,rtp_violation_penalty>win_rate_shortfall_penalty>missing_jackpot_penalty>symbol_concentration_penalty,"(0.0, 0.7754629629629695, 0, 8.421052631578949)",9.196515594541918,9.196515594541918,0,15,0.008680555555555556,0.4305555555555556,0.007754629629629695,0.0038194444444443754,0.9461805555555556,0.5422453703703703
360,NSGA-II,multi-objective,rtp_violation_penalty>win_rate_shortfall_penalty>missing_jackpot_penalty>symbol_concentration_penalty,"(0.0, 0.7754629629629695, 0, 8.421052631578949)",9.196515594541918,9.196515594541918,0,15,0.008680555555555556,0.4305555555555556,0.007754629629629695,0.0038194444444443754,0.9461805555555556,0.5422453703703703
361,NSGA-II,multi-objective,rtp_violation_penalty>win_rate_shortfall_penalty>missing_jackpot_penalty>symbol_concentration_penalty,"(0.0, 0.7754629629629695, 0, 8.421052631578949)",9.196515594541918,9.196515594541918,0,15,0.008680555555555556,0.4305555555555556,0.007754629629629695,0.0038194444444443754,0.9461805555555556,0.5422453703703703
362,NSGA-II,multi-objective,rtp_violation_penalty>win_rate_shortfall_penalty>missing_jackpot_penalty>symbol_concentration_penalty,"(0.0, 0.7754629629629695, 0, 8.421052631578949)",9.196515594541918,9.196515594541918,0,15,0.008680555555555556,0.4305555555555556,0.007754629629629695,0.0038194444444443754,0.9461805555555556,0.5422453703703703
363,NSGA-II,multi-objective,rtp_violation_penalty>win_rate_shortfall_penalty>missing_jackpot_penalty>symbol_concentration_penalty,"(0.0, 0.7754629629629695, 0, 8.421052631578949)",9.196515594541918,9.196515594541918,0,15,0.008680555555555556,0.4305555555555556,0.007754629629629695,0.0038194444444443754,0.9461805555555556,0.5422453703703703
364,NSGA-II,multi-objective,rtp_violation_penalty>win_rate_shortfall_penalty>missing_jackpot_penalty>symbol_concentration_penalty,"(0.0, 0.7754629629629695, 0, 8.421052631578949)",9.196515594541918,9.196515594541918,0,15,0.008680555555555556,0.4305555555555556,0.007754629629629695,0.0038194444444443754,0.9461805555555556,0.5422453703703703
365,NSGA-II,multi-objective,rtp_violation_penalty>win_rate_shortfall_penalty>missing_jackpot_penalty>symbol_concentration_penalty,"(0.0, 0.7754629629629695, 0, 8.421052631578949)",9.196515594541918,9.196515594541918,0,15,0.008680555555555556,0.4305555555555556,0.007754629629629695,0.0038194444444443754,0.9461805555555556,0.5422453703703703
366,NSGA-II,multi-objective,rtp_violation_penalty>win_rate_shortfall_penalty>missing_jackpot_penalty>symbol_concentration_penalty,"(0.0, 0.7754629629629695, 0, 8.421052631578949)",9.196515594541918,9.196515594541918,0,15,0.008680555555555556,0.4305555555555556,0.007754629629629695,0.0038194444444443754,0.9461805555555556,0.5422453703703703
367,NSGA-II,multi-objective,rtp_violation_penalty>win_rate_shortfall_penalty>missing_jackpot_penalty>symbol_concentration_penalty,"(0.0, 0.7754629629629695, 0, 8.421052631578949)",9.196515594541918,9.196515594541918,0,15,0.008680555555555556,0.4305555555555556,0.007754629629629695,0.0038194444444443754,0.9461805555555556,0.5422453703703703
368,NSGA-II,multi-objective,rtp_violation_penalty>win_rate_shortfall_penalty>missing_jackpot_penalty>symbol_concentration_penalty,"(0.0, 0.7754629629629695, 0, 8.421052631578949)",9.196515594541918,9.196515594541918,0,15,0.008680555555555556,0.4305555555555556,0.007754629629629695,0.0038194444444443754,0.9461805555555556,0.5422453703703703
369,NSGA-II,multi-objective,rtp_violation_penalty>win_rate_shortfall_penalty>missing_jackpot_penalty>symbol_concentration_penalty,"(0.0, 0.7754629629629695, 0, 8.421052631578949)",9.196515594541918,9.196515594541918,0,15,0.008680555555555556,0.4305555555555556,0.007754629629629695,0.0038194444444443754,0.9461805555555556,0.5422453703703703
370,NSGA-II,multi-objective,rtp_violation_penalty>win_rate_shortfall_penalty>missing_jackpot_penalty>symbol_concentration_penalty,"(0.0, 0.7754629629629695, 0, 8.421052631578949)",9.196515594541918,9.196515594541918,0,15,0.008680555555555556,0.4305555555555556,0.007754629629629695,0.0038194444444443754,0.9461805555555556,0.5422453703703703
371,NSGA-II,multi-objective,rtp_violation_penalty>win_rate_shortfall_penalty>missing_jackpot_penalty>symbol_concentration_penalty,"(0.0, 0.7754629629629695, 0, 8.421052631578949)",9.196515594541918,9.196515594541918,0,15,0.008680555555555556,0.4305555555555556,0.007754629629629695,0.0038194444444443754,0.9461805555555556,0.5422453703703703
372,NSGA-II,multi-objective,rtp_violation_penalty>win_rate_shortfall_penalty>missing_jackpot_penalty>symbol_concentration_penalty,"(0.0, 0.7754629629629695, 0, 8.421052631578949)",9.196515594541918,9.196515594541918,0,15,0.008680555555555556,0.4305555555555556,0.007754629629629695,0.0038194444444443754,0.9461805555555556,0.5422453703703703
373,NSGA-II,multi-objective,rtp_violation_penalty>win_rate_shortfall_penalty>missing_jackpot_penalty>symbol_concentration_penalty,"(0.0, 0.7754629629629695, 0, 8.421052631578949)",9.196515594541918,9.196515594541918,0,15,0.008680555555555556,0.4305555555555556,0.007754629629629695,0.0038194444444443754,0.9461805555555556,0.5422453703703703
374,NSGA-II,multi-objective,rtp_violation_penalty>win_rate_shortfall_penalty>missing_jackpot_penalty>symbol_concentration_penalty,"(0.0, 0.7754629629629695, 0, 8.421052631578949)",9.196515594541918,9.196515594541918,0,15,0.008680555555555556,0.4305555555555556,0.007754629629629695,0.0038194444444443754,0.9461805555555556,0.5422453703703703
375,NSGA-II,multi-objective,rtp_violation_penalty>win_rate_shortfall_penalty>missing_jackpot_penalty>symbol_concentration_penalty,"(0.0, 0.7754629629629695, 0, 8.421052631578949)",9.196515594541918,9.196515594541918,0,15,0.008680555555555556,0.4305555555555556,0.007754629629629695,0.0038194444444443754,0.9461805555555556,0.5422453703703703
376,NSGA-II,multi-objective,rtp_violation_penalty>win_rate_shortfall_penalty>missing_jackpot_penalty>symbol_concentration_penalty,"(0.0, 0.7754629629629695, 0, 8.421052631578949)",9.196515594541918,9.196515594541918,0,15,0.008680555555555556,0.4305555555555556,0.007754629629629695,0.0038194444444443754,0.9461805555555556,0.5422453703703703
377,NSGA-II,multi-objective,rtp_violation_penalty>win_rate_shortfall_penalty>missing_jackpot_penalty>symbol_concentration_penalty,"(0.0, 0.7754629629629695, 0, 8.421052631578949)",9.196515594541918,9.196515594541918,0,15,0.008680555555555556,0.4305555555555556,0.007754629629629695,0.0038194444444443754,0.9461805555555556,0.5422453703703703
378,NSGA-II,multi-objective,rtp_violation_penalty>win_rate_shortfall_penalty>missing_jackpot_penalty>symbol_concentration_penalty,"(0.0, 0.7754629629629695, 0, 8.421052631578949)",9.196515594541918,9.196515594541918,0,15,0.008680555555555556,0.4305555555555556,0.007754629629629695,0.0038194444444443754,0.9461805555555556,0.5422453703703703
379,NSGA-II,multi-objective,rtp_violation_penalty>win_rate_shortfall_penalty>missing_jackpot_penalty>symbol_concentration_penalty,"(0.0, 0.7754629629629695, 0, 8.421052631578949)",9.196515594541918,9.196515594541918,0,15,0.008680555555555556,0.4305555555555556,0.007754629629629695,0.0038194444444443754,0.9461805555555556,0.5422453703703703
380,NSGA-II,multi-objective,rtp_violation_penalty>win_rate_shortfall_penalty>missing_jackpot_penalty>symbol_concentration_penalty,"(0.0, 0.7754629629629695, 0, 8.421052631578949)",9.196515594541918,9.196515594541918,0,15,0.008680555555555556,0.4305555555555556,0.007754629629629695,0.0038194444444443754,0.9461805555555556,0.5422453703703703
381,NSGA-II,multi-objective,rtp_violation_penalty>win_rate_shortfall_penalty>missing_jackpot_penalty>symbol_concentration_penalty,"(0.0, 0.7754629629629695, 0, 8.421052631578949)",9.196515594541918,9.196515594541918,0,15,0.008680555555555556,0.4305555555555556,0.007754629629629695,0.0038194444444443754,0.9461805555555556,0.5422453703703703
382,NSGA-II,multi-objective,rtp_violation_penalty>win_rate_shortfall_penalty>missing_jackpot_penalty>symbol_concentration_penalty,"(0.0, 0.7754629629629695, 0, 8.421052631578949)",9.196515594541918,9.196515594541918,0,15,0.008680555555555556,0.4305555555555556,0.007754629629629695,0.0038194444444443754,0.9461805555555556,0.5422453703703703
383,NSGA-II,multi-objective,rtp_violation_penalty>win_rate_shortfall_penalty>missing_jackpot_penalty>symbol_concentration_penalty,"(0.0, 0.7754629629629695, 0, 8.421052631578949)",9.196515594541918,9.196515594541918,0,15,0.008680555555555556,0.4305555555555556,0.007754629629629695,0.0038194444444443754,0.9461805555555556,0.5422453703703703
384,NSGA-II,multi-objective,rtp_violation_penalty>win_rate_shortfall_penalty>missing_jackpot_penalty>symbol_concentration_penalty,"(0.0, 0.7754629629629695, 0, 8.421052631578949)",9.196515594541918,9.196515594541918,0,15,0.008680555555555556,0.4305555555555556,0.007754629629629695,0.0038194444444443754,0.9461805555555556,0.5422453703703703
385,NSGA-II,multi-objective,rtp_violation_penalty>win_rate_shortfall_penalty>missing_jackpot_penalty>symbol_concentration_penalty,"(0.0, 0.7754629629629695, 0, 8.421052631578949)",9.196515594541918,9.196515594541918,0,15,0.008680555555555556,0.4305555555555556,0.007754629629629695,0.0038194444444443754,0.9461805555555556,0.5422453703703703
386,NSGA-II,multi-objective,rtp_violation_penalty>win_rate_shortfall_penalty>missing_jackpot_penalty>symbol_concentration_penalty,"(0.0, 0.7754629629629695, 0, 8.421052631578949)",9.196515594541918,9.196515594541918,0,15,0.008680555555555556,0.4305555555555556,0.007754629629629695,0.0038194444444443754,0.9461805555555556,0.5422453703703703
387,NSGA-II,multi-objective,rtp_violation_penalty>win_rate_shortfall_penalty>missing_jackpot_penalty>symbol_concentration_penalty,"(0.0, 0.7754629629629695, 0, 8.421052631578949)",9.196515594541918,9.196515594541918,0,15,0.008680555555555556,0.4305555555555556,0.007754629629629695,0.0038194444444443754,0.9461805555555556,0.5422453703703703
388,NSGA-II,multi-objective,rtp_violation_penalty>win_rate_shortfall_penalty>missing_jackpot_penalty>symbol_concentration_penalty,"(0.0, 0.7754629629629695, 0, 8.421052631578949)",9.196515594541918,9.196515594541918,0,15,0.008680555555555556,0.4305555555555556,0.007754629629629695,0.0038194444444443754,0.9461805555555556,0.5422453703703703
389,NSGA-II,multi-objective,rtp_violation_penalty>win_rate_shortfall_penalty>missing_jackpot_penalty>symbol_concentration_penalty,"(0.0, 0.7754629629629695, 0, 8.421052631578949)",9.196515594541918,9.196515594541918,0,15,0.008680555555555556,0.4305555555555556,0.007754629629629695,0.0038194444444443754,0.9461805555555556,0.5422453703703703
390,NSGA-II,multi-objective,rtp_violation_penalty>win_rate_shortfall_penalty>missing_jackpot_penalty>symbol_concentration_penalty,"(0.0, 0.7754629629629695, 0, 8.421052631578949)",9.196515594541918,9.196515594541918,0,15,0.008680555555555556,0.4305555555555556,0.007754629629629695,0.0038194444444443754,0.9461805555555556,0.5422453703703703
391,NSGA-II,multi-objective,rtp_violation_penalty>win_rate_shortfall_penalty>missing_jackpot_penalty>symbol_concentration_penalty,"(0.0, 0.7754629629629695, 0, 8.421052631578949)",9.196515594541918,9.196515594541918,0,15,0.008680555555555556,0.4305555555555556,0.007754629629629695,0.0038194444444443754,0.9461805555555556,0.5422453703703703
392,NSGA-II,multi-objective,rtp_violation_penalty>win_rate_shortfall_penalty>missing_jackpot_penalty>symbol_concentration_penalty,"(0.0, 0.7754629629629695, 0, 8.421052631578949)",9.196515594541918,9.196515594541918,0,15,0.008680555555555556,0.4305555555555556,0.007754629629629695,0.0038194444444443754,0.9461805555555556,0.5422453703703703
393,NSGA-II,multi-objective,rtp_violation_penalty>win_rate_shortfall_penalty>missing_jackpot_penalty>symbol_concentration_penalty,"(0.0, 0.7754629629629695, 0, 8.421052631578949)",9.196515594541918,9.196515594541918,0,15,0.008680555555555556,0.4305555555555556,0.007754629629629695,0.0038194444444443754,0.9461805555555556,0.5422453703703703
394,NSGA-II,multi-objective,rtp_violation_penalty>win_rate_shortfall_penalty>missing_jackpot_penalty>symbol_concentration_penalty,"(0.0, 0.7754629629629695, 0, 8.421052631578949)",9.196515594541918,9.196515594541918,0,15,0.008680555555555556,0.4305555555555556,0.007754629629629695,0.0038194444444443754,0.9461805555555556,0.5422453703703703
395,NSGA-II,multi-objective,rtp_violation_penalty>win_rate_shortfall_penalty>missing_jackpot_penalty>symbol_concentration_penalty,"(0.0, 0.7754629629629695, 0, 8.421052631578949)",9.196515594541918,9.196515594541918,0,15,0.008680555555555556,0.4305555555555556,0.007754629629629695,0.0038194444444443754,0.9461805555555556,0.5422453703703703
396,NSGA-II,multi-objective,rtp_violation_penalty>win_rate_shortfall_penalty>missing_jackpot_penalty>symbol_concentration_penalty,"(0.0, 0.7754629629629695, 0, 8.421052631578949)",9.196515594541918,9.196515594541918,0,15,0.008680555555555556,0.4305555555555556,0.007754629629629695,0.0038194444444443754,0.9461805555555556,0.5422453703703703
397,NSGA-II,multi-objective,rtp_violation_penalty>win_rate_shortfall_penalty>missing_jackpot_penalty>symbol_concentration_penalty,"(0.0, 0.7754629629629695, 0, 8.421052631578949)",9.196515594541918,9.196515594541918,0,15,0.008680555555555556,0.4305555555555556,0.007754629629629695,0.0038194444444443754,0.9461805555555556,0.5422453703703703
398,NSGA-II,multi-objective,rtp_violation_penalty>win_rate_shortfall_penalty>missing_jackpot_penalty>symbol_concentration_penalty,"(0.0, 0.7754629629629695, 0, 8.421052631578949)",9.196515594541918,9.196515594541918,0,15,0.008680555555555556,0.4305555555555556,0.007754629629629695,0.0038194444444443754,0.9461805555555556,0.5422453703703703
399,NSGA-II,multi-objective,rtp_violation_penalty>win_rate_shortfall_penalty>missing_jackpot_penalty>symbol_concentration_penalty,"(0.0, 0.7754629629629695, 0, 8.421052631578949)",9.196515594541918,9.196515594541918,0,15,0.008680555555555556,0.4305555555555556,0.007754629629629695,0.0038194444444443754,0.9461805555555556,0.5422453703703703
400,NSGA-II,multi-objective,rtp_violation_penalty>win_rate_shortfall_penalty>missing_jackpot_penalty>symbol_concentration_penalty,"(0.0, 0.7754629629629695, 0, 8.421052631578949)",9.196515594541918,9.196515594541918,0,15,0.008680555555555556,0.4305555555555556,0.007754629629629695,0.0038194444444443754,0.9461805555555556,0.5422453703703703
401,NSGA-II,multi-objective,rtp_violation_penalty>win_rate_shortfall_penalty>missing_jackpot_penalty>symbol_concentration_penalty,"(0.0, 0.7754629629629695, 0, 8.421052631578949)",9.196515594541918,9.196515594541918,0,15,0.008680555555555556,0.4305555555555556,0.007754629629629695,0.0038194444444443754,0.9461805555555556,0.5422453703703703
402,NSGA-II,multi-objective,rtp_violation_penalty>win_rate_shortfall_penalty>missing_jackpot_penalty>symbol_concentration_penalty,"(0.0, 0.7754629629629695, 0, 8.421052631578949)",9.196515594541918,9.196515594541918,0,15,0.008680555555555556,0.4305555555555556,0.007754629629629695,0.0038194444444443754,0.9461805555555556,0.5422453703703703
403,NSGA-II,multi-objective,rtp_violation_penalty>win_rate_shortfall_penalty>missing_jackpot_penalty>symbol_concentration_penalty,"(0.0, 0.7754629629629695, 0, 8.421052631578949)",9.196515594541918,9.196515594541918,0,15,0.008680555555555556,0.4305555555555556,0.007754629629629695,0.0038194444444443754,0.9461805555555556,0.5422453703703703
404,NSGA-II,multi-objective,rtp_violation_penalty>win_rate_shortfall_penalty>missing_jackpot_penalty>symbol_concentration_penalty,"(0.0, 0.7754629629629695, 0, 8.421052631578949)",9.196515594541918,9.196515594541918,0,15,0.008680555555555556,0.4305555555555556,0.007754629629629695,0.0038194444444443754,0.9461805555555556,0.5422453703703703
405,NSGA-II,multi-objective,rtp_violation_penalty>win_rate_shortfall_penalty>missing_jackpot_penalty>symbol_concentration_penalty,"(0.0, 0.7754629629629695, 0, 8.421052631578949)",9.196515594541918,9.196515594541918,0,15,0.008680555555555556,0.4305555555555556,0.007754629629629695,0.0038194444444443754,0.9461805555555556,0.5422453703703703
406,NSGA-II,multi-objective,rtp_violation_penalty>win_rate_shortfall_penalty>missing_jackpot_penalty>symbol_concentration_penalty,"(0.0, 0.7754629629629695, 0, 8.421052631578949)",9.196515594541918,9.196515594541918,0,15,0.008680555555555556,0.4305555555555556,0.007754629629629695,0.0038194444444443754,0.9461805555555556,0.5422453703703703
407,NSGA-II,multi-objective,rtp_violation_penalty>win_rate_shortfall_penalty>missing_jackpot_penalty>symbol_concentration_penalty,"(0.0, 0.7754629629629695, 0, 8.421052631578949)",9.196515594541918,9.196515594541918,0,15,0.008680555555555556,0.4305555555555556,0.007754629629629695,0.0038194444444443754,0.9461805555555556,0.5422453703703703
408,NSGA-II,multi-objective,rtp_violation_penalty>win_rate_shortfall_penalty>missing_jackpot_penalty>symbol_concentration_penalty,"(0.0, 0.7754629629629695, 0, 8.421052631578949)",9.196515594541918,9.196515594541918,0,15,0.008680555555555556,0.4305555555555556,0.007754629629629695,0.0038194444444443754,0.9461805555555556,0.5422453703703703
409,NSGA-II,multi-objective,rtp_violation_penalty>win_rate_shortfall_penalty>missing_jackpot_penalty>symbol_concentration_penalty,"(0.0, 0.7754629629629695, 0, 8.421052631578949)",9.196515594541918,9.196515594541918,0,15,0.008680555555555556,0.4305555555555556,0.007754629629629695,0.0038194444444443754,0.9461805555555556,0.5422453703703703
410,NSGA-II,multi-objective,rtp_violation_penalty>win_rate_shortfall_penalty>missing_jackpot_penalty>symbol_concentration_penalty,"(0.0, 0.7754629629629695, 0, 8.421052631578949)",9.196515594541918,9.196515594541918,0,15,0.008680555555555556,0.4305555555555556,0.007754629629629695,0.0038194444444443754,0.9461805555555556,0.5422453703703703
411,NSGA-II,multi-objective,rtp_violation_penalty>win_rate_shortfall_penalty>missing_jackpot_penalty>symbol_concentration_penalty,"(0.0, 0.7754629629629695, 0, 8.421052631578949)",9.196515594541918,9.196515594541918,0,15,0.008680555555555556,0.4305555555555556,0.007754629629629695,0.0038194444444443754,0.9461805555555556,0.5422453703703703
412,NSGA-II,multi-objective,rtp_violation_penalty>win_rate_shortfall_penalty>missing_jackpot_penalty>symbol_concentration_penalty,"(0.0, 0.7754629629629695, 0, 8.421052631578949)",9.196515594541918,9.196515594541918,0,15,0.008680555555555556,0.4305555555555556,0.007754629629629695,0.0038194444444443754,0.9461805555555556,0.5422453703703703
413,NSGA-II,multi-objective,rtp_violation_penalty>win_rate_shortfall_penalty>missing_jackpot_penalty>symbol_concentration_penalty,"(0.0, 0.7754629629629695, 0, 8.421052631578949)",9.196515594541918,9.196515594541918,0,15,0.008680555555555556,0.4305555555555556,0.007754629629629695,0.0038194444444443754,0.9461805555555556,0.5422453703703703
414,NSGA-II,multi-objective,rtp_violation_penalty>win_rate_shortfall_penalty>missing_jackpot_penalty>symbol_concentration_penalty,"(0.0, 0.7754629629629695, 0, 8.421052631578949)",9.196515594541918,9.196515594541918,0,15,0.008680555555555556,0.4305555555555556,0.007754629629629695,0.0038194444444443754,0.9461805555555556,0.5422453703703703
415,NSGA-II,multi-objective,rtp_violation_penalty>win_rate_shortfall_penalty>missing_jackpot_penalty>symbol_concentration_penalty,"(0.0, 0.7754629629629695, 0, 8.421052631578949)",9.196515594541918,9.196515594541918,0,15,0.008680555555555556,0.4305555555555556,0.007754629629629695,0.0038194444444443754,0.9461805555555556,0.5422453703703703
416,NSGA-II,multi-objective,rtp_violation_penalty>win_rate_shortfall_penalty>missing_jackpot_penalty>symbol_concentration_penalty,"(0.0, 0.7754629629629695, 0, 8.421052631578949)",9.196515594541918,9.196515594541918,0,15,0.008680555555555556,0.4305555555555556,0.007754629629629695,0.0038194444444443754,0.9461805555555556,0.5422453703703703
417,NSGA-II,multi-objective,rtp_violation_penalty>win_rate_shortfall_penalty>missing_jackpot_penalty>symbol_concentration_penalty,"(0.0, 0.7754629629629695, 0, 8.421052631578949)",9.196515594541918,9.196515594541918,0,15,0.008680555555555556,0.4305555555555556,0.007754629629629695,0.0038194444444443754,0.9461805555555556,0.5422453703703703
418,NSGA-II,multi-objective,rtp_violation_penalty>win_rate_shortfall_penalty>missing_jackpot_penalty>symbol_concentration_penalty,"(0.0, 0.7754629629629695, 0, 8.421052631578949)",9.196515594541918,9.196515594541918,0,15,0.008680555555555556,0.4305555555555556,0.007754629629629695,0.0038194444444443754,0.9461805555555556,0.5422453703703703
419,NSGA-II,multi-objective,rtp_violation_penalty>win_rate_shortfall_penalty>missing_jackpot_penalty>symbol_concentration_penalty,"(0.0, 0.7754629629629695, 0, 8.421052631578949)",9.196515594541918,9.196515594541918,0,15,0.008680555555555556,0.4305555555555556,0.007754629629629695,0.0038194444444443754,0.9461805555555556,0.5422453703703703
420,NSGA-II,multi-objective,rtp_violation_penalty>win_rate_shortfall_penalty>missing_jackpot_penalty>symbol_concentration_penalty,"(0.0, 0.7754629629629695, 0, 8.421052631578949)",9.196515594541918,9.196515594541918,0,15,0.008680555555555556,0.4305555555555556,0.007754629629629695,0.0038194444444443754,0.9461805555555556,0.5422453703703703
421,NSGA-II,multi-objective,rtp_violation_penalty>win_rate_shortfall_penalty>missing_jackpot_penalty>symbol_concentration_penalty,"(0.2962962962962954, 0.0, 0, 8.596491228070175)",8.89278752436647,8.89278752436647,0,16,0.009259259259259259,0.4351851851851852,0,0.012962962962962954,0.9629629629629629,0.5694444444444444
422,NSGA-II,multi-objective,rtp_violation_penalty>win_rate_shortfall_penalty>missing_jackpot_penalty>symbol_concentration_penalty,"(0.2962962962962954, 0.0, 0, 8.596491228070175)",8.89278752436647,8.89278752436647,0,16,0.009259259259259259,0.4351851851851852,0,0.012962962962962954,0.9629629629629629,0.5694444444444444
423,NSGA-II,multi-objective,rtp_violation_penalty>win_rate_shortfall_penalty>missing_jackpot_penalty>symbol_concentration_penalty,"(0.2962962962962954, 0.0, 0, 8.596491228070175)",8.89278752436647,8.89278752436647,0,16,0.009259259259259259,0.4351851851851852,0,0.012962962962962954,0.9629629629629629,0.5694444444444444
424,NSGA-II,multi-objective,rtp_violation_penalty>win_rate_shortfall_penalty>missing_jackpot_penalty>symbol_concentration_penalty,"(0.2962962962962954, 0.0, 0, 8.596491228070175)",8.89278752436647,8.89278752436647,0,16,0.009259259259259259,0.4351851851851852,0,0.012962962962962954,0.9629629629629629,0.5694444444444444
425,NSGA-II,multi-objective,rtp_violation_penalty>win_rate_shortfall_penalty>missing_jackpot_penalty>symbol_concentration_penalty,"(0.2962962962962954, 0.0, 0, 8.596491228070175)",8.89278752436647,8.89278752436647,0,16,0.009259259259259259,0.4351851851851852,0,0.012962962962962954,0.9629629629629629,0.5694444444444444
426,NSGA-II,multi-objective,rtp_violation_penalty>win_rate_shortfall_penalty>missing_jackpot_penalty>symbol_concentration_penalty,"(0.2962962962962954, 0.0, 0, 8.596491228070175)",8.89278752436647,8.89278752436647,0,16,0.009259259259259259,0.4351851851851852,0,0.012962962962962954,0.9629629629629629,0.5694444444444444
427,NSGA-II,multi-objective,rtp_violation_penalty>win_rate_shortfall_penalty>missing_jackpot_penalty>symbol_concentration_penalty,"(0.2962962962962954, 0.0, 0, 8.596491228070175)",8.89278752436647,8.89278752436647,0,16,0.009259259259259259,0.4351851851851852,0,0.012962962962962954,0.9629629629629629,0.5694444444444444
428,NSGA-II,multi-objective,rtp_violation_penalty>win_rate_shortfall_penalty>missing_jackpot_penalty>symbol_concentration_penalty,"(0.2962962962962954, 0.0, 0, 8.596491228070175)",8.89278752436647,8.89278752436647,0,16,0.009259259259259259,0.4351851851851852,0,0.012962962962962954,0.9629629629629629,0.5694444444444444
429,NSGA-II,multi-objective,rtp_violation_penalty>win_rate_shortfall_penalty>missing_jackpot_penalty>symbol_concentration_penalty,"(0.2962962962962954, 0.0, 0, 8.596491228070175)",8.89278752436647,8.89278752436647,0,16,0.009259259259259259,0.4351851851851852,0,0.012962962962962954,0.9629629629629629,0.5694444444444444
430,NSGA-II,multi-objective,rtp_violation_penalty>win_rate_shortfall_penalty>missing_jackpot_penalty>symbol_concentration_penalty,"(0.2962962962962954, 0.0, 0, 8.596491228070175)",8.89278752436647,8.89278752436647,0,16,0.009259259259259259,0.4351851851851852,0,0.012962962962962954,0.9629629629629629,0.5694444444444444
431,NSGA-II,multi-objective,rtp_violation_penalty>win_rate_shortfall_penalty>missing_jackpot_penalty>symbol_concentration_penalty,"(0.2962962962962954, 0.0, 0, 8.596491228070175)",8.89278752436647,8.89278752436647,0,16,0.009259259259259259,0.4351851851851852,0,0.012962962962962954,0.9629629629629629,0.5694444444444444
432,NSGA-II,multi-objective,rtp_violation_penalty>win_rate_shortfall_penalty>missing_jackpot_penalty>symbol_concentration_penalty,"(0.2962962962962954, 0.0, 0, 8.596491228070175)",8.89278752436647,8.89278752436647,0,16,0.009259259259259259,0.4351851851851852,0,0.012962962962962954,0.9629629629629629,0.5694444444444444
433,NSGA-II,multi-objective,rtp_violation_penalty>win_rate_shortfall_penalty>missing_jackpot_penalty>symbol_concentration_penalty,"(0.2962962962962954, 0.0, 0, 8.596491228070175)",8.89278752436647,8.89278752436647,0,16,0.009259259259259259,0.4351851851851852,0,0.012962962962962954,0.9629629629629629,0.5694444444444444
434,NSGA-II,multi-objective,rtp_violation_penalty>win_rate_shortfall_penalty>missing_jackpot_penalty>symbol_concentration_penalty,"(0.2962962962962954, 0.0, 0, 8.596491228070175)",8.89278752436647,8.89278752436647,0,16,0.009259259259259259,0.4351851851851852,0,0.012962962962962954,0.9629629629629629,0.5694444444444444
435,NSGA-II,multi-objective,rtp_violation_penalty>win_rate_shortfall_penalty>missing_jackpot_penalty>symbol_concentration_penalty,"(0.2962962962962954, 0.0, 0, 8.596491228070175)",8.89278752436647,8.89278752436647,0,16,0.009259259259259259,0.4351851851851852,0,0.012962962962962954,0.9629629629629629,0.5694444444444444
436,NSGA-II,multi-objective,rtp_violation_penalty>win_rate_shortfall_penalty>missing_jackpot_penalty>symbol_concentration_penalty,"(0.2962962962962954, 0.0, 0, 8.596491228070175)",8.89278752436647,8.89278752436647,0,16,0.009259259259259259,0.4351851851851852,0,0.012962962962962954,0.9629629629629629,0.5694444444444444
437,NSGA-II,multi-objective,rtp_violation_penalty>win_rate_shortfall_penalty>missing_jackpot_penalty>symbol_concentration_penalty,"(0.2962962962962954, 0.0, 0, 8.596491228070175)",8.89278752436647,8.89278752436647,0,16,0.009259259259259259,0.4351851851851852,0,0.012962962962962954,0.9629629629629629,0.5694444444444444
438,NSGA-II,multi-objective,rtp_violation_penalty>win_rate_shortfall_penalty>missing_jackpot_penalty>symbol_concentration_penalty,"(0.2962962962962954, 0.0, 0, 8.596491228070175)",8.89278752436647,8.89278752436647,0,16,0.009259259259259259,0.4351851851851852,0,0.012962962962962954,0.9629629629629629,0.5694444444444444
439,NSGA-II,multi-objective,rtp_violation_penalty>win_rate_shortfall_penalty>missing_jackpot_penalty>symbol_concentration_penalty,"(0.2962962962962954, 0.0, 0, 8.596491228070175)",8.89278752436647,8.89278752436647,0,16,0.009259259259259259,0.4351851851851852,0,0.012962962962962954,0.9629629629629629,0.5694444444444444
440,NSGA-II,multi-objective,rtp_violation_penalty>win_rate_shortfall_penalty>missing_jackpot_penalty>symbol_concentration_penalty,"(0.2962962962962954, 0.0, 0, 8.596491228070175)",8.89278752436647,8.89278752436647,0,16,0.009259259259259259,0.4351851851851852,0,0.012962962962962954,0.9629629629629629,0.5694444444444444
441,NSGA-II,multi-objective,rtp_violation_penalty>win_rate_shortfall_penalty>missing_jackpot_penalty>symbol_concentration_penalty,"(0.2962962962962954, 0.0, 0, 8.596491228070175)",8.89278752436647,8.89278752436647,0,16,0.009259259259259259,0.4351851851851852,0,0.012962962962962954,0.9629629629629629,0.5694444444444444
442,NSGA-II,multi-objective,rtp_violation_penalty>win_rate_shortfall_penalty>missing_jackpot_penalty>symbol_concentration_penalty,"(0.2962962962962954, 0.0, 0, 8.596491228070175)",8.89278752436647,8.89278752436647,0,16,0.009259259259259259,0.4351851851851852,0,0.012962962962962954,0.9629629629629629,0.5694444444444444
443,NSGA-II,multi-objective,rtp_violation_penalty>win_rate_shortfall_penalty>missing_jackpot_penalty>symbol_concentration_penalty,"(0.2962962962962954, 0.0, 0, 8.596491228070175)",8.89278752436647,8.89278752436647,0,16,0.009259259259259259,0.4351851851851852,0,0.012962962962962954,0.9629629629629629,0.5694444444444444
444,NSGA-II,multi-objective,rtp_violation_penalty>win_rate_shortfall_penalty>missing_jackpot_penalty>symbol_concentration_penalty,"(0.2962962962962954, 0.0, 0, 8.596491228070175)",8.89278752436647,8.89278752436647,0,16,0.009259259259259259,0.4351851851851852,0,0.012962962962962954,0.9629629629629629,0.5694444444444444
445,NSGA-II,multi-objective,rtp_violation_penalty>win_rate_shortfall_penalty>missing_jackpot_penalty>symbol_concentration_penalty,"(0.2962962962962954, 0.0, 0, 8.596491228070175)",8.89278752436647,8.89278752436647,0,16,0.009259259259259259,0.4351851851851852,0,0.012962962962962954,0.9629629629629629,0.5694444444444444
446,NSGA-II,multi-objective,rtp_violation_penalty>win_rate_shortfall_penalty>missing_jackpot_penalty>symbol_concentration_penalty,"(0.2962962962962954, 0.0, 0, 8.596491228070175)",8.89278752436647,8.89278752436647,0,16,0.009259259259259259,0.4351851851851852,0,0.012962962962962954,0.9629629629629629,0.5694444444444444
447,NSGA-II,multi-objective,rtp_violation_penalty>win_rate_shortfall_penalty>missing_jackpot_penalty>symbol_concentration_penalty,"(0.2962962962962954, 0.0, 0, 8.596491228070175)",8.89278752436647,8.89278752436647,0,16,0.009259259259259259,0.4351851851851852,0,0.012962962962962954,0.9629629629629629,0.5694444444444444
448,NSGA-II,multi-objective,rtp_violation_penalty>win_rate_shortfall_penalty>missing_jackpot_penalty>symbol_concentration_penalty,"(0.2962962962962954, 0.0, 0, 8.596491228070175)",8.89278752436647,8.89278752436647,0,16,0.009259259259259259,0.4351851851851852,0,0.012962962962962954,0.9629629629629629,0.5694444444444444
449,NSGA-II,multi-objective,rtp_violation_penalty>win_rate_shortfall_penalty>missing_jackpot_penalty>symbol_concentration_penalty,"(0.2962962962962954, 0.0, 0, 8.596491228070175)",8.89278752436647,8.89278752436647,0,16,0.009259259259259259,0.4351851851851852,0,0.012962962962962954,0.9629629629629629,0.5694444444444444
450,NSGA-II,multi-objective,rtp_violation_penalty>win_rate_shortfall_penalty>missing_jackpot_penalty>symbol_concentration_penalty,"(0.2962962962962954, 0.0, 0, 8.596491228070175)",8.89278752436647,8.89278752436647,0,16,0.009259259259259259,0.4351851851851852,0,0.012962962962962954,0.9629629629629629,0.5694444444444444
451,NSGA-II,multi-objective,rtp_violation_penalty>win_rate_shortfall_penalty>missing_jackpot_penalty>symbol_concentration_penalty,"(0.2962962962962954, 0.0, 0, 8.596491228070175)",8.89278752436647,8.89278752436647,0,16,0.009259259259259259,0.4351851851851852,0,0.012962962962962954,0.9629629629629629,0.5694444444444444
452,NSGA-II,multi-objective,rtp_violation_penalty>win_rate_shortfall_penalty>missing_jackpot_penalty>symbol_concentration_penalty,"(0.2962962962962954, 0.0, 0, 8.596491228070175)",8.89278752436647,8.89278752436647,0,16,0.009259259259259259,0.4351851851851852,0,0.012962962962962954,0.9629629629629629,0.5694444444444444
453,NSGA-II,multi-objective,rtp_violation_penalty>win_rate_shortfall_penalty>missing_jackpot_penalty>symbol_concentration_penalty,"(0.2962962962962954, 0.0, 0, 8.596491228070175)",8.89278752436647,8.89278752436647,0,16,0.009259259259259259,0.4351851851851852,0,0.012962962962962954,0.9629629629629629,0.5694444444444444
454,NSGA-II,multi-objective,rtp_violation_penalty>win_rate_shortfall_penalty>missing_jackpot_penalty>symbol_concentration_penalty,"(0.2962962962962954, 0.0, 0, 8.596491228070175)",8.89278752436647,8.89278752436647,0,16,0.009259259259259259,0.4351851851851852,0,0.012962962962962954,0.9629629629629629,0.5694444444444444
455,NSGA-II,multi-objective,rtp_violation_penalty>win_rate_shortfall_penalty>missing_jackpot_penalty>symbol_concentration_penalty,"(0.2962962962962954, 0.0, 0, 8.596491228070175)",8.89278752436647,8.89278752436647,0,16,0.009259259259259259,0.4351851851851852,0,0.012962962962962954,0.9629629629629629,0.5694444444444444
456,NSGA-II,multi-objective,rtp_violation_penalty>win_rate_shortfall_penalty>missing_jackpot_penalty>symbol_concentration_penalty,"(0.2962962962962954, 0.0, 0, 8.596491228070175)",8.89278752436647,8.89278752436647,0,16,0.009259259259259259,0.4351851851851852,0,0.012962962962962954,0.9629629629629629,0.5694444444444444
457,NSGA-II,multi-objective,rtp_violation_penalty>win_rate_shortfall_penalty>missing_jackpot_penalty>symbol_concentration_penalty,"(0.2962962962962954, 0.0, 0, 8.596491228070175)",8.89278752436647,8.89278752436647,0,16,0.009259259259259259,0.4351851851851852,0,0.012962962962962954,0.9629629629629629,0.5694444444444444
458,NSGA-II,multi-objective,rtp_violation_penalty>win_rate_shortfall_penalty>missing_jackpot_penalty>symbol_concentration_penalty,"(0.2962962962962954, 0.0, 0, 8.596491228070175)",8.89278752436647,8.89278752436647,0,16,0.009259259259259259,0.4351851851851852,0,0.012962962962962954,0.9629629629629629,0.5694444444444444
459,NSGA-II,multi-objective,rtp_violation_penalty>win_rate_shortfall_penalty>missing_jackpot_penalty>symbol_concentration_penalty,"(0.2962962962962954, 0.0, 0, 8.596491228070175)",8.89278752436647,8.89278752436647,0,16,0.009259259259259259,0.4351851851851852,0,0.012962962962962954,0.9629629629629629,0.5694444444444444
460,NSGA-II,multi-objective,rtp_violation_penalty>win_rate_shortfall_penalty>missing_jackpot_penalty>symbol_concentration_penalty,"(0.2962962962962954, 0.0, 0, 8.596491228070175)",8.89278752436647,8.89278752436647,0,16,0.009259259259259259,0.4351851851851852,0,0.012962962962962954,0.9629629629629629,0.5694444444444444
461,NSGA-II,multi-objective,rtp_violation_penalty>win_rate_shortfall_penalty>missing_jackpot_penalty>symbol_concentration_penalty,"(0.2962962962962954, 0.0, 0, 8.596491228070175)",8.89278752436647,8.89278752436647,0,16,0.009259259259259259,0.4351851851851852,0,0.012962962962962954,0.9629629629629629,0.5694444444444444
462,NSGA-II,multi-objective,rtp_violation_penalty>win_rate_shortfall_penalty>missing_jackpot_penalty>symbol_concentration_penalty,"(0.2962962962962954, 0.0, 0, 8.596491228070175)",8.89278752436647,8.89278752436647,0,16,0.009259259259259259,0.4351851851851852,0,0.012962962962962954,0.9629629629629629,0.5694444444444444
463,NSGA-II,multi-objective,rtp_violation_penalty>win_rate_shortfall_penalty>missing_jackpot_penalty>symbol_concentration_penalty,"(0.2962962962962954, 0.0, 0, 8.596491228070175)",8.89278752436647,8.89278752436647,0,16,0.009259259259259259,0.4351851851851852,0,0.012962962962962954,0.9629629629629629,0.5694444444444444
464,NSGA-II,multi-objective,rtp_violation_penalty>win_rate_shortfall_penalty>missing_jackpot_penalty>symbol_concentration_penalty,"(0.2962962962962954, 0.0, 0, 8.596491228070175)",8.89278752436647,8.89278752436647,0,16,0.009259259259259259,0.4351851851851852,0,0.012962962962962954,0.9629629629629629,0.5694444444444444
465,NSGA-II,multi-objective,rtp_violation_penalty>win_rate_shortfall_penalty>missing_jackpot_penalty>symbol_concentration_penalty,"(0.2962962962962954, 0.0, 0, 8.596491228070175)",8.89278752436647,8.89278752436647,0,16,0.009259259259259259,0.4351851851851852,0,0.012962962962962954,0.9629629629629629,0.5694444444444444
466,NSGA-II,multi-objective,rtp_violation_penalty>win_rate_shortfall_penalty>missing_jackpot_penalty>symbol_concentration_penalty,"(0.2962962962962954, 0.0, 0, 8.596491228070175)",8.89278752436647,8.89278752436647,0,16,0.009259259259259259,0.4351851851851852,0,0.012962962962962954,0.9629629629629629,0.5694444444444444
467,NSGA-II,multi-objective,rtp_violation_penalty>win_rate_shortfall_penalty>missing_jackpot_penalty>symbol_concentration_penalty,"(0.2962962962962954, 0.0, 0, 8.596491228070175)",8.89278752436647,8.89278752436647,0,16,0.009259259259259259,0.4351851851851852,0,0.012962962962962954,0.9629629629629629,0.5694444444444444
468,NSGA-II,multi-objective,rtp_violation_penalty>win_rate_shortfall_penalty>missing_jackpot_penalty>symbol_concentration_penalty,"(0.2962962962962954, 0.0, 0, 8.596491228070175)",8.89278752436647,8.89278752436647,0,16,0.009259259259259259,0.4351851851851852,0,0.012962962962962954,0.9629629629629629,0.5694444444444444
469,NSGA-II,multi-objective,rtp_violation_penalty>win_rate_shortfall_penalty>missing_jackpot_penalty>symbol_concentration_penalty,"(0.2962962962962954, 0.0, 0, 8.596491228070175)",8.89278752436647,8.89278752436647,0,16,0.009259259259259259,0.4351851851851852,0,0.012962962962962954,0.9629629629629629,0.5694444444444444
470,NSGA-II,multi-objective,rtp_violation_penalty>win_rate_shortfall_penalty>missing_jackpot_penalty>symbol_concentration_penalty,"(0.2962962962962954, 0.0, 0, 8.596491228070175)",8.89278752436647,8.89278752436647,0,16,0.009259259259259259,0.4351851851851852,0,0.012962962962962954,0.9629629629629629,0.5694444444444444
471,NSGA-II,multi-objective,rtp_violation_penalty>win_rate_shortfall_penalty>missing_jackpot_penalty>symbol_concentration_penalty,"(0.2962962962962954, 0.0, 0, 8.596491228070175)",8.89278752436647,8.89278752436647,0,16,0.009259259259259259,0.4351851851851852,0,0.012962962962962954,0.9629629629629629,0.5694444444444444
472,NSGA-II,multi-objective,rtp_violation_penalty>win_rate_shortfall_penalty>missing_jackpot_penalty>symbol_concentration_penalty,"(0.2962962962962954, 0.0, 0, 8.596491228070175)",8.89278752436647,8.89278752436647,0,16,0.009259259259259259,0.4351851851851852,0,0.012962962962962954,0.9629629629629629,0.5694444444444444
473,NSGA-II,multi-objective,rtp_violation_penalty>win_rate_shortfall_penalty>missing_jackpot_penalty>symbol_concentration_penalty,"(0.2962962962962954, 0.0, 0, 8.596491228070175)",8.89278752436647,8.89278752436647,0,16,0.009259259259259259,0.4351851851851852,0,0.012962962962962954,0.9629629629629629,0.5694444444444444
474,NSGA-II,multi-objective,rtp_violation_penalty>win_rate_shortfall_penalty>missing_jackpot_penalty>symbol_concentration_penalty,"(0.2962962962962954, 0.0, 0, 8.596491228070175)",8.89278752436647,8.89278752436647,0,16,0.009259259259259259,0.4351851851851852,0,0.012962962962962954,0.9629629629629629,0.5694444444444444
475,NSGA-II,multi-objective,rtp_violation_penalty>win_rate_shortfall_penalty>missing_jackpot_penalty>symbol_concentration_penalty,"(0.2962962962962954, 0.0, 0, 8.596491228070175)",8.89278752436647,8.89278752436647,0,16,0.009259259259259259,0.4351851851851852,0,0.012962962962962954,0.9629629629629629,0.5694444444444444
476,NSGA-II,multi-objective,rtp_violation_penalty>win_rate_shortfall_penalty>missing_jackpot_penalty>symbol_concentration_penalty,"(0.2962962962962954, 0.0, 0, 8.596491228070175)",8.89278752436647,8.89278752436647,0,16,0.009259259259259259,0.4351851851851852,0,0.012962962962962954,0.9629629629629629,0.5694444444444444
477,NSGA-II,multi-objective,rtp_violation_penalty>win_rate_shortfall_penalty>missing_jackpot_penalty>symbol_concentration_penalty,"(0.2962962962962954, 0.0, 0, 8.596491228070175)",8.89278752436647,8.89278752436647,0,16,0.009259259259259259,0.4351851851851852,0,0.012962962962962954,0.9629629629629629,0.5694444444444444
478,NSGA-II,multi-objective,rtp_violation_penalty>win_rate_shortfall_penalty>missing_jackpot_penalty>symbol_concentration_penalty,"(0.2962962962962954, 0.0, 0, 8.596491228070175)",8.89278752436647,8.89278752436647,0,16,0.009259259259259259,0.4351851851851852,0,0.012962962962962954,0.9629629629629629,0.5694444444444444
479,NSGA-II,multi-objective,rtp_violation_penalty>win_rate_shortfall_penalty>missing_jackpot_penalty>symbol_concentration_penalty,"(0.2962962962962954, 0.0, 0, 8.596491228070175)",8.89278752436647,8.89278752436647,0,16,0.009259259259259259,0.4351851851851852,0,0.012962962962962954,0.9629629629629629,0.5694444444444444
480,NSGA-II,multi-objective,rtp_violation_penalty>win_rate_shortfall_penalty>missing_jackpot_penalty>symbol_concentration_penalty,"(0.2962962962962954, 0.0, 0, 8.596491228070175)",8.89278752436647,8.89278752436647,0,16,0.009259259259259259,0.4351851851851852,0,0.012962962962962954,0.9629629629629629,0.5694444444444444
481,NSGA-II,multi-objective,rtp_violation_penalty>win_rate_shortfall_penalty>missing_jackpot_penalty>symbol_concentration_penalty,"(0.2962962962962954, 0.0, 0, 8.596491228070175)",8.89278752436647,8.89278752436647,0,16,0.009259259259259259,0.4351851851851852,0,0.012962962962962954,0.9629629629629629,0.5694444444444444
482,NSGA-II,multi-objective,rtp_violation_penalty>win_rate_shortfall_penalty>missing_jackpot_penalty>symbol_concentration_penalty,"(0.2962962962962954, 0.0, 0, 8.596491228070175)",8.89278752436647,8.89278752436647,0,16,0.009259259259259259,0.4351851851851852,0,0.012962962962962954,0.9629629629629629,0.5694444444444444
483,NSGA-II,multi-objective,rtp_violation_penalty>win_rate_shortfall_penalty>missing_jackpot_penalty>symbol_concentration_penalty,"(0.2962962962962954, 0.0, 0, 8.596491228070175)",8.89278752436647,8.89278752436647,0,16,0.009259259259259259,0.4351851851851852,0,0.012962962962962954,0.9629629629629629,0.5694444444444444
484,NSGA-II,multi-objective,rtp_violation_penalty>win_rate_shortfall_penalty>missing_jackpot_penalty>symbol_concentration_penalty,"(0.2962962962962954, 0.0, 0, 8.596491228070175)",8.89278752436647,8.89278752436647,0,16,0.009259259259259259,0.4351851851851852,0,0.012962962962962954,0.9629629629629629,0.5694444444444444
485,NSGA-II,multi-objective,rtp_violation_penalty>win_rate_shortfall_penalty>missing_jackpot_penalty>symbol_concentration_penalty,"(0.2962962962962954, 0.0, 0, 8.596491228070175)",8.89278752436647,8.89278752436647,0,16,0.009259259259259259,0.4351851851851852,0,0.012962962962962954,0.9629629629629629,0.5694444444444444
486,NSGA-II,multi-objective,rtp_violation_penalty>win_rate_shortfall_penalty>missing_jackpot_penalty>symbol_concentration_penalty,"(0.2962962962962954, 0.0, 0, 8.596491228070175)",8.89278752436647,8.89278752436647,0,16,0.009259259259259259,0.4351851851851852,0,0.012962962962962954,0.9629629629629629,0.5694444444444444
487,NSGA-II,multi-objective,rtp_violation_penalty>win_rate_shortfall_penalty>missing_jackpot_penalty>symbol_concentration_penalty,"(0.2962962962962954, 0.0, 0, 8.596491228070175)",8.89278752436647,8.89278752436647,0,16,0.009259259259259259,0.4351851851851852,0,0.012962962962962954,0.9629629629629629,0.5694444444444444
488,NSGA-II,multi-objective,rtp_violation_penalty>win_rate_shortfall_penalty>missing_jackpot_penalty>symbol_concentration_penalty,"(0.2962962962962954, 0.0, 0, 8.596491228070175)",8.89278752436647,8.89278752436647,0,16,0.009259259259259259,0.4351851851851852,0,0.012962962962962954,0.9629629629629629,0.5694444444444444
489,NSGA-II,multi-objective,rtp_violation_penalty>win_rate_shortfall_penalty>missing_jackpot_penalty>symbol_concentration_penalty,"(0.2962962962962954, 0.0, 0, 8.596491228070175)",8.89278752436647,8.89278752436647,0,16,0.009259259259259259,0.4351851851851852,0,0.012962962962962954,0.9629629629629629,0.5694444444444444
490,NSGA-II,multi-objective,rtp_violation_penalty>win_rate_shortfall_penalty>missing_jackpot_penalty>symbol_concentration_penalty,"(0.2962962962962954, 0.0, 0, 8.596491228070175)",8.89278752436647,8.89278752436647,0,16,0.009259259259259259,0.4351851851851852,0,0.012962962962962954,0.9629629629629629,0.5694444444444444
491,NSGA-II,multi-objective,rtp_violation_penalty>win_rate_shortfall_penalty>missing_jackpot_penalty>symbol_concentration_penalty,"(0.2962962962962954, 0.0, 0, 8.596491228070175)",8.89278752436647,8.89278752436647,0,16,0.009259259259259259,0.4351851851851852,0,0.012962962962962954,0.9629629629629629,0.5694444444444444
492,NSGA-II,multi-objective,rtp_violation_penalty>win_rate_shortfall_penalty>missing_jackpot_penalty>symbol_concentration_penalty,"(0.2962962962962954, 0.0, 0, 8.596491228070175)",8.89278752436647,8.89278752436647,0,16,0.009259259259259259,0.4351851851851852,0,0.012962962962962954,0.9629629629629629,0.5694444444444444
493,NSGA-II,multi-objective,rtp_violation_penalty>win_rate_shortfall_penalty>missing_jackpot_penalty>symbol_concentration_penalty,"(0.2962962962962954, 0.0, 0, 8.596491228070175)",8.89278752436647,8.89278752436647,0,16,0.009259259259259259,0.4351851851851852,0,0.012962962962962954,0.9629629629629629,0.5694444444444444
494,NSGA-II,multi-objective,rtp_violation_penalty>win_rate_shortfall_penalty>missing_jackpot_penalty>symbol_concentration_penalty,"(0.2962962962962954, 0.0, 0, 8.596491228070175)",8.89278752436647,8.89278752436647,0,16,0.009259259259259259,0.4351851851851852,0,0.012962962962962954,0.9629629629629629,0.5694444444444444
495,NSGA-II,multi-objective,rtp_violation_penalty>win_rate_shortfall_penalty>missing_jackpot_penalty>symbol_concentration_penalty,"(0.2962962962962954, 0.0, 0, 8.596491228070175)",8.89278752436647,8.89278752436647,0,16,0.009259259259259259,0.4351851851851852,0,0.012962962962962954,0.9629629629629629,0.5694444444444444
496,NSGA-II,multi-objective,rtp_violation_penalty>win_rate_shortfall_penalty>missing_jackpot_penalty>symbol_concentration_penalty,"(0.2962962962962954, 0.0, 0, 8.596491228070175)",8.89278752436647,8.89278752436647,0,16,0.009259259259259259,0.4351851851851852,0,0.012962962962962954,0.9629629629629629,0.5694444444444444
497,NSGA-II,multi-objective,rtp_violation_penalty>win_rate_shortfall_penalty>missing_jackpot_penalty>symbol_concentration_penalty,"(0.2962962962962954, 0.0, 0, 8.596491228070175)",8.89278752436647,8.89278752436647,0,16,0.009259259259259259,0.4351851851851852,0,0.012962962962962954,0.9629629629629629,0.5694444444444444
498,NSGA-II,multi-objective,rtp_violation_penalty>win_rate_shortfall_penalty>missing_jackpot_penalty>symbol_concentration_penalty,"(0.2962962962962954, 0.0, 0, 8.596491228070175)",8.89278752436647,8.89278752436647,0,16,0.009259259259259259,0.4351851851851852,0,0.012962962962962954,0.9629629629629629,0.5694444444444444
499,NSGA-II,multi-objective,rtp_violation_penalty>win_rate_shortfall_penalty>missing_jackpot_penalty>symbol_concentration_penalty,"(0.2962962962962954, 0.0, 0, 8.596491228070175)",8.89278752436647,8.89278752436647,0,16,0.009259259259259259,0.4351851851851852,0,0.012962962962962954,0.9629629629629629,0.5694444444444444
500,NSGA-II,multi-objective,rtp_violation_penalty>win_rate_shortfall_penalty>missing_jackpot_penalty>symbol_concentration_penalty,"(0.2962962962962954, 0.0, 0, 8.596491228070175)",8.89278752436647,8.89278752436647,0,16,0.009259259259259259,0.4351851851851852,0,0.012962962962962954,0.9629629629629629,0.5694444444444444
501,NSGA-II,multi-objective,rtp_violation_penalty>win_rate_shortfall_penalty>missing_jackpot_penalty>symbol_concentration_penalty,"(0.2962962962962954, 0.0, 0, 8.596491228070175)",8.89278752436647,8.89278752436647,0,16,0.009259259259259259,0.4351851851851852,0,0.012962962962962954,0.9629629629629629,0.5694444444444444
502,NSGA-II,multi-objective,rtp_violation_penalty>win_rate_shortfall_penalty>missing_jackpot_penalty>symbol_concentration_penalty,"(0.2962962962962954, 0.0, 0, 8.596491228070175)",8.89278752436647,8.89278752436647,0,16,0.009259259259259259,0.4351851851851852,0,0.012962962962962954,0.9629629629629629,0.5694444444444444
503,NSGA-II,multi-objective,rtp_violation_penalty>win_rate_shortfall_penalty>missing_jackpot_penalty>symbol_concentration_penalty,"(0.2962962962962954, 0.0, 0, 8.596491228070175)",8.89278752436647,8.89278752436647,0,16,0.009259259259259259,0.4351851851851852,0,0.012962962962962954,0.9629629629629629,0.5694444444444444
504,NSGA-II,multi-objective,rtp_violation_penalty>win_rate_shortfall_penalty>missing_jackpot_penalty>symbol_concentration_penalty,"(0.2962962962962954, 0.0, 0, 8.596491228070175)",8.89278752436647,8.89278752436647,0,16,0.009259259259259259,0.4351851851851852,0,0.012962962962962954,0.9629629629629629,0.5694444444444444
505,NSGA-II,multi-objective,rtp_violation_penalty>win_rate_shortfall_penalty>missing_jackpot_penalty>symbol_concentration_penalty,"(0.2962962962962954, 0.0, 0, 8.596491228070175)",8.89278752436647,8.89278752436647,0,16,0.009259259259259259,0.4351851851851852,0,0.012962962962962954,0.9629629629629629,0.5694444444444444
506,NSGA-II,multi-objective,rtp_violation_penalty>win_rate_shortfall_penalty>missing_jackpot_penalty>symbol_concentration_penalty,"(0.2962962962962954, 0.0, 0, 8.596491228070175)",8.89278752436647,8.89278752436647,0,16,0.009259259259259259,0.4351851851851852,0,0.012962962962962954,0.9629629629629629,0.5694444444444444
507,NSGA-II,multi-objective,rtp_violation_penalty>win_rate_shortfall_penalty>missing_jackpot_penalty>symbol_concentration_penalty,"(0.2962962962962954, 0.0, 0, 8.596491228070175)",8.89278752436647,8.89278752436647,0,16,0.009259259259259259,0.4351851851851852,0,0.012962962962962954,0.9629629629629629,0.5694444444444444
508,NSGA-II,multi-objective,rtp_violation_penalty>win_rate_shortfall_penalty>missing_jackpot_penalty>symbol_concentration_penalty,"(0.2962962962962954, 0.0, 0, 8.596491228070175)",8.89278752436647,8.89278752436647,0,16,0.009259259259259259,0.4351851851851852,0,0.012962962962962954,0.9629629629629629,0.5694444444444444
509,NSGA-II,multi-objective,rtp_violation_penalty>win_rate_shortfall_penalty>missing_jackpot_penalty>symbol_concentration_penalty,"(0.2962962962962954, 0.0, 0, 8.596491228070175)",8.89278752436647,8.89278752436647,0,16,0.009259259259259259,0.4351851851851852,0,0.012962962962962954,0.9629629629629629,0.5694444444444444
510,NSGA-II,multi-objective,rtp_violation_penalty>win_rate_shortfall_penalty>missing_jackpot_penalty>symbol_concentration_penalty,"(0.2962962962962954, 0.0, 0, 8.596491228070175)",8.89278752436647,8.89278752436647,0,16,0.009259259259259259,0.4351851851851852,0,0.012962962962962954,0.9629629629629629,0.5694444444444444
511,NSGA-II,multi-objective,rtp_violation_penalty>win_rate_shortfall_penalty>missing_jackpot_penalty>symbol_concentration_penalty,"(0.2962962962962954, 0.0, 0, 8.596491228070175)",8.89278752436647,8.89278752436647,0,16,0.009259259259259259,0.4351851851851852,0,0.012962962962962954,0.9629629629629629,0.5694444444444444
512,NSGA-II,multi-objective,rtp_violation_penalty>win_rate_shortfall_penalty>missing_jackpot_penalty>symbol_concentration_penalty,"(0.2962962962962954, 0.0, 0, 8.596491228070175)",8.89278752436647,8.89278752436647,0,16,0.009259259259259259,0.4351851851851852,0,0.012962962962962954,0.9629629629629629,0.5694444444444444
513,NSGA-II,multi-objective,rtp_violation_penalty>win_rate_shortfall_penalty>missing_jackpot_penalty>symbol_concentration_penalty,"(0.2962962962962954, 0.0, 0, 8.596491228070175)",8.89278752436647,8.89278752436647,0,16,0.009259259259259259,0.4351851851851852,0,0.012962962962962954,0.9629629629629629,0.5694444444444444
514,NSGA-II,multi-objective,rtp_violation_penalty>win_rate_shortfall_penalty>missing_jackpot_penalty>symbol_concentration_penalty,"(0.2962962962962954, 0.0, 0, 8.596491228070175)",8.89278752436647,8.89278752436647,0,16,0.009259259259259259,0.4351851851851852,0,0.012962962962962954,0.9629629629629629,0.5694444444444444
515,NSGA-II,multi-objective,rtp_violation_penalty>win_rate_shortfall_penalty>missing_jackpot_penalty>symbol_concentration_penalty,"(0.2962962962962954, 0.0, 0, 8.596491228070175)",8.89278752436647,8.89278752436647,0,16,0.009259259259259259,0.4351851851851852,0,0.012962962962962954,0.9629629629629629,0.5694444444444444
516,NSGA-II,multi-objective,rtp_violation_penalty>win_rate_shortfall_penalty>missing_jackpot_penalty>symbol_concentration_penalty,"(0.2962962962962954, 0.0, 0, 8.596491228070175)",8.89278752436647,8.89278752436647,0,16,0.009259259259259259,0.4351851851851852,0,0.012962962962962954,0.9629629629629629,0.5694444444444444
517,NSGA-II,multi-objective,rtp_violation_penalty>win_rate_shortfall_penalty>missing_jackpot_penalty>symbol_concentration_penalty,"(0.2962962962962954, 0.0, 0, 8.596491228070175)",8.89278752436647,8.89278752436647,0,16,0.009259259259259259,0.4351851851851852,0,0.012962962962962954,0.9629629629629629,0.5694444444444444
518,NSGA-II,multi-objective,rtp_violation_penalty>win_rate_shortfall_penalty>missing_jackpot_penalty>symbol_concentration_penalty,"(0.2962962962962954, 0.0, 0, 8.596491228070175)",8.89278752436647,8.89278752436647,0,16,0.009259259259259259,0.4351851851851852,0,0.012962962962962954,0.9629629629629629,0.5694444444444444
519,NSGA-II,multi-objective,rtp_violation_penalty>win_rate_shortfall_penalty>missing_jackpot_penalty>symbol_concentration_penalty,"(0.2962962962962954, 0.0, 0, 8.596491228070175)",8.89278752436647,8.89278752436647,0,16,0.009259259259259259,0.4351851851851852,0,0.012962962962962954,0.9629629629629629,0.5694444444444444
520,NSGA-II,multi-objective,rtp_violation_penalty>win_rate_shortfall_penalty>missing_jackpot_penalty>symbol_concentration_penalty,"(0.2962962962962954, 0.0, 0, 8.596491228070175)",8.89278752436647,8.89278752436647,0,16,0.009259259259259259,0.4351851851851852,0,0.012962962962962954,0.9629629629629629,0.5694444444444444
521,NSGA-II,multi-objective,rtp_violation_penalty>win_rate_shortfall_penalty>missing_jackpot_penalty>symbol_concentration_penalty,"(0.2962962962962954, 0.0, 0, 8.596491228070175)",8.89278752436647,8.89278752436647,0,16,0.009259259259259259,0.4351851851851852,0,0.012962962962962954,0.9629629629629629,0.5694444444444444
522,NSGA-II,multi-objective,rtp_violation_penalty>win_rate_shortfall_penalty>missing_jackpot_penalty>symbol_concentration_penalty,"(0.2962962962962954, 0.0, 0, 8.596491228070175)",8.89278752436647,8.89278752436647,0,16,0.009259259259259259,0.4351851851851852,0,0.012962962962962954,0.9629629629629629,0.5694444444444444
523,NSGA-II,multi-objective,rtp_violation_penalty>win_rate_shortfall_penalty>missing_jackpot_penalty>symbol_concentration_penalty,"(0.2962962962962954, 0.0, 0, 8.596491228070175)",8.89278752436647,8.89278752436647,0,16,0.009259259259259259,0.4351851851851852,0,0.012962962962962954,0.9629629629629629,0.5694444444444444
524,NSGA-II,multi-objective,rtp_violation_penalty>win_rate_shortfall_penalty>missing_jackpot_penalty>symbol_concentration_penalty,"(0.2962962962962954, 0.0, 0, 8.596491228070175)",8.89278752436647,8.89278752436647,0,16,0.009259259259259259,0.4351851851851852,0,0.012962962962962954,0.9629629629629629,0.5694444444444444
525,NSGA-II,multi-objective,rtp_violation_penalty>win_rate_shortfall_penalty>missing_jackpot_penalty>symbol_concentration_penalty,"(0.2962962962962954, 0.0, 0, 8.596491228070175)",8.89278752436647,8.89278752436647,0,16,0.009259259259259259,0.4351851851851852,0,0.012962962962962954,0.9629629629629629,0.5694444444444444
526,NSGA-II,multi-objective,rtp_violation_penalty>win_rate_shortfall_penalty>missing_jackpot_penalty>symbol_concentration_penalty,"(0.2962962962962954, 0.0, 0, 8.596491228070175)",8.89278752436647,8.89278752436647,0,16,0.009259259259259259,0.4351851851851852,0,0.012962962962962954,0.9629629629629629,0.5694444444444444
527,NSGA-II,multi-objective,rtp_violation_penalty>win_rate_shortfall_penalty>missing_jackpot_penalty>symbol_concentration_penalty,"(0.2962962962962954, 0.0, 0, 8.596491228070175)",8.89278752436647,8.89278752436647,0,16,0.009259259259259259,0.4351851851851852,0,0.012962962962962954,0.9629629629629629,0.5694444444444444
528,NSGA-II,multi-objective,rtp_violation_penalty>win_rate_shortfall_penalty>missing_jackpot_penalty>symbol_concentration_penalty,"(0.2962962962962954, 0.0, 0, 8.596491228070175)",8.89278752436647,8.89278752436647,0,16,0.009259259259259259,0.4351851851851852,0,0.012962962962962954,0.9629629629629629,0.5694444444444444
529,NSGA-II,multi-objective,rtp_violation_penalty>win_rate_shortfall_penalty>missing_jackpot_penalty>symbol_concentration_penalty,"(0.2962962962962954, 0.0, 0, 8.596491228070175)",8.89278752436647,8.89278752436647,0,16,0.009259259259259259,0.4351851851851852,0,0.012962962962962954,0.9629629629629629,0.5694444444444444
530,NSGA-II,multi-objective,rtp_violation_penalty>win_rate_shortfall_penalty>missing_jackpot_penalty>symbol_concentration_penalty,"(0.2962962962962954, 0.0, 0, 8.596491228070175)",8.89278752436647,8.89278752436647,0,16,0.009259259259259259,0.4351851851851852,0,0.012962962962962954,0.9629629629629629,0.5694444444444444
531,NSGA-II,multi-objective,rtp_violation_penalty>win_rate_shortfall_penalty>missing_jackpot_penalty>symbol_concentration_penalty,"(0.2962962962962954, 0.0, 0, 8.596491228070175)",8.89278752436647,8.89278752436647,0,16,0.009259259259259259,0.4351851851851852,0,0.012962962962962954,0.9629629629629629,0.5694444444444444
532,NSGA-II,multi-objective,rtp_violation_penalty>win_rate_shortfall_penalty>missing_jackpot_penalty>symbol_concentration_penalty,"(0.2962962962962954, 0.0, 0, 8.596491228070175)",8.89278752436647,8.89278752436647,0,16,0.009259259259259259,0.4351851851851852,0,0.012962962962962954,0.9629629629629629,0.5694444444444444
533,NSGA-II,multi-objective,rtp_violation_penalty>win_rate_shortfall_penalty>missing_jackpot_penalty>symbol_concentration_penalty,"(0.2962962962962954, 0.0, 0, 8.596491228070175)",8.89278752436647,8.89278752436647,0,16,0.009259259259259259,0.4351851851851852,0,0.012962962962962954,0.9629629629629629,0.5694444444444444
534,NSGA-II,multi-objective,rtp_violation_penalty>win_rate_shortfall_penalty>missing_jackpot_penalty>symbol_concentration_penalty,"(0.2962962962962954, 0.0, 0, 8.596491228070175)",8.89278752436647,8.89278752436647,0,16,0.009259259259259259,0.4351851851851852,0,0.012962962962962954,0.9629629629629629,0.5694444444444444
535,NSGA-II,multi-objective,rtp_violation_penalty>win_rate_shortfall_penalty>missing_jackpot_penalty>symbol_concentration_penalty,"(0.2962962962962954, 0.0, 0, 8.596491228070175)",8.89278752436647,8.89278752436647,0,16,0.009259259259259259,0.4351851851851852,0,0.012962962962962954,0.9629629629629629,0.5694444444444444
536,NSGA-II,multi-objective,rtp_violation_penalty>win_rate_shortfall_penalty>missing_jackpot_penalty>symbol_concentration_penalty,"(0.2962962962962954, 0.0, 0, 8.596491228070175)",8.89278752436647,8.89278752436647,0,16,0.009259259259259259,0.4351851851851852,0,0.012962962962962954,0.9629629629629629,0.5694444444444444
537,NSGA-II,multi-objective,rtp_violation_penalty>win_rate_shortfall_penalty>missing_jackpot_penalty>symbol_concentration_penalty,"(0.2962962962962954, 0.0, 0, 8.596491228070175)",8.89278752436647,8.89278752436647,0,16,0.009259259259259259,0.4351851851851852,0,0.012962962962962954,0.9629629629629629,0.5694444444444444
538,NSGA-II,multi-objective,rtp_violation_penalty>win_rate_shortfall_penalty>missing_jackpot_penalty>symbol_concentration_penalty,"(0.2962962962962954, 0.0, 0, 8.596491228070175)",8.89278752436647,8.89278752436647,0,16,0.009259259259259259,0.4351851851851852,0,0.012962962962962954,0.9629629629629629,0.5694444444444444
539,NSGA-II,multi-objective,rtp_violation_penalty>win_rate_shortfall_penalty>missing_jackpot_penalty>symbol_concentration_penalty,"(0.2962962962962954, 0.0, 0, 8.596491228070175)",8.89278752436647,8.89278752436647,0,16,0.009259259259259259,0.4351851851851852,0,0.012962962962962954,0.9629629629629629,0.5694444444444444
540,NSGA-II,multi-objective,rtp_violation_penalty>win_rate_shortfall_penalty>missing_jackpot_penalty>symbol_concentration_penalty,"(0.2962962962962954, 0.0, 0, 8.596491228070175)",8.89278752436647,8.89278752436647,0,16,0.009259259259259259,0.4351851851851852,0,0.012962962962962954,0.9629629629629629,0.5694444444444444
541,NSGA-II,multi-objective,rtp_violation_penalty>win_rate_shortfall_penalty>missing_jackpot_penalty>symbol_concentration_penalty,"(0.2962962962962954, 0.0, 0, 8.596491228070175)",8.89278752436647,8.89278752436647,0,16,0.009259259259259259,0.4351851851851852,0,0.012962962962962954,0.9629629629629629,0.5694444444444444
542,NSGA-II,multi-objective,rtp_violation_penalty>win_rate_shortfall_penalty>missing_jackpot_penalty>symbol_concentration_penalty,"(0.2962962962962954, 0.0, 0, 8.596491228070175)",8.89278752436647,8.89278752436647,0,16,0.009259259259259259,0.4351851851851852,0,0.012962962962962954,0.9629629629629629,0.5694444444444444
543,NSGA-II,multi-objective,rtp_violation_penalty>win_rate_shortfall_penalty>missing_jackpot_penalty>symbol_concentration_penalty,"(0.2962962962962954, 0.0, 0, 8.596491228070175)",8.89278752436647,8.89278752436647,0,16,0.009259259259259259,0.4351851851851852,0,0.012962962962962954,0.9629629629629629,0.5694444444444444
544,NSGA-II,multi-objective,rtp_violation_penalty>win_rate_shortfall_penalty>missing_jackpot_penalty>symbol_concentration_penalty,"(0.2962962962962954, 0.0, 0, 8.596491228070175)",8.89278752436647,8.89278752436647,0,16,0.009259259259259259,0.4351851851851852,0,0.012962962962962954,0.9629629629629629,0.5694444444444444
545,NSGA-II,multi-objective,rtp_violation_penalty>win_rate_shortfall_penalty>missing_jackpot_penalty>symbol_concentration_penalty,"(0.2962962962962954, 0.0, 0, 8.596491228070175)",8.89278752436647,8.89278752436647,0,16,0.009259259259259259,0.4351851851851852,0,0.012962962962962954,0.9629629629629629,0.5694444444444444
546,NSGA-II,multi-objective,rtp_violation_penalty>win_rate_shortfall_penalty>missing_jackpot_penalty>symbol_concentration_penalty,"(0.2962962962962954, 0.0, 0, 8.596491228070175)",8.89278752436647,8.89278752436647,0,16,0.009259259259259259,0.4351851851851852,0,0.012962962962962954,0.9629629629629629,0.5694444444444444
547,NSGA-II,multi-objective,rtp_violation_penalty>win_rate_shortfall_penalty>missing_jackpot_penalty>symbol_concentration_penalty,"(0.2962962962962954, 0.0, 0, 8.596491228070175)",8.89278752436647,8.89278752436647,0,16,0.009259259259259259,0.4351851851851852,0,0.012962962962962954,0.9629629629629629,0.5694444444444444
548,NSGA-II,multi-objective,rtp_violation_penalty>win_rate_shortfall_penalty>missing_jackpot_penalty>symbol_concentration_penalty,"(0.2962962962962954, 0.0, 0, 8.596491228070175)",8.89278752436647,8.89278752436647,0,16,0.009259259259259259,0.4351851851851852,0,0.012962962962962954,0.9629629629629629,0.5694444444444444
549,NSGA-II,multi-objective,rtp_violation_penalty>win_rate_shortfall_penalty>missing_jackpot_penalty>symbol_concentration_penalty,"(0.2962962962962954, 0.0, 0, 8.596491228070175)",8.89278752436647,8.89278752436647,0,16,0.009259259259259259,0.4351851851851852,0,0.012962962962962954,0.9629629629629629,0.5694444444444444
550,NSGA-II,multi-objective,rtp_violation_penalty>win_rate_shortfall_penalty>missing_jackpot_penalty>symbol_concentration_penalty,"(0.2962962962962954, 0.0, 0, 8.596491228070175)",8.89278752436647,8.89278752436647,0,16,0.009259259259259259,0.4351851851851852,0,0.012962962962962954,0.9629629629629629,0.5694444444444444
551,NSGA-II,multi-objective,rtp_violation_penalty>win_rate_shortfall_penalty>missing_jackpot_penalty>symbol_concentration_penalty,"(0.2962962962962954, 0.0, 0, 8.596491228070175)",8.89278752436647,8.89278752436647,0,16,0.009259259259259259,0.4351851851851852,0,0.012962962962962954,0.9629629629629629,0.5694444444444444
552,NSGA-II,multi-objective,rtp_violation_penalty>win_rate_shortfall_penalty>missing_jackpot_penalty>symbol_concentration_penalty,"(0.2962962962962954, 0.0, 0, 8.596491228070175)",8.89278752436647,8.89278752436647,0,16,0.009259259259259259,0.4351851851851852,0,0.012962962962962954,0.9629629629629629,0.5694444444444444
553,NSGA-II,multi-objective,rtp_violation_penalty>win_rate_shortfall_penalty>missing_jackpot_penalty>symbol_concentration_penalty,"(0.2962962962962954, 0.0, 0, 8.596491228070175)",8.89278752436647,8.89278752436647,0,16,0.009259259259259259,0.4351851851851852,0,0.012962962962962954,0.9629629629629629,0.5694444444444444
554,NSGA-II,multi-objective,rtp_violation_penalty>win_rate_shortfall_penalty>missing_jackpot_penalty>symbol_concentration_penalty,"(0.2962962962962954, 0.0, 0, 8.596491228070175)",8.89278752436647,8.89278752436647,0,16,0.009259259259259259,0.4351851851851852,0,0.012962962962962954,0.9629629629629629,0.5694444444444444
555,NSGA-II,multi-objective,rtp_violation_penalty>win_rate_shortfall_penalty>missing_jackpot_penalty>symbol_concentration_penalty,"(0.2962962962962954, 0.0, 0, 8.596491228070175)",8.89278752436647,8.89278752436647,0,16,0.009259259259259259,0.4351851851851852,0,0.012962962962962954,0.9629629629629629,0.5694444444444444
556,NSGA-II,multi-objective,rtp_violation_penalty>win_rate_shortfall_penalty>missing_jackpot_penalty>symbol_concentration_penalty,"(0.2962962962962954, 0.0, 0, 8.596491228070175)",8.89278752436647,8.89278752436647,0,16,0.009259259259259259,0.4351851851851852,0,0.012962962962962954,0.9629629629629629,0.5694444444444444
557,NSGA-II,multi-objective,rtp_violation_penalty>win_rate_shortfall_penalty>missing_jackpot_penalty>symbol_concentration_penalty,"(0.2962962962962954, 0.0, 0, 8.596491228070175)",8.89278752436647,8.89278752436647,0,16,0.009259259259259259,0.4351851851851852,0,0.012962962962962954,0.9629629629629629,0.5694444444444444
558,NSGA-II,multi-objective,rtp_violation_penalty>win_rate_shortfall_penalty>missing_jackpot_penalty>symbol_concentration_penalty,"(0.2962962962962954, 0.0, 0, 8.596491228070175)",8.89278752436647,8.89278752436647,0,16,0.009259259259259259,0.4351851851851852,0,0.012962962962962954,0.9629629629629629,0.5694444444444444
559,NSGA-II,multi-objective,rtp_violation_penalty>win_rate_shortfall_penalty>missing_jackpot_penalty>symbol_concentration_penalty,"(0.2962962962962954, 0.0, 0, 8.596491228070175)",8.89278752436647,8.89278752436647,0,16,0.009259259259259259,0.4351851851851852,0,0.012962962962962954,0.9629629629629629,0.5694444444444444
560,NSGA-II,multi-objective,rtp_violation_penalty>win_rate_shortfall_penalty>missing_jackpot_penalty>symbol_concentration_penalty,"(0.2962962962962954, 0.0, 0, 8.596491228070175)",8.89278752436647,8.89278752436647,0,16,0.009259259259259259,0.4351851851851852,0,0.012962962962962954,0.9629629629629629,0.5694444444444444
561,NSGA-II,multi-objective,rtp_violation_penalty>win_rate_shortfall_penalty>missing_jackpot_penalty>symbol_concentration_penalty,"(0.2962962962962954, 0.0, 0, 8.596491228070175)",8.89278752436647,8.89278752436647,0,16,0.009259259259259259,0.4351851851851852,0,0.012962962962962954,0.9629629629629629,0.5694444444444444
562,NSGA-II,multi-objective,rtp_violation_penalty>win_rate_shortfall_penalty>missing_jackpot_penalty>symbol_concentration_penalty,"(0.2962962962962954, 0.0, 0, 8.596491228070175)",8.89278752436647,8.89278752436647,0,16,0.009259259259259259,0.4351851851851852,0,0.012962962962962954,0.9629629629629629,0.5694444444444444
563,NSGA-II,multi-objective,rtp_violation_penalty>win_rate_shortfall_penalty>missing_jackpot_penalty>symbol_concentration_penalty,"(0.2962962962962954, 0.0, 0, 8.596491228070175)",8.89278752436647,8.89278752436647,0,16,0.009259259259259259,0.4351851851851852,0,0.012962962962962954,0.9629629629629629,0.5694444444444444
564,NSGA-II,multi-objective,rtp_violation_penalty>win_rate_shortfall_penalty>missing_jackpot_penalty>symbol_concentration_penalty,"(0.2962962962962954, 0.0, 0, 8.596491228070175)",8.89278752436647,8.89278752436647,0,16,0.009259259259259259,0.4351851851851852,0,0.012962962962962954,0.9629629629629629,0.5694444444444444
565,NSGA-II,multi-objective,rtp_violation_penalty>win_rate_shortfall_penalty>missing_jackpot_penalty>symbol_concentration_penalty,"(0.2962962962962954, 0.0, 0, 8.596491228070175)",8.89278752436647,8.89278752436647,0,16,0.009259259259259259,0.4351851851851852,0,0.012962962962962954,0.9629629629629629,0.5694444444444444
566,NSGA-II,multi-objective,rtp_violation_penalty>win_rate_shortfall_penalty>missing_jackpot_penalty>symbol_concentration_penalty,"(0.2962962962962954, 0.0, 0, 8.596491228070175)",8.89278752436647,8.89278752436647,0,16,0.009259259259259259,0.4351851851851852,0,0.012962962962962954,0.9629629629629629,0.5694444444444444
567,NSGA-II,multi-objective,rtp_violation_penalty>win_rate_shortfall_penalty>missing_jackpot_penalty>symbol_concentration_penalty,"(0.2962962962962954, 0.0, 0, 8.596491228070175)",8.89278752436647,8.89278752436647,0,16,0.009259259259259259,0.4351851851851852,0,0.012962962962962954,0.9629629629629629,0.5694444444444444
568,NSGA-II,multi-objective,rtp_violation_penalty>win_rate_shortfall_penalty>missing_jackpot_penalty>symbol_concentration_penalty,"(0.2962962962962954, 0.0, 0, 8.596491228070175)",8.89278752436647,8.89278752436647,0,16,0.009259259259259259,0.4351851851851852,0,0.012962962962962954,0.9629629629629629,0.5694444444444444
569,NSGA-II,multi-objective,rtp_violation_penalty>win_rate_shortfall_penalty>missing_jackpot_penalty>symbol_concentration_penalty,"(0.2962962962962954, 0.0, 0, 8.596491228070175)",8.89278752436647,8.89278752436647,0,16,0.009259259259259259,0.4351851851851852,0,0.012962962962962954,0.9629629629629629,0.5694444444444444
570,NSGA-II,multi-objective,rtp_violation_penalty>win_rate_shortfall_penalty>missing_jackpot_penalty>symbol_concentration_penalty,"(0.2962962962962954, 0.0, 0, 8.596491228070175)",8.89278752436647,8.89278752436647,0,16,0.009259259259259259,0.4351851851851852,0,0.012962962962962954,0.9629629629629629,0.5694444444444444
571,NSGA-II,multi-objective,rtp_violation_penalty>win_rate_shortfall_penalty>missing_jackpot_penalty>symbol_concentration_penalty,"(0.2962962962962954, 0.0, 0, 8.596491228070175)",8.89278752436647,8.89278752436647,0,16,0.009259259259259259,0.4351851851851852,0,0.012962962962962954,0.9629629629629629,0.5694444444444444
572,NSGA-II,multi-objective,rtp_violation_penalty>win_rate_shortfall_penalty>missing_jackpot_penalty>symbol_concentration_penalty,"(0.2962962962962954, 0.0, 0, 8.596491228070175)",8.89278752436647,8.89278752436647,0,16,0.009259259259259259,0.4351851851851852,0,0.012962962962962954,0.9629629629629629,0.5694444444444444
573,NSGA-II,multi-objective,rtp_violation_penalty>win_rate_shortfall_penalty>missing_jackpot_penalty>symbol_concentration_penalty,"(0.2962962962962954, 0.0, 0, 8.596491228070175)",8.89278752436647,8.89278752436647,0,16,0.009259259259259259,0.4351851851851852,0,0.012962962962962954,0.9629629629629629,0.5694444444444444
574,NSGA-II,multi-objective,rtp_violation_penalty>win_rate_shortfall_penalty>missing_jackpot_penalty>symbol_concentration_penalty,"(0.2962962962962954, 0.0, 0, 8.596491228070175)",8.89278752436647,8.89278752436647,0,16,0.009259259259259259,0.4351851851851852,0,0.012962962962962954,0.9629629629629629,0.5694444444444444
575,NSGA-II,multi-objective,rtp_violation_penalty>win_rate_shortfall_penalty>missing_jackpot_penalty>symbol_concentration_penalty,"(0.2962962962962954, 0.0, 0, 8.596491228070175)",8.89278752436647,8.89278752436647,0,16,0.009259259259259259,0.4351851851851852,0,0.012962962962962954,0.9629629629629629,0.5694444444444444
576,NSGA-II,multi-objective,rtp_violation_penalty>win_rate_shortfall_penalty>missing_jackpot_penalty>symbol_concentration_penalty,"(0.2962962962962954, 0.0, 0, 8.596491228070175)",8.89278752436647,8.89278752436647,0,16,0.009259259259259259,0.4351851851851852,0,0.012962962962962954,0.9629629629629629,0.5694444444444444
577,NSGA-II,multi-objective,rtp_violation_penalty>win_rate_shortfall_penalty>missing_jackpot_penalty>symbol_concentration_penalty,"(0.2962962962962954, 0.0, 0, 8.596491228070175)",8.89278752436647,8.89278752436647,0,16,0.009259259259259259,0.4351851851851852,0,0.012962962962962954,0.9629629629629629,0.5694444444444444
578,NSGA-II,multi-objective,rtp_violation_penalty>win_rate_shortfall_penalty>missing_jackpot_penalty>symbol_concentration_penalty,"(0.2962962962962954, 0.0, 0, 8.596491228070175)",8.89278752436647,8.89278752436647,0,16,0.009259259259259259,0.4351851851851852,0,0.012962962962962954,0.9629629629629629,0.5694444444444444
579,NSGA-II,multi-objective,rtp_violation_penalty>win_rate_shortfall_penalty>missing_jackpot_penalty>symbol_concentration_penalty,"(0.2962962962962954, 0.0, 0, 8.596491228070175)",8.89278752436647,8.89278752436647,0,16,0.009259259259259259,0.4351851851851852,0,0.012962962962962954,0.9629629629629629,0.5694444444444444
580,NSGA-II,multi-objective,rtp_violation_penalty>win_rate_shortfall_penalty>missing_jackpot_penalty>symbol_concentration_penalty,"(0.2962962962962954, 0.0, 0, 8.596491228070175)",8.89278752436647,8.89278752436647,0,16,0.009259259259259259,0.4351851851851852,0,0.012962962962962954,0.9629629629629629,0.5694444444444444
581,NSGA-II,multi-objective,rtp_violation_penalty>win_rate_shortfall_penalty>missing_jackpot_penalty>symbol_concentration_penalty,"(0.2962962962962954, 0.0, 0, 8.596491228070175)",8.89278752436647,8.89278752436647,0,16,0.009259259259259259,0.4351851851851852,0,0.012962962962962954,0.9629629629629629,0.5694444444444444
582,NSGA-II,multi-objective,rtp_violation_penalty>win_rate_shortfall_penalty>missing_jackpot_penalty>symbol_concentration_penalty,"(0.2962962962962954, 0.0, 0, 8.596491228070175)",8.89278752436647,8.89278752436647,0,16,0.009259259259259259,0.4351851851851852,0,0.012962962962962954,0.9629629629629629,0.5694444444444444
583,NSGA-II,multi-objective,rtp_violation_penalty>win_rate_shortfall_penalty>missing_jackpot_penalty>symbol_concentration_penalty,"(0.2962962962962954, 0.0, 0, 8.596491228070175)",8.89278752436647,8.89278752436647,0,16,0.009259259259259259,0.4351851851851852,0,0.012962962962962954,0.9629629629629629,0.5694444444444444
584,NSGA-II,multi-objective,rtp_violation_penalty>win_rate_shortfall_penalty>missing_jackpot_penalty>symbol_concentration_penalty,"(0.2962962962962954, 0.0, 0, 8.596491228070175)",8.89278752436647,8.89278752436647,0,16,0.009259259259259259,0.4351851851851852,0,0.012962962962962954,0.9629629629629629,0.5694444444444444
585,NSGA-II,multi-objective,rtp_violation_penalty>win_rate_shortfall_penalty>missing_jackpot_penalty>symbol_concentration_penalty,"(0.2962962962962954, 0.0, 0, 8.596491228070175)",8.89278752436647,8.89278752436647,0,16,0.009259259259259259,0.4351851851851852,0,0.012962962962962954,0.9629629629629629,0.5694444444444444
586,NSGA-II,multi-objective,rtp_violation_penalty>win_rate_shortfall_penalty>missing_jackpot_penalty>symbol_concentration_penalty,"(0.2962962962962954, 0.0, 0, 8.596491228070175)",8.89278752436647,8.89278752436647,0,16,0.009259259259259259,0.4351851851851852,0,0.012962962962962954,0.9629629629629629,0.5694444444444444
587,NSGA-II,multi-objective,rtp_violation_penalty>win_rate_shortfall_penalty>missing_jackpot_penalty>symbol_concentration_penalty,"(0.2962962962962954, 0.0, 0, 8.596491228070175)",8.89278752436647,8.89278752436647,0,16,0.009259259259259259,0.4351851851851852,0,0.012962962962962954,0.9629629629629629,0.5694444444444444
588,NSGA-II,multi-objective,rtp_violation_penalty>win_rate_shortfall_penalty>missing_jackpot_penalty>symbol_concentration_penalty,"(0.2962962962962954, 0.0, 0, 8.596491228070175)",8.89278752436647,8.89278752436647,0,16,0.009259259259259259,0.4351851851851852,0,0.012962962962962954,0.9629629629629629,0.5694444444444444
589,NSGA-II,multi-objective,rtp_violation_penalty>win_rate_shortfall_penalty>missing_jackpot_penalty>symbol_concentration_penalty,"(0.2962962962962954, 0.0, 0, 8.596491228070175)",8.89278752436647,8.89278752436647,0,16,0.009259259259259259,0.4351851851851852,0,0.012962962962962954,0.9629629629629629,0.5694444444444444
590,NSGA-II,multi-objective,rtp_violation_penalty>win_rate_shortfall_penalty>missing_jackpot_penalty>symbol_concentration_penalty,"(0.2962962962962954, 0.0, 0, 8.596491228070175)",8.89278752436647,8.89278752436647,0,16,0.009259259259259259,0.4351851851851852,0,0.012962962962962954,0.9629629629629629,0.5694444444444444
591,NSGA-II,multi-objective,rtp_violation_penalty>win_rate_shortfall_penalty>missing_jackpot_penalty>symbol_concentration_penalty,"(0.2962962962962954, 0.0, 0, 8.596491228070175)",8.89278752436647,8.89278752436647,0,16,0.009259259259259259,0.4351851851851852,0,0.012962962962962954,0.9629629629629629,0.5694444444444444
592,NSGA-II,multi-objective,rtp_violation_penalty>win_rate_shortfall_penalty>missing_jackpot_penalty>symbol_concentration_penalty,"(0.2962962962962954, 0.0, 0, 8.596491228070175)",8.89278752436647,8.89278752436647,0,16,0.009259259259259259,0.4351851851851852,0,0.012962962962962954,0.9629629629629629,0.5694444444444444
593,NSGA-II,multi-objective,rtp_violation_penalty>win_rate_shortfall_penalty>missing_jackpot_penalty>symbol_concentration_penalty,"(0.2962962962962954, 0.0, 0, 8.596491228070175)",8.89278752436647,8.89278752436647,0,16,0.009259259259259259,0.4351851851851852,0,0.012962962962962954,0.9629629629629629,0.5694444444444444
594,NSGA-II,multi-objective,rtp_violation_penalty>win_rate_shortfall_penalty>missing_jackpot_penalty>symbol_concentration_penalty,"(0.2962962962962954, 0.0, 0, 8.596491228070175)",8.89278752436647,8.89278752436647,0,16,0.009259259259259259,0.4351851851851852,0,0.012962962962962954,0.9629629629629629,0.5694444444444444
595,NSGA-II,multi-objective,rtp_violation_penalty>win_rate_shortfall_penalty>missing_jackpot_penalty>symbol_concentration_penalty,"(0.2962962962962954, 0.0, 0, 8.596491228070175)",8.89278752436647,8.89278752436647,0,16,0.009259259259259259,0.4351851851851852,0,0.012962962962962954,0.9629629629629629,0.5694444444444444
596,NSGA-II,multi-objective,rtp_violation_penalty>win_rate_shortfall_penalty>missing_jackpot_penalty>symbol_concentration_penalty,"(0.2962962962962954, 0.0, 0, 8.596491228070175)",8.89278752436647,8.89278752436647,0,16,0.009259259259259259,0.4351851851851852,0,0.012962962962962954,0.9629629629629629,0.5694444444444444
597,NSGA-II,multi-objective,rtp_violation_penalty>win_rate_shortfall_penalty>missing_jackpot_penalty>symbol_concentration_penalty,"(0.2962962962962954, 0.0, 0, 8.596491228070175)",8.89278752436647,8.89278752436647,0,16,0.009259259259259259,0.4351851851851852,0,0.012962962962962954,0.9629629629629629,0.5694444444444444
598,NSGA-II,multi-objective,rtp_violation_penalty>win_rate_shortfall_penalty>missing_jackpot_penalty>symbol_concentration_penalty,"(0.2962962962962954, 0.0, 0, 8.596491228070175)",8.89278752436647,8.89278752436647,0,16,0.009259259259259259,0.4351851851851852,0,0.012962962962962954,0.9629629629629629,0.5694444444444444
599,NSGA-II,multi-objective,rtp_violation_penalty>win_rate_shortfall_penalty>missing_jackpot_penalty>symbol_concentration_penalty,"(0.2962962962962954, 0.0, 0, 8.596491228070175)",8.89278752436647,8.89278752436647,0,16,0.009259259259259259,0.4351851851851852,0,0.012962962962962954,0.9629629629629629,0.5694444444444444
600,NSGA-II,multi-objective,rtp_violation_penalty>win_rate_shortfall_penalty>missing_jackpot_penalty>symbol_concentration_penalty,"(0.2962962962962954, 0.0, 0, 8.596491228070175)",8.89278752436647,8.89278752436647,0,16,0.009259259259259259,0.4351851851851852,0,0.012962962962962954,0.9629629629629629,0.5694444444444444
601,NSGA-II,multi-objective,rtp_violation_penalty>win_rate_shortfall_penalty>missing_jackpot_penalty>symbol_concentration_penalty,"(0.2962962962962954, 0.0, 0, 8.596491228070175)",8.89278752436647,8.89278752436647,0,16,0.009259259259259259,0.4351851851851852,0,0.012962962962962954,0.9629629629629629,0.5694444444444444
602,NSGA-II,multi-objective,rtp_violation_penalty>win_rate_shortfall_penalty>missing_jackpot_penalty>symbol_concentration_penalty,"(0.2962962962962954, 0.0, 0, 8.596491228070175)",8.89278752436647,8.89278752436647,0,16,0.009259259259259259,0.4351851851851852,0,0.012962962962962954,0.9629629629629629,0.5694444444444444
603,NSGA-II,multi-objective,rtp_violation_penalty>win_rate_shortfall_penalty>missing_jackpot_penalty>symbol_concentration_penalty,"(0.2962962962962954, 0.0, 0, 8.596491228070175)",8.89278752436647,8.89278752436647,0,16,0.009259259259259259,0.4351851851851852,0,0.012962962962962954,0.9629629629629629,0.5694444444444444
604,NSGA-II,multi-objective,rtp_violation_penalty>win_rate_shortfall_penalty>missing_jackpot_penalty>symbol_concentration_penalty,"(0.2962962962962954, 0.0, 0, 8.596491228070175)",8.89278752436647,8.89278752436647,0,16,0.009259259259259259,0.4351851851851852,0,0.012962962962962954,0.9629629629629629,0.5694444444444444
605,NSGA-II,multi-objective,rtp_violation_penalty>win_rate_shortfall_penalty>missing_jackpot_penalty>symbol_concentration_penalty,"(0.2962962962962954, 0.0, 0, 8.596491228070175)",8.89278752436647,8.89278752436647,0,16,0.009259259259259259,0.4351851851851852,0,0.012962962962962954,0.9629629629629629,0.5694444444444444
606,NSGA-II,multi-objective,rtp_violation_penalty>win_rate_shortfall_penalty>missing_jackpot_penalty>symbol_concentration_penalty,"(0.2962962962962954, 0.0, 0, 8.596491228070175)",8.89278752436647,8.89278752436647,0,16,0.009259259259259259,0.4351851851851852,0,0.012962962962962954,0.9629629629629629,0.5694444444444444
607,NSGA-II,multi-objective,rtp_violation_penalty>win_rate_shortfall_penalty>missing_jackpot_penalty>symbol_concentration_penalty,"(0.2962962962962954, 0.0, 0, 8.596491228070175)",8.89278752436647,8.89278752436647,0,16,0.009259259259259259,0.4351851851851852,0,0.012962962962962954,0.9629629629629629,0.5694444444444444
608,NSGA-II,multi-objective,rtp_violation_penalty>win_rate_shortfall_penalty>missing_jackpot_penalty>symbol_concentration_penalty,"(0.2962962962962954, 0.0, 0, 8.596491228070175)",8.89278752436647,8.89278752436647,0,16,0.009259259259259259,0.4351851851851852,0,0.012962962962962954,0.9629629629629629,0.5694444444444444
609,NSGA-II,multi-objective,rtp_violation_penalty>win_rate_shortfall_penalty>missing_jackpot_penalty>symbol_concentration_penalty,"(0.2962962962962954, 0.0, 0, 8.596491228070175)",8.89278752436647,8.89278752436647,0,16,0.009259259259259259,0.4351851851851852,0,0.012962962962962954,0.9629629629629629,0.5694444444444444
610,NSGA-II,multi-objective,rtp_violation_penalty>win_rate_shortfall_penalty>missing_jackpot_penalty>symbol_concentration_penalty,"(0.2962962962962954, 0.0, 0, 8.596491228070175)",8.89278752436647,8.89278752436647,0,16,0.009259259259259259,0.4351851851851852,0,0.012962962962962954,0.9629629629629629,0.5694444444444444
611,NSGA-II,multi-objective,rtp_violation_penalty>win_rate_shortfall_penalty>missing_jackpot_penalty>symbol_concentration_penalty,"(0.2962962962962954, 0.0, 0, 8.596491228070175)",8.89278752436647,8.89278752436647,0,16,0.009259259259259259,0.4351851851851852,0,0.012962962962962954,0.9629629629629629,0.5694444444444444
612,NSGA-II,multi-objective,rtp_violation_penalty>win_rate_shortfall_penalty>missing_jackpot_penalty>symbol_concentration_penalty,"(0.2962962962962954, 0.0, 0, 8.596491228070175)",8.89278752436647,8.89278752436647,0,16,0.009259259259259259,0.4351851851851852,0,0.012962962962962954,0.9629629629629629,0.5694444444444444
613,NSGA-II,multi-objective,rtp_violation_penalty>win_rate_shortfall_penalty>missing_jackpot_penalty>symbol_concentration_penalty,"(0.2962962962962954, 0.0, 0, 8.596491228070175)",8.89278752436647,8.89278752436647,0,16,0.009259259259259259,0.4351851851851852,0,0.012962962962962954,0.9629629629629629,0.5694444444444444
614,NSGA-II,multi-objective,rtp_violation_penalty>win_rate_shortfall_penalty>missing_jackpot_penalty>symbol_concentration_penalty,"(0.2962962962962954, 0.0, 0, 8.596491228070175)",8.89278752436647,8.89278752436647,0,16,0.009259259259259259,0.4351851851851852,0,0.012962962962962954,0.9629629629629629,0.5694444444444444
615,NSGA-II,multi-objective,rtp_violation_penalty>win_rate_shortfall_penalty>missing_jackpot_penalty>symbol_concentration_penalty,"(0.2962962962962954, 0.0, 0, 8.596491228070175)",8.89278752436647,8.89278752436647,0,16,0.009259259259259259,0.4351851851851852,0,0.012962962962962954,0.9629629629629629,0.5694444444444444
616,NSGA-II,multi-objective,rtp_violation_penalty>win_rate_shortfall_penalty>missing_jackpot_penalty>symbol_concentration_penalty,"(0.2962962962962954, 0.0, 0, 8.596491228070175)",8.89278752436647,8.89278752436647,0,16,0.009259259259259259,0.4351851851851852,0,0.012962962962962954,0.9629629629629629,0.5694444444444444
617,NSGA-II,multi-objective,rtp_violation_penalty>win_rate_shortfall_penalty>missing_jackpot_penalty>symbol_concentration_penalty,"(0.2962962962962954, 0.0, 0, 8.596491228070175)",8.89278752436647,8.89278752436647,0,16,0.009259259259259259,0.4351851851851852,0,0.012962962962962954,0.9629629629629629,0.5694444444444444
618,NSGA-II,multi-objective,rtp_violation_penalty>win_rate_shortfall_penalty>missing_jackpot_penalty>symbol_concentration_penalty,"(0.2962962962962954, 0.0, 0, 8.596491228070175)",8.89278752436647,8.89278752436647,0,16,0.009259259259259259,0.4351851851851852,0,0.012962962962962954,0.9629629629629629,0.5694444444444444
619,NSGA-II,multi-objective,rtp_violation_penalty>win_rate_shortfall_penalty>missing_jackpot_penalty>symbol_concentration_penalty,"(0.2962962962962954, 0.0, 0, 8.596491228070175)",8.89278752436647,8.89278752436647,0,16,0.009259259259259259,0.4351851851851852,0,0.012962962962962954,0.9629629629629629,0.5694444444444444
620,NSGA-II,multi-objective,rtp_violation_penalty>win_rate_shortfall_penalty>missing_jackpot_penalty>symbol_concentration_penalty,"(0.2962962962962954, 0.0, 0, 8.596491228070175)",8.89278752436647,8.89278752436647,0,16,0.009259259259259259,0.4351851851851852,0,0.012962962962962954,0.9629629629629629,0.5694444444444444
621,NSGA-II,multi-objective,rtp_violation_penalty>win_rate_shortfall_penalty>missing_jackpot_penalty>symbol_concentration_penalty,"(0.2962962962962954, 0.0, 0, 8.596491228070175)",8.89278752436647,8.89278752436647,0,16,0.009259259259259259,0.4351851851851852,0,0.012962962962962954,0.9629629629629629,0.5694444444444444
622,NSGA-II,multi-objective,rtp_violation_penalty>win_rate_shortfall_penalty>missing_jackpot_penalty>symbol_concentration_penalty,"(0.2962962962962954, 0.0, 0, 8.596491228070175)",8.89278752436647,8.89278752436647,0,16,0.009259259259259259,0.4351851851851852,0,0.012962962962962954,0.9629629629629629,0.5694444444444444
623,NSGA-II,multi-objective,rtp_violation_penalty>win_rate_shortfall_penalty>missing_jackpot_penalty>symbol_concentration_penalty,"(0.2962962962962954, 0.0, 0, 8.596491228070175)",8.89278752436647,8.89278752436647,0,16,0.009259259259259259,0.4351851851851852,0,0.012962962962962954,0.9629629629629629,0.5694444444444444
624,NSGA-II,multi-objective,rtp_violation_penalty>win_rate_shortfall_penalty>missing_jackpot_penalty>symbol_concentration_penalty,"(0.2962962962962954, 0.0, 0, 8.596491228070175)",8.89278752436647,8.89278752436647,0,16,0.009259259259259259,0.4351851851851852,0,0.012962962962962954,0.9629629629629629,0.5694444444444444
625,NSGA-II,multi-objective,rtp_violation_penalty>win_rate_shortfall_penalty>missing_jackpot_penalty>symbol_concentration_penalty,"(0.2962962962962954, 0.0, 0, 8.596491228070175)",8.89278752436647,8.89278752436647,0,16,0.009259259259259259,0.4351851851851852,0,0.012962962962962954,0.9629629629629629,0.5694444444444444
626,NSGA-II,multi-objective,rtp_violation_penalty>win_rate_shortfall_penalty>missing_jackpot_penalty>symbol_concentration_penalty,"(0.2962962962962954, 0.0, 0, 8.596491228070175)",8.89278752436647,8.89278752436647,0,16,0.009259259259259259,0.4351851851851852,0,0.012962962962962954,0.9629629629629629,0.5694444444444444
627,NSGA-II,multi-objective,rtp_violation_penalty>win_rate_shortfall_penalty>missing_jackpot_penalty>symbol_concentration_penalty,"(0.2962962962962954, 0.0, 0, 8.596491228070175)",8.89278752436647,8.89278752436647,0,16,0.009259259259259259,0.4351851851851852,0,0.012962962962962954,0.9629629629629629,0.5694444444444444
628,NSGA-II,multi-objective,rtp_violation_penalty>win_rate_shortfall_penalty>missing_jackpot_penalty>symbol_concentration_penalty,"(0.2962962962962954, 0.0, 0, 8.596491228070175)",8.89278752436647,8.89278752436647,0,16,0.009259259259259259,0.4351851851851852,0,0.012962962962962954,0.9629629629629629,0.5694444444444444
629,NSGA-II,multi-objective,rtp_violation_penalty>win_rate_shortfall_penalty>missing_jackpot_penalty>symbol_concentration_penalty,"(0.2962962962962954, 0.0, 0, 8.596491228070175)",8.89278752436647,8.89278752436647,0,16,0.009259259259259259,0.4351851851851852,0,0.012962962962962954,0.9629629629629629,0.5694444444444444
630,NSGA-II,multi-objective,rtp_violation_penalty>win_rate_shortfall_penalty>missing_jackpot_penalty>symbol_concentration_penalty,"(0.2962962962962954, 0.0, 0, 8.596491228070175)",8.89278752436647,8.89278752436647,0,16,0.009259259259259259,0.4351851851851852,0,0.012962962962962954,0.9629629629629629,0.5694444444444444
631,NSGA-II,multi-objective,rtp_violation_penalty>win_rate_shortfall_penalty>missing_jackpot_penalty>symbol_concentration_penalty,"(0.2962962962962954, 0.0, 0, 8.596491228070175)",8.89278752436647,8.89278752436647,0,16,0.009259259259259259,0.4351851851851852,0,0.012962962962962954,0.9629629629629629,0.5694444444444444
632,NSGA-II,multi-objective,rtp_violation_penalty>win_rate_shortfall_penalty>missing_jackpot_penalty>symbol_concentration_penalty,"(0.2962962962962954, 0.0, 0, 8.596491228070175)",8.89278752436647,8.89278752436647,0,16,0.009259259259259259,0.4351851851851852,0,0.012962962962962954,0.9629629629629629,0.5694444444444444
633,NSGA-II,multi-objective,rtp_violation_penalty>win_rate_shortfall_penalty>missing_jackpot_penalty>symbol_concentration_penalty,"(0.2962962962962954, 0.0, 0, 8.596491228070175)",8.89278752436647,8.89278752436647,0,16,0.009259259259259259,0.4351851851851852,0,0.012962962962962954,0.9629629629629629,0.5694444444444444
634,NSGA-II,multi-objective,rtp_violation_penalty>win_rate_shortfall_penalty>missing_jackpot_penalty>symbol_concentration_penalty,"(0.2962962962962954, 0.0, 0, 8.596491228070175)",8.89278752436647,8.89278752436647,0,16,0.009259259259259259,0.4351851851851852,0,0.012962962962962954,0.9629629629629629,0.5694444444444444
635,NSGA-II,multi-objective,rtp_violation_penalty>win_rate_shortfall_penalty>missing_jackpot_penalty>symbol_concentration_penalty,"(0.2962962962962954, 0.0, 0, 8.596491228070175)",8.89278752436647,8.89278752436647,0,16,0.009259259259259259,0.4351851851851852,0,0.012962962962962954,0.9629629629629629,0.5694444444444444
636,NSGA-II,multi-objective,rtp_violation_penalty>win_rate_shortfall_penalty>missing_jackpot_penalty>symbol_concentration_penalty,"(0.2962962962962954, 0.0, 0, 8.596491228070175)",8.89278752436647,8.89278752436647,0,16,0.009259259259259259,0.4351851851851852,0,0.012962962962962954,0.9629629629629629,0.5694444444444444
637,NSGA-II,multi-objective,rtp_violation_penalty>win_rate_shortfall_penalty>missing_jackpot_penalty>symbol_concentration_penalty,"(0.2962962962962954, 0.0, 0, 8.596491228070175)",8.89278752436647,8.89278752436647,0,16,0.009259259259259259,0.4351851851851852,0,0.012962962962962954,0.9629629629629629,0.5694444444444444
638,NSGA-II,multi-objective,rtp_violation_penalty>win_rate_shortfall_penalty>missing_jackpot_penalty>symbol_concentration_penalty,"(0.2962962962962954, 0.0, 0, 8.596491228070175)",8.89278752436647,8.89278752436647,0,16,0.009259259259259259,0.4351851851851852,0,0.012962962962962954,0.9629629629629629,0.5694444444444444
639,NSGA-II,multi-objective,rtp_violation_penalty>win_rate_shortfall_penalty>missing_jackpot_penalty>symbol_concentration_penalty,"(0.2962962962962954, 0.0, 0, 8.596491228070175)",8.89278752436647,8.89278752436647,0,16,0.009259259259259259,0.4351851851851852,0,0.012962962962962954,0.9629629629629629,0.5694444444444444
640,NSGA-II,multi-objective,rtp_violation_penalty>win_rate_shortfall_penalty>missing_jackpot_penalty>symbol_concentration_penalty,"(0.2962962962962954, 0.0, 0, 8.596491228070175)",8.89278752436647,8.89278752436647,0,16,0.009259259259259259,0.4351851851851852,0,0.012962962962962954,0.9629629629629629,0.5694444444444444
641,NSGA-II,multi-objective,rtp_violation_penalty>win_rate_shortfall_penalty>missing_jackpot_penalty>symbol_concentration_penalty,"(0.2962962962962954, 0.0, 0, 8.596491228070175)",8.89278752436647,8.89278752436647,0,16,0.009259259259259259,0.4351851851851852,0,0.012962962962962954,0.9629629629629629,0.5694444444444444
642,NSGA-II,multi-objective,rtp_violation_penalty>win_rate_shortfall_penalty>missing_jackpot_penalty>symbol_concentration_penalty,"(0.2962962962962954, 0.0, 0, 8.596491228070175)",8.89278752436647,8.89278752436647,0,16,0.009259259259259259,0.4351851851851852,0,0.012962962962962954,0.9629629629629629,0.5694444444444444
643,NSGA-II,multi-objective,rtp_violation_penalty>win_rate_shortfall_penalty>missing_jackpot_penalty>symbol_concentration_penalty,"(0.2962962962962954, 0.0, 0, 8.596491228070175)",8.89278752436647,8.89278752436647,0,16,0.009259259259259259,0.4351851851851852,0,0.012962962962962954,0.9629629629629629,0.5694444444444444
644,NSGA-II,multi-objective,rtp_violation_penalty>win_rate_shortfall_penalty>missing_jackpot_penalty>symbol_concentration_penalty,"(0.2962962962962954, 0.0, 0, 8.596491228070175)",8.89278752436647,8.89278752436647,0,16,0.009259259259259259,0.4351851851851852,0,0.012962962962962954,0.9629629629629629,0.5694444444444444
645,NSGA-II,multi-objective,rtp_violation_penalty>win_rate_shortfall_penalty>missing_jackpot_penalty>symbol_concentration_penalty,"(0.2962962962962954, 0.0, 0, 8.596491228070175)",8.89278752436647,8.89278752436647,0,16,0.009259259259259259,0.4351851851851852,0,0.012962962962962954,0.9629629629629629,0.5694444444444444
646,NSGA-II,multi-objective,rtp_violation_penalty>win_rate_shortfall_penalty>missing_jackpot_penalty>symbol_concentration_penalty,"(0.2962962962962954, 0.0, 0, 8.596491228070175)",8.89278752436647,8.89278752436647,0,16,0.009259259259259259,0.4351851851851852,0,0.012962962962962954,0.9629629629629629,0.5694444444444444
647,NSGA-II,multi-objective,rtp_violation_penalty>win_rate_shortfall_penalty>missing_jackpot_penalty>symbol_concentration_penalty,"(0.2962962962962954, 0.0, 0, 8.596491228070175)",8.89278752436647,8.89278752436647,0,16,0.009259259259259259,0.4351851851851852,0,0.012962962962962954,0.9629629629629629,0.5694444444444444
648,NSGA-II,multi-objective,rtp_violation_penalty>win_rate_shortfall_penalty>missing_jackpot_penalty>symbol_concentration_penalty,"(0.2962962962962954, 0.0, 0, 8.596491228070175)",8.89278752436647,8.89278752436647,0,16,0.009259259259259259,0.4351851851851852,0,0.012962962962962954,0.9629629629629629,0.5694444444444444
649,NSGA-II,multi-objective,rtp_violation_penalty>win_rate_shortfall_penalty>missing_jackpot_penalty>symbol_concentration_penalty,"(0.2962962962962954, 0.0, 0, 8.596491228070175)",8.89278752436647,8.89278752436647,0,16,0.009259259259259259,0.4351851851851852,0,0.012962962962962954,0.9629629629629629,0.5694444444444444
650,NSGA-II,multi-objective,rtp_violation_penalty>win_rate_shortfall_penalty>missing_jackpot_penalty>symbol_concentration_penalty,"(0.2962962962962954, 0.0, 0, 8.596491228070175)",8.89278752436647,8.89278752436647,0,16,0.009259259259259259,0.4351851851851852,0,0.012962962962962954,0.9629629629629629,0.5694444444444444
651,NSGA-II,multi-objective,rtp_violation_penalty>win_rate_shortfall_penalty>missing_jackpot_penalty>symbol_concentration_penalty,"(0.2962962962962954, 0.0, 0, 8.596491228070175)",8.89278752436647,8.89278752436647,0,16,0.009259259259259259,0.4351851851851852,0,0.012962962962962954,0.9629629629629629,0.5694444444444444
652,NSGA-II,multi-objective,rtp_violation_penalty>win_rate_shortfall_penalty>missing_jackpot_penalty>symbol_concentration_penalty,"(0.2962962962962954, 0.0, 0, 8.596491228070175)",8.89278752436647,8.89278752436647,0,16,0.009259259259259259,0.4351851851851852,0,0.012962962962962954,0.9629629629629629,0.5694444444444444
653,NSGA-II,multi-objective,rtp_violation_penalty>win_rate_shortfall_penalty>missing_jackpot_penalty>symbol_concentration_penalty,"(0.2962962962962954, 0.0, 0, 8.596491228070175)",8.89278752436647,8.89278752436647,0,16,0.009259259259259259,0.4351851851851852,0,0.012962962962962954,0.9629629629629629,0.5694444444444444
654,NSGA-II,multi-objective,rtp_violation_penalty>win_rate_shortfall_penalty>missing_jackpot_penalty>symbol_concentration_penalty,"(0.2962962962962954, 0.0, 0, 8.596491228070175)",8.89278752436647,8.89278752436647,0,16,0.009259259259259259,0.4351851851851852,0,0.012962962962962954,0.9629629629629629,0.5694444444444444
655,NSGA-II,multi-objective,rtp_violation_penalty>win_rate_shortfall_penalty>missing_jackpot_penalty>symbol_concentration_penalty,"(0.2962962962962954, 0.0, 0, 8.596491228070175)",8.89278752436647,8.89278752436647,0,16,0.009259259259259259,0.4351851851851852,0,0.012962962962962954,0.9629629629629629,0.5694444444444444
656,NSGA-II,multi-objective,rtp_violation_penalty>win_rate_shortfall_penalty>missing_jackpot_penalty>symbol_concentration_penalty,"(0.2962962962962954, 0.0, 0, 8.596491228070175)",8.89278752436647,8.89278752436647,0,16,0.009259259259259259,0.4351851851851852,0,0.012962962962962954,0.9629629629629629,0.5694444444444444
657,NSGA-II,multi-objective,rtp_violation_penalty>win_rate_shortfall_penalty>missing_jackpot_penalty>symbol_concentration_penalty,"(0.2962962962962954, 0.0, 0, 8.596491228070175)",8.89278752436647,8.89278752436647,0,16,0.009259259259259259,0.4351851851851852,0,0.012962962962962954,0.9629629629629629,0.5694444444444444
658,NSGA-II,multi-objective,rtp_violation_penalty>win_rate_shortfall_penalty>missing_jackpot_penalty>symbol_concentration_penalty,"(0.2962962962962954, 0.0, 0, 8.596491228070175)",8.89278752436647,8.89278752436647,0,16,0.009259259259259259,0.4351851851851852,0,0.012962962962962954,0.9629629629629629,0.5694444444444444
659,NSGA-II,multi-objective,rtp_violation_penalty>win_rate_shortfall_penalty>missing_jackpot_penalty>symbol_concentration_penalty,"(0.2962962962962954, 0.0, 0, 8.596491228070175)",8.89278752436647,8.89278752436647,0,16,0.009259259259259259,0.4351851851851852,0,0.012962962962962954,0.9629629629629629,0.5694444444444444
660,NSGA-II,multi-objective,rtp_violation_penalty>win_rate_shortfall_penalty>missing_jackpot_penalty>symbol_concentration_penalty,"(0.2962962962962954, 0.0, 0, 8.596491228070175)",8.89278752436647,8.89278752436647,0,16,0.009259259259259259,0.4351851851851852,0,0.012962962962962954,0.9629629629629629,0.5694444444444444
661,NSGA-II,multi-objective,rtp_violation_penalty>win_rate_shortfall_penalty>missing_jackpot_penalty>symbol_concentration_penalty,"(0.2962962962962954, 0.0, 0, 8.596491228070175)",8.89278752436647,8.89278752436647,0,16,0.009259259259259259,0.4351851851851852,0,0.012962962962962954,0.9629629629629629,0.5694444444444444
662,NSGA-II,multi-objective,rtp_violation_penalty>win_rate_shortfall_penalty>missing_jackpot_penalty>symbol_concentration_penalty,"(0.2962962962962954, 0.0, 0, 8.596491228070175)",8.89278752436647,8.89278752436647,0,16,0.009259259259259259,0.4351851851851852,0,0.012962962962962954,0.9629629629629629,0.5694444444444444
663,NSGA-II,multi-objective,rtp_violation_penalty>win_rate_shortfall_penalty>missing_jackpot_penalty>symbol_concentration_penalty,"(0.2962962962962954, 0.0, 0, 8.596491228070175)",8.89278752436647,8.89278752436647,0,16,0.009259259259259259,0.4351851851851852,0,0.012962962962962954,0.9629629629629629,0.5694444444444444
664,NSGA-II,multi-objective,rtp_violation_penalty>win_rate_shortfall_penalty>missing_jackpot_penalty>symbol_concentration_penalty,"(0.2962962962962954, 0.0, 0, 8.596491228070175)",8.89278752436647,8.89278752436647,0,16,0.009259259259259259,0.4351851851851852,0,0.012962962962962954,0.9629629629629629,0.5694444444444444
665,NSGA-II,multi-objective,rtp_violation_penalty>win_rate_shortfall_penalty>missing_jackpot_penalty>symbol_concentration_penalty,"(0.2962962962962954, 0.0, 0, 8.596491228070175)",8.89278752436647,8.89278752436647,0,16,0.009259259259259259,0.4351851851851852,0,0.012962962962962954,0.9629629629629629,0.5694444444444444
666,NSGA-II,multi-objective,rtp_violation_penalty>win_rate_shortfall_penalty>missing_jackpot_penalty>symbol_concentration_penalty,"(0.2962962962962954, 0.0, 0, 8.596491228070175)",8.89278752436647,8.89278752436647,0,16,0.009259259259259259,0.4351851851851852,0,0.012962962962962954,0.9629629629629629,0.5694444444444444
667,NSGA-II,multi-objective,rtp_violation_penalty>win_rate_shortfall_penalty>missing_jackpot_penalty>symbol_concentration_penalty,"(0.2962962962962954, 0.0, 0, 8.596491228070175)",8.89278752436647,8.89278752436647,0,16,0.009259259259259259,0.4351851851851852,0,0.012962962962962954,0.9629629629629629,0.5694444444444444
668,NSGA-II,multi-objective,rtp_violation_penalty>win_rate_shortfall_penalty>missing_jackpot_penalty>symbol_concentration_penalty,"(0.2962962962962954, 0.0, 0, 8.596491228070175)",8.89278752436647,8.89278752436647,0,16,0.009259259259259259,0.4351851851851852,0,0.012962962962962954,0.9629629629629629,0.5694444444444444
669,NSGA-II,multi-objective,rtp_violation_penalty>win_rate_shortfall_penalty>missing_jackpot_penalty>symbol_concentration_penalty,"(0.2962962962962954, 0.0, 0, 8.596491228070175)",8.89278752436647,8.89278752436647,0,16,0.009259259259259259,0.4351851851851852,0,0.012962962962962954,0.9629629629629629,0.5694444444444444
670,NSGA-II,multi-objective,rtp_violation_penalty>win_rate_shortfall_penalty>missing_jackpot_penalty>symbol_concentration_penalty,"(0.2962962962962954, 0.0, 0, 8.596491228070175)",8.89278752436647,8.89278752436647,0,16,0.009259259259259259,0.4351851851851852,0,0.012962962962962954,0.9629629629629629,0.5694444444444444
671,NSGA-II,multi-objective,rtp_violation_penalty>win_rate_shortfall_penalty>missing_jackpot_penalty>symbol_concentration_penalty,"(0.2962962962962954, 0.0, 0, 8.596491228070175)",8.89278752436647,8.89278752436647,0,16,0.009259259259259259,0.4351851851851852,0,0.012962962962962954,0.9629629629629629,0.5694444444444444
672,NSGA-II,multi-objective,rtp_violation_penalty>win_rate_shortfall_penalty>missing_jackpot_penalty>symbol_concentration_penalty,"(0.2962962962962954, 0.0, 0, 8.596491228070175)",8.89278752436647,8.89278752436647,0,16,0.009259259259259259,0.4351851851851852,0,0.012962962962962954,0.9629629629629629,0.5694444444444444
673,NSGA-II,multi-objective,rtp_violation_penalty>win_rate_shortfall_penalty>missing_jackpot_penalty>symbol_concentration_penalty,"(0.2962962962962954, 0.0, 0, 8.596491228070175)",8.89278752436647,8.89278752436647,0,16,0.009259259259259259,0.4351851851851852,0,0.012962962962962954,0.9629629629629629,0.5694444444444444
674,NSGA-II,multi-objective,rtp_violation_penalty>win_rate_shortfall_penalty>missing_jackpot_penalty>symbol_concentration_penalty,"(0.2962962962962954, 0.0, 0, 8.596491228070175)",8.89278752436647,8.89278752436647,0,16,0.009259259259259259,0.4351851851851852,0,0.012962962962962954,0.9629629629629629,0.5694444444444444
675,NSGA-II,multi-objective,rtp_violation_penalty>win_rate_shortfall_penalty>missing_jackpot_penalty>symbol_concentration_penalty,"(0.2962962962962954, 0.0, 0, 8.596491228070175)",8.89278752436647,8.89278752436647,0,16,0.009259259259259259,0.4351851851851852,0,0.012962962962962954,0.9629629629629629,0.5694444444444444
676,NSGA-II,multi-objective,rtp_violation_penalty>win_rate_shortfall_penalty>missing_jackpot_penalty>symbol_concentration_penalty,"(0.2962962962962954, 0.0, 0, 8.596491228070175)",8.89278752436647,8.89278752436647,0,16,0.009259259259259259,0.4351851851851852,0,0.012962962962962954,0.9629629629629629,0.5694444444444444
677,NSGA-II,multi-objective,rtp_violation_penalty>win_rate_shortfall_penalty>missing_jackpot_penalty>symbol_concentration_penalty,"(0.2962962962962954, 0.0, 0, 8.596491228070175)",8.89278752436647,8.89278752436647,0,16,0.009259259259259259,0.4351851851851852,0,0.012962962962962954,0.9629629629629629,0.5694444444444444
678,NSGA-II,multi-objective,rtp_violation_penalty>win_rate_shortfall_penalty>missing_jackpot_penalty>symbol_concentration_penalty,"(0.2962962962962954, 0.0, 0, 8.596491228070175)",8.89278752436647,8.89278752436647,0,16,0.009259259259259259,0.4351851851851852,0,0.012962962962962954,0.9629629629629629,0.5694444444444444
679,NSGA-II,multi-objective,rtp_violation_penalty>win_rate_shortfall_penalty>missing_jackpot_penalty>symbol_concentration_penalty,"(0.01851851851851858, 0.0, 0, 8.771929824561406)",8.790448343079925,8.790448343079925,0,8,0.004629629629629629,0.4398148148148149,0,0.010185185185185186,0.9398148148148148,0.5636574074074074
680,NSGA-II,multi-objective,rtp_violation_penalty>win_rate_shortfall_penalty>missing_jackpot_penalty>symbol_concentration_penalty,"(0.01851851851851858, 0.0, 0, 8.771929824561406)",8.790448343079925,8.790448343079925,0,8,0.004629629629629629,0.4398148148148149,0,0.010185185185185186,0.9398148148148148,0.5636574074074074
681,NSGA-II,multi-objective,rtp_violation_penalty>win_rate_shortfall_penalty>missing_jackpot_penalty>symbol_concentration_penalty,"(0.01851851851851858, 0.0, 0, 8.771929824561406)",8.790448343079925,8.790448343079925,0,8,0.004629629629629629,0.4398148148148149,0,0.010185185185185186,0.9398148148148148,0.5636574074074074
682,NSGA-II,multi-objective,rtp_violation_penalty>win_rate_shortfall_penalty>missing_jackpot_penalty>symbol_concentration_penalty,"(0.01851851851851858, 0.0, 0, 8.771929824561406)",8.790448343079925,8.790448343079925,0,8,0.004629629629629629,0.4398148148148149,0,0.010185185185185186,0.9398148148148148,0.5636574074074074
683,NSGA-II,multi-objective,rtp_violation_penalty>win_rate_shortfall_penalty>missing_jackpot_penalty>symbol_concentration_penalty,"(0.01851851851851858, 0.0, 0, 8.771929824561406)",8.790448343079925,8.790448343079925,0,8,0.004629629629629629,0.4398148148148149,0,0.010185185185185186,0.9398148148148148,0.5636574074074074
684,NSGA-II,multi-objective,rtp_violation_penalty>win_rate_shortfall_penalty>missing_jackpot_penalty>symbol_concentration_penalty,"(0.01851851851851858, 0.0, 0, 8.771929824561406)",8.790448343079925,8.790448343079925,0,8,0.004629629629629629,0.4398148148148149,0,0.010185185185185186,0.9398148148148148,0.5636574074074074
685,NSGA-II,multi-objective,rtp_violation_penalty>win_rate_shortfall_penalty>missing_jackpot_penalty>symbol_concentration_penalty,"(0.01851851851851858, 0.0, 0, 8.771929824561406)",8.790448343079925,8.790448343079925,0,8,0.004629629629629629,0.4398148148148149,0,0.010185185185185186,0.9398148148148148,0.5636574074074074
686,NSGA-II,multi-objective,rtp_violation_penalty>win_rate_shortfall_penalty>missing_jackpot_penalty>symbol_concentration_penalty,"(0.01851851851851858, 0.0, 0, 8.771929824561406)",8.790448343079925,8.790448343079925,0,8,0.004629629629629629,0.4398148148148149,0,0.010185185185185186,0.9398148148148148,0.5636574074074074
687,NSGA-II,multi-objective,rtp_violation_penalty>win_rate_shortfall_penalty>missing_jackpot_penalty>symbol_concentration_penalty,"(0.01851851851851858, 0.0, 0, 8.771929824561406)",8.790448343079925,8.790448343079925,0,8,0.004629629629629629,0.4398148148148149,0,0.010185185185185186,0.9398148148148148,0.5636574074074074
688,NSGA-II,multi-objective,rtp_violation_penalty>win_rate_shortfall_penalty>missing_jackpot_penalty>symbol_concentration_penalty,"(0.01851851851851858, 0.0, 0, 8.771929824561406)",8.790448343079925,8.790448343079925,0,8,0.004629629629629629,0.4398148148148149,0,0.010185185185185186,0.9398148148148148,0.5636574074074074
689,NSGA-II,multi-objective,rtp_violation_penalty>win_rate_shortfall_penalty>missing_jackpot_penalty>symbol_concentration_penalty,"(0.01851851851851858, 0.0, 0, 8.771929824561406)",8.790448343079925,8.790448343079925,0,8,0.004629629629629629,0.4398148148148149,0,0.010185185185185186,0.9398148148148148,0.5636574074074074
690,NSGA-II,multi-objective,rtp_violation_penalty>win_rate_shortfall_penalty>missing_jackpot_penalty>symbol_concentration_penalty,"(0.01851851851851858, 0.0, 0, 8.771929824561406)",8.790448343079925,8.790448343079925,0,8,0.004629629629629629,0.4398148148148149,0,0.010185185185185186,0.9398148148148148,0.5636574074074074
691,NSGA-II,multi-objective,rtp_violation_penalty>win_rate_shortfall_penalty>missing_jackpot_penalty>symbol_concentration_penalty,"(0.01851851851851858, 0.0, 0, 8.771929824561406)",8.790448343079925,8.790448343079925,0,8,0.004629629629629629,0.4398148148148149,0,0.010185185185185186,0.9398148148148148,0.5636574074074074
692,NSGA-II,multi-objective,rtp_violation_penalty>win_rate_shortfall_penalty>missing_jackpot_penalty>symbol_concentration_penalty,"(0.01851851851851858, 0.0, 0, 8.771929824561406)",8.790448343079925,8.790448343079925,0,8,0.004629629629629629,0.4398148148148149,0,0.010185185185185186,0.9398148148148148,0.5636574074074074
693,NSGA-II,multi-objective,rtp_violation_penalty>win_rate_shortfall_penalty>missing_jackpot_penalty>symbol_concentration_penalty,"(0.01851851851851858, 0.0, 0, 8.771929824561406)",8.790448343079925,8.790448343079925,0,8,0.004629629629629629,0.4398148148148149,0,0.010185185185185186,0.9398148148148148,0.5636574074074074
694,NSGA-II,multi-objective,rtp_violation_penalty>win_rate_shortfall_penalty>missing_jackpot_penalty>symbol_concentration_penalty,"(0.01851851851851858, 0.0, 0, 8.771929824561406)",8.790448343079925,8.790448343079925,0,8,0.004629629629629629,0.4398148148148149,0,0.010185185185185186,0.9398148148148148,0.5636574074074074
695,NSGA-II,multi-objective,rtp_violation_penalty>win_rate_shortfall_penalty>missing_jackpot_penalty>symbol_concentration_penalty,"(0.01851851851851858, 0.0, 0, 8.771929824561406)",8.790448343079925,8.790448343079925,0,8,0.004629629629629629,0.4398148148148149,0,0.010185185185185186,0.9398148148148148,0.5636574074074074
696,NSGA-II,multi-objective,rtp_violation_penalty>win_rate_shortfall_penalty>missing_jackpot_penalty>symbol_concentration_penalty,"(0.01851851851851858, 0.0, 0, 8.771929824561406)",8.790448343079925,8.790448343079925,0,8,0.004629629629629629,0.4398148148148149,0,0.010185185185185186,0.9398148148148148,0.5636574074074074
697,NSGA-II,multi-objective,rtp_violation_penalty>win_rate_shortfall_penalty>missing_jackpot_penalty>symbol_concentration_penalty,"(0.01851851851851858, 0.0, 0, 8.771929824561406)",8.790448343079925,8.790448343079925,0,8,0.004629629629629629,0.4398148148148149,0,0.010185185185185186,0.9398148148148148,0.5636574074074074
698,NSGA-II,multi-objective,rtp_violation_penalty>win_rate_shortfall_penalty>missing_jackpot_penalty>symbol_concentration_penalty,"(0.01851851851851858, 0.0, 0, 8.771929824561406)",8.790448343079925,8.790448343079925,0,8,0.004629629629629629,0.4398148148148149,0,0.010185185185185186,0.9398148148148148,0.5636574074074074
699,NSGA-II,multi-objective,rtp_violation_penalty>win_rate_shortfall_penalty>missing_jackpot_penalty>symbol_concentration_penalty,"(0.01851851851851858, 0.0, 0, 8.771929824561406)",8.790448343079925,8.790448343079925,0,8,0.004629629629629629,0.4398148148148149,0,0.010185185185185186,0.9398148148148148,0.5636574074074074
700,NSGA-II,multi-objective,rtp_violation_penalty>win_rate_shortfall_penalty>missing_jackpot_penalty>symbol_concentration_penalty,"(0.01851851851851858, 0.0, 0, 8.771929824561406)",8.790448343079925,8.790448343079925,0,8,0.004629629629629629,0.4398148148148149,0,0.010185185185185186,0.9398148148148148,0.5636574074074074
701,NSGA-II,multi-objective,rtp_violation_penalty>win_rate_shortfall_penalty>missing_jackpot_penalty>symbol_concentration_penalty,"(0.01851851851851858, 0.0, 0, 8.771929824561406)",8.790448343079925,8.790448343079925,0,8,0.004629629629629629,0.4398148148148149,0,0.010185185185185186,0.9398148148148148,0.5636574074074074
702,NSGA-II,multi-objective,rtp_violation_penalty>win_rate_shortfall_penalty>missing_jackpot_penalty>symbol_concentration_penalty,"(0.01851851851851858, 0.0, 0, 8.771929824561406)",8.790448343079925,8.790448343079925,0,8,0.004629629629629629,0.4398148148148149,0,0.010185185185185186,0.9398148148148148,0.5636574074074074
703,NSGA-II,multi-objective,rtp_violation_penalty>win_rate_shortfall_penalty>missing_jackpot_penalty>symbol_concentration_penalty,"(0.01851851851851858, 0.0, 0, 8.771929824561406)",8.790448343079925,8.790448343079925,0,8,0.004629629629629629,0.4398148148148149,0,0.010185185185185186,0.9398148148148148,0.5636574074074074
704,NSGA-II,multi-objective,rtp_violation_penalty>win_rate_shortfall_penalty>missing_jackpot_penalty>symbol_concentration_penalty,"(0.01851851851851858, 0.0, 0, 8.771929824561406)",8.790448343079925,8.790448343079925,0,8,0.004629629629629629,0.4398148148148149,0,0.010185185185185186,0.9398148148148148,0.5636574074074074
705,NSGA-II,multi-objective,rtp_violation_penalty>win_rate_shortfall_penalty>missing_jackpot_penalty>symbol_concentration_penalty,"(0.01851851851851858, 0.0, 0, 8.771929824561406)",8.790448343079925,8.790448343079925,0,8,0.004629629629629629,0.4398148148148149,0,0.010185185185185186,0.9398148148148148,0.5636574074074074
706,NSGA-II,multi-objective,rtp_violation_penalty>win_rate_shortfall_penalty>missing_jackpot_penalty>symbol_concentration_penalty,"(0.01851851851851858, 0.0, 0, 8.771929824561406)",8.790448343079925,8.790448343079925,0,8,0.004629629629629629,0.4398148148148149,0,0.010185185185185186,0.9398148148148148,0.5636574074074074
707,NSGA-II,multi-objective,rtp_violation_penalty>win_rate_shortfall_penalty>missing_jackpot_penalty>symbol_concentration_penalty,"(0.01851851851851858, 0.0, 0, 8.771929824561406)",8.790448343079925,8.790448343079925,0,8,0.004629629629629629,0.4398148148148149,0,0.010185185185185186,0.9398148148148148,0.5636574074074074
708,NSGA-II,multi-objective,rtp_violation_penalty>win_rate_shortfall_penalty>missing_jackpot_penalty>symbol_concentration_penalty,"(0.01851851851851858, 0.0, 0, 8.771929824561406)",8.790448343079925,8.790448343079925,0,8,0.004629629629629629,0.4398148148148149,0,0.010185185185185186,0.9398148148148148,0.5636574074074074
709,NSGA-II,multi-objective,rtp_violation_penalty>win_rate_shortfall_penalty>missing_jackpot_penalty>symbol_concentration_penalty,"(0.01851851851851858, 0.0, 0, 8.771929824561406)",8.790448343079925,8.790448343079925,0,8,0.004629629629629629,0.4398148148148149,0,0.010185185185185186,0.9398148148148148,0.5636574074074074
710,NSGA-II,multi-objective,rtp_violation_penalty>win_rate_shortfall_penalty>missing_jackpot_penalty>symbol_concentration_penalty,"(0.01851851851851858, 0.0, 0, 8.771929824561406)",8.790448343079925,8.790448343079925,0,8,0.004629629629629629,0.4398148148148149,0,0.010185185185185186,0.9398148148148148,0.5636574074074074
711,NSGA-II,multi-objective,rtp_violation_penalty>win_rate_shortfall_penalty>missing_jackpot_penalty>symbol_concentration_penalty,"(0.01851851851851858, 0.0, 0, 8.771929824561406)",8.790448343079925,8.790448343079925,0,8,0.004629629629629629,0.4398148148148149,0,0.010185185185185186,0.9398148148148148,0.5636574074074074
712,NSGA-II,multi-objective,rtp_violation_penalty>win_rate_shortfall_penalty>missing_jackpot_penalty>symbol_concentration_penalty,"(0.01851851851851858, 0.0, 0, 8.771929824561406)",8.790448343079925,8.790448343079925,0,8,0.004629629629629629,0.4398148148148149,0,0.010185185185185186,0.9398148148148148,0.5636574074074074
713,NSGA-II,multi-objective,rtp_violation_penalty>win_rate_shortfall_penalty>missing_jackpot_penalty>symbol_concentration_penalty,"(0.01851851851851858, 0.0, 0, 8.771929824561406)",8.790448343079925,8.790448343079925,0,8,0.004629629629629629,0.4398148148148149,0,0.010185185185185186,0.9398148148148148,0.5636574074074074
714,NSGA-II,multi-objective,rtp_violation_penalty>win_rate_shortfall_penalty>missing_jackpot_penalty>symbol_concentration_penalty,"(0.01851851851851858, 0.0, 0, 8.771929824561406)",8.790448343079925,8.790448343079925,0,8,0.004629629629629629,0.4398148148148149,0,0.010185185185185186,0.9398148148148148,0.5636574074074074
715,NSGA-II,multi-objective,rtp_violation_penalty>win_rate_shortfall_penalty>missing_jackpot_penalty>symbol_concentration_penalty,"(0.01851851851851858, 0.0, 0, 8.771929824561406)",8.790448343079925,8.790448343079925,0,8,0.004629629629629629,0.4398148148148149,0,0.010185185185185186,0.9398148148148148,0.5636574074074074
716,NSGA-II,multi-objective,rtp_violation_penalty>win_rate_shortfall_penalty>missing_jackpot_penalty>symbol_concentration_penalty,"(0.01851851851851858, 0.0, 0, 8.771929824561406)",8.790448343079925,8.790448343079925,0,8,0.004629629629629629,0.4398148148148149,0,0.010185185185185186,0.9398148148148148,0.5636574074074074
717,NSGA-II,multi-objective,rtp_violation_penalty>win_rate_shortfall_penalty>missing_jackpot_penalty>symbol_concentration_penalty,"(0.01851851851851858, 0.0, 0, 8.771929824561406)",8.790448343079925,8.790448343079925,0,8,0.004629629629629629,0.4398148148148149,0,0.010185185185185186,0.9398148148148148,0.5636574074074074
718,NSGA-II,multi-objective,rtp_violation_penalty>win_rate_shortfall_penalty>missing_jackpot_penalty>symbol_concentration_penalty,"(0.01851851851851858, 0.0, 0, 8.771929824561406)",8.790448343079925,8.790448343079925,0,8,0.004629629629629629,0.4398148148148149,0,0.010185185185185186,0.9398148148148148,0.5636574074074074
719,NSGA-II,multi-objective,rtp_violation_penalty>win_rate_shortfall_penalty>missing_jackpot_penalty>symbol_concentration_penalty,"(0.01851851851851858, 0.0, 0, 8.771929824561406)",8.790448343079925,8.790448343079925,0,8,0.004629629629629629,0.4398148148148149,0,0.010185185185185186,0.9398148148148148,0.5636574074074074
720,NSGA-II,multi-objective,rtp_violation_penalty>win_rate_shortfall_penalty>missing_jackpot_penalty>symbol_concentration_penalty,"(0.01851851851851858, 0.0, 0, 8.771929824561406)",8.790448343079925,8.790448343079925,0,8,0.004629629629629629,0.4398148148148149,0,0.010185185185185186,0.9398148148148148,0.5636574074074074
721,NSGA-II,multi-objective,rtp_violation_penalty>win_rate_shortfall_penalty>missing_jackpot_penalty>symbol_concentration_penalty,"(0.01851851851851858, 0.0, 0, 8.771929824561406)",8.790448343079925,8.790448343079925,0,8,0.004629629629629629,0.4398148148148149,0,0.010185185185185186,0.9398148148148148,0.5636574074074074
722,NSGA-II,multi-objective,rtp_violation_penalty>win_rate_shortfall_penalty>missing_jackpot_penalty>symbol_concentration_penalty,"(0.01851851851851858, 0.0, 0, 8.771929824561406)",8.790448343079925,8.790448343079925,0,8,0.004629629629629629,0.4398148148148149,0,0.010185185185185186,0.9398148148148148,0.5636574074074074
723,NSGA-II,multi-objective,rtp_violation_penalty>win_rate_shortfall_penalty>missing_jackpot_penalty>symbol_concentration_penalty,"(0.01851851851851858, 0.0, 0, 8.771929824561406)",8.790448343079925,8.790448343079925,0,8,0.004629629629629629,0.4398148148148149,0,0.010185185185185186,0.9398148148148148,0.5636574074074074
724,NSGA-II,multi-objective,rtp_violation_penalty>win_rate_shortfall_penalty>missing_jackpot_penalty>symbol_concentration_penalty,"(0.01851851851851858, 0.0, 0, 8.771929824561406)",8.790448343079925,8.790448343079925,0,8,0.004629629629629629,0.4398148148148149,0,0.010185185185185186,0.9398148148148148,0.5636574074074074
725,NSGA-II,multi-objective,rtp_violation_penalty>win_rate_shortfall_penalty>missing_jackpot_penalty>symbol_concentration_penalty,"(0.01851851851851858, 0.0, 0, 8.771929824561406)",8.790448343079925,8.790448343079925,0,8,0.004629629629629629,0.4398148148148149,0,0.010185185185185186,0.9398148148148148,0.5636574074074074
726,NSGA-II,multi-objective,rtp_violation_penalty>win_rate_shortfall_penalty>missing_jackpot_penalty>symbol_concentration_penalty,"(0.01851851851851858, 0.0, 0, 8.771929824561406)",8.790448343079925,8.790448343079925,0,8,0.004629629629629629,0.4398148148148149,0,0.010185185185185186,0.9398148148148148,0.5636574074074074
727,NSGA-II,multi-objective,rtp_violation_penalty>win_rate_shortfall_penalty>missing_jackpot_penalty>symbol_concentration_penalty,"(0.01851851851851858, 0.0, 0, 8.771929824561406)",8.790448343079925,8.790448343079925,0,8,0.004629629629629629,0.4398148148148149,0,0.010185185185185186,0.9398148148148148,0.5636574074074074
728,NSGA-II,multi-objective,rtp_violation_penalty>win_rate_shortfall_penalty>missing_jackpot_penalty>symbol_concentration_penalty,"(0.01851851851851858, 0.0, 0, 8.771929824561406)",8.790448343079925,8.790448343079925,0,8,0.004629629629629629,0.4398148148148149,0,0.010185185185185186,0.9398148148148148,0.5636574074074074
729,NSGA-II,multi-objective,rtp_violation_penalty>win_rate_shortfall_penalty>missing_jackpot_penalty>symbol_concentration_penalty,"(0.01851851851851858, 0.0, 0, 8.771929824561406)",8.790448343079925,8.790448343079925,0,8,0.004629629629629629,0.4398148148148149,0,0.010185185185185186,0.9398148148148148,0.5636574074074074
730,NSGA-II,multi-objective,rtp_violation_penalty>win_rate_shortfall_penalty>missing_jackpot_penalty>symbol_concentration_penalty,"(0.01851851851851858, 0.0, 0, 8.771929824561406)",8.790448343079925,8.790448343079925,0,8,0.004629629629629629,0.4398148148148149,0,0.010185185185185186,0.9398148148148148,0.5636574074074074
731,NSGA-II,multi-objective,rtp_violation_penalty>win_rate_shortfall_penalty>missing_jackpot_penalty>symbol_concentration_penalty,"(0.01851851851851858, 0.0, 0, 8.771929824561406)",8.790448343079925,8.790448343079925,0,8,0.004629629629629629,0.4398148148148149,0,0.010185185185185186,0.9398148148148148,0.5636574074074074
732,NSGA-II,multi-objective,rtp_violation_penalty>win_rate_shortfall_penalty>missing_jackpot_penalty>symbol_concentration_penalty,"(0.01851851851851858, 0.0, 0, 8.771929824561406)",8.790448343079925,8.790448343079925,0,8,0.004629629629629629,0.4398148148148149,0,0.010185185185185186,0.9398148148148148,0.5636574074074074
733,NSGA-II,multi-objective,rtp_violation_penalty>win_rate_shortfall_penalty>missing_jackpot_penalty>symbol_concentration_penalty,"(0.01851851851851858, 0.0, 0, 8.771929824561406)",8.790448343079925,8.790448343079925,0,8,0.004629629629629629,0.4398148148148149,0,0.010185185185185186,0.9398148148148148,0.5636574074074074
734,NSGA-II,multi-objective,rtp_violation_penalty>win_rate_shortfall_penalty>missing_jackpot_penalty>symbol_concentration_penalty,"(0.01851851851851858, 0.0, 0, 8.771929824561406)",8.790448343079925,8.790448343079925,0,8,0.004629629629629629,0.4398148148148149,0,0.010185185185185186,0.9398148148148148,0.5636574074074074
735,NSGA-II,multi-objective,rtp_violation_penalty>win_rate_shortfall_penalty>missing_jackpot_penalty>symbol_concentration_penalty,"(0.01851851851851858, 0.0, 0, 8.771929824561406)",8.790448343079925,8.790448343079925,0,8,0.004629629629629629,0.4398148148148149,0,0.010185185185185186,0.9398148148148148,0.5636574074074074
736,NSGA-II,multi-objective,rtp_violation_penalty>win_rate_shortfall_penalty>missing_jackpot_penalty>symbol_concentration_penalty,"(0.01851851851851858, 0.0, 0, 8.771929824561406)",8.790448343079925,8.790448343079925,0,8,0.004629629629629629,0.4398148148148149,0,0.010185185185185186,0.9398148148148148,0.5636574074074074
737,NSGA-II,multi-objective,rtp_violation_penalty>win_rate_shortfall_penalty>missing_jackpot_penalty>symbol_concentration_penalty,"(0.01851851851851858, 0.0, 0, 8.771929824561406)",8.790448343079925,8.790448343079925,0,8,0.004629629629629629,0.4398148148148149,0,0.010185185185185186,0.9398148148148148,0.5636574074074074
738,NSGA-II,multi-objective,rtp_violation_penalty>win_rate_shortfall_penalty>missing_jackpot_penalty>symbol_concentration_penalty,"(0.01851851851851858, 0.0, 0, 8.771929824561406)",8.790448343079925,8.790448343079925,0,8,0.004629629629629629,0.4398148148148149,0,0.010185185185185186,0.9398148148148148,0.5636574074074074
739,NSGA-II,multi-objective,rtp_violation_penalty>win_rate_shortfall_penalty>missing_jackpot_penalty>symbol_concentration_penalty,"(0.01851851851851858, 0.0, 0, 8.771929824561406)",8.790448343079925,8.790448343079925,0,8,0.004629629629629629,0.4398148148148149,0,0.010185185185185186,0.9398148148148148,0.5636574074074074
740,NSGA-II,multi-objective,rtp_violation_penalty>win_rate_shortfall_penalty>missing_jackpot_penalty>symbol_concentration_penalty,"(0.01851851851851858, 0.0, 0, 8.771929824561406)",8.790448343079925,8.790448343079925,0,8,0.004629629629629629,0.4398148148148149,0,0.010185185185185186,0.9398148148148148,0.5636574074074074
741,NSGA-II,multi-objective,rtp_violation_penalty>win_rate_shortfall_penalty>missing_jackpot_penalty>symbol_concentration_penalty,"(0.01851851851851858, 0.0, 0, 8.771929824561406)",8.790448343079925,8.790448343079925,0,8,0.004629629629629629,0.4398148148148149,0,0.010185185185185186,0.9398148148148148,0.5636574074074074
742,NSGA-II,multi-objective,rtp_violation_penalty>win_rate_shortfall_penalty>missing_jackpot_penalty>symbol_concentration_penalty,"(0.01851851851851858, 0.0, 0, 8.771929824561406)",8.790448343079925,8.790448343079925,0,8,0.004629629629629629,0.4398148148148149,0,0.010185185185185186,0.9398148148148148,0.5636574074074074
743,NSGA-II,multi-objective,rtp_violation_penalty>win_rate_shortfall_penalty>missing_jackpot_penalty>symbol_concentration_penalty,"(0.01851851851851858, 0.0, 0, 8.771929824561406)",8.790448343079925,8.790448343079925,0,8,0.004629629629629629,0.4398148148148149,0,0.010185185185185186,0.9398148148148148,0.5636574074074074
744,NSGA-II,multi-objective,rtp_violation_penalty>win_rate_shortfall_penalty>missing_jackpot_penalty>symbol_concentration_penalty,"(0.01851851851851858, 0.0, 0, 8.771929824561406)",8.790448343079925,8.790448343079925,0,8,0.004629629629629629,0.4398148148148149,0,0.010185185185185186,0.9398148148148148,0.5636574074074074
745,NSGA-II,multi-objective,rtp_violation_penalty>win_rate_shortfall_penalty>missing_jackpot_penalty>symbol_concentration_penalty,"(0.01851851851851858, 0.0, 0, 8.771929824561406)",8.790448343079925,8.790448343079925,0,8,0.004629629629629629,0.4398148148148149,0,0.010185185185185186,0.9398148148148148,0.5636574074074074
746,NSGA-II,multi-objective,rtp_violation_penalty>win_rate_shortfall_penalty>missing_jackpot_penalty>symbol_concentration_penalty,"(0.01851851851851858, 0.0, 0, 8.771929824561406)",8.790448343079925,8.790448343079925,0,8,0.004629629629629629,0.4398148148148149,0,0.010185185185185186,0.9398148148148148,0.5636574074074074
747,NSGA-II,multi-objective,rtp_violation_penalty>win_rate_shortfall_penalty>missing_jackpot_penalty>symbol_concentration_penalty,"(0.01851851851851858, 0.0, 0, 8.771929824561406)",8.790448343079925,8.790448343079925,0,8,0.004629629629629629,0.4398148148148149,0,0.010185185185185186,0.9398148148148148,0.5636574074074074
748,NSGA-II,multi-objective,rtp_violation_penalty>win_rate_shortfall_penalty>missing_jackpot_penalty>symbol_concentration_penalty,"(0.01851851851851858, 0.0, 0, 8.771929824561406)",8.790448343079925,8.790448343079925,0,8,0.004629629629629629,0.4398148148148149,0,0.010185185185185186,0.9398148148148148,0.5636574074074074
749,NSGA-II,multi-objective,rtp_violation_penalty>win_rate_shortfall_penalty>missing_jackpot_penalty>symbol_concentration_penalty,"(0.01851851851851858, 0.0, 0, 8.771929824561406)",8.790448343079925,8.790448343079925,0,8,0.004629629629629629,0.4398148148148149,0,0.010185185185185186,0.9398148148148148,0.5636574074074074
750,NSGA-II,multi-objective,rtp_violation_penalty>win_rate_shortfall_penalty>missing_jackpot_penalty>symbol_concentration_penalty,"(0.01851851851851858, 0.0, 0, 8.771929824561406)",8.790448343079925,8.790448343079925,0,8,0.004629629629629629,0.4398148148148149,0,0.010185185185185186,0.9398148148148148,0.5636574074074074
751,NSGA-II,multi-objective,rtp_violation_penalty>win_rate_shortfall_penalty>missing_jackpot_penalty>symbol_concentration_penalty,"(0.01851851851851858, 0.0, 0, 8.771929824561406)",8.790448343079925,8.790448343079925,0,8,0.004629629629629629,0.4398148148148149,0,0.010185185185185186,0.9398148148148148,0.5636574074074074
752,NSGA-II,multi-objective,rtp_violation_penalty>win_rate_shortfall_penalty>missing_jackpot_penalty>symbol_concentration_penalty,"(0.01851851851851858, 0.0, 0, 8.771929824561406)",8.790448343079925,8.790448343079925,0,8,0.004629629629629629,0.4398148148148149,0,0.010185185185185186,0.9398148148148148,0.5636574074074074
753,NSGA-II,multi-objective,rtp_violation_penalty>win_rate_shortfall_penalty>missing_jackpot_penalty>symbol_concentration_penalty,"(0.0, 0.2546296296296324, 1, 7.368421052631578)",8.62305068226121,8.62305068226121,1,0,0.0,0.40277777777777773,0.0025462962962963243,0.005555555555555536,0.9444444444444444,0.5474537037037037
754,NSGA-II,multi-objective,rtp_violation_penalty>win_rate_shortfall_penalty>missing_jackpot_penalty>symbol_concentration_penalty,"(0.0, 0.2546296296296324, 1, 7.368421052631578)",8.62305068226121,8.62305068226121,1,0,0.0,0.40277777777777773,0.0025462962962963243,0.005555555555555536,0.9444444444444444,0.5474537037037037
755,NSGA-II,multi-objective,rtp_violation_penalty>win_rate_shortfall_penalty>missing_jackpot_penalty>symbol_concentration_penalty,"(0.0, 0.2546296296296324, 1, 7.368421052631578)",8.62305068226121,8.62305068226121,1,0,0.0,0.40277777777777773,0.0025462962962963243,0.005555555555555536,0.9444444444444444,0.5474537037037037
756,NSGA-II,multi-objective,rtp_violation_penalty>win_rate_shortfall_penalty>missing_jackpot_penalty>symbol_concentration_penalty,"(0.0, 0.2546296296296324, 1, 7.368421052631578)",8.62305068226121,8.62305068226121,1,0,0.0,0.40277777777777773,0.0025462962962963243,0.005555555555555536,0.9444444444444444,0.5474537037037037
757,NSGA-II,multi-objective,rtp_violation_penalty>win_rate_shortfall_penalty>missing_jackpot_penalty>symbol_concentration_penalty,"(0.0, 0.2546296296296324, 1, 7.368421052631578)",8.62305068226121,8.62305068226121,1,0,0.0,0.40277777777777773,0.0025462962962963243,0.005555555555555536,0.9444444444444444,0.5474537037037037
758,NSGA-II,multi-objective,rtp_violation_penalty>win_rate_shortfall_penalty>missing_jackpot_penalty>symbol_concentration_penalty,"(0.0, 0.2546296296296324, 1, 7.368421052631578)",8.62305068226121,8.62305068226121,1,0,0.0,0.40277777777777773,0.0025462962962963243,0.005555555555555536,0.9444444444444444,0.5474537037037037
759,NSGA-II,multi-objective,rtp_violation_penalty>win_rate_shortfall_penalty>missing_jackpot_penalty>symbol_concentration_penalty,"(0.0, 0.2546296296296324, 1, 7.368421052631578)",8.62305068226121,8.62305068226121,1,0,0.0,0.40277777777777773,0.0025462962962963243,0.005555555555555536,0.9444444444444444,0.5474537037037037
760,NSGA-II,multi-objective,rtp_violation_penalty>win_rate_shortfall_penalty>missing_jackpot_penalty>symbol_concentration_penalty,"(0.0, 0.2546296296296324, 1, 7.368421052631578)",8.62305068226121,8.62305068226121,1,0,0.0,0.40277777777777773,0.0025462962962963243,0.005555555555555536,0.9444444444444444,0.5474537037037037
761,NSGA-II,multi-objective,rtp_violation_penalty>win_rate_shortfall_penalty>missing_jackpot_penalty>symbol_concentration_penalty,"(0.0, 0.2546296296296324, 1, 7.368421052631578)",8.62305068226121,8.62305068226121,1,0,0.0,0.40277777777777773,0.0025462962962963243,0.005555555555555536,0.9444444444444444,0.5474537037037037
762,NSGA-II,multi-objective,rtp_violation_penalty>win_rate_shortfall_penalty>missing_jackpot_penalty>symbol_concentration_penalty,"(0.0, 0.2546296296296324, 1, 7.368421052631578)",8.62305068226121,8.62305068226121,1,0,0.0,0.40277777777777773,0.0025462962962963243,0.005555555555555536,0.9444444444444444,0.5474537037037037
763,NSGA-II,multi-objective,rtp_violation_penalty>win_rate_shortfall_penalty>missing_jackpot_penalty>symbol_concentration_penalty,"(0.0, 0.2546296296296324, 1, 7.368421052631578)",8.62305068226121,8.62305068226121,1,0,0.0,0.40277777777777773,0.0025462962962963243,0.005555555555555536,0.9444444444444444,0.5474537037037037
764,NSGA-II,multi-objective,rtp_violation_penalty>win_rate_shortfall_penalty>missing_jackpot_penalty>symbol_concentration_penalty,"(0.0, 0.2546296296296324, 1, 7.368421052631578)",8.62305068226121,8.62305068226121,1,0,0.0,0.40277777777777773,0.0025462962962963243,0.005555555555555536,0.9444444444444444,0.5474537037037037
765,NSGA-II,multi-objective,rtp_violation_penalty>win_rate_shortfall_penalty>missing_jackpot_penalty>symbol_concentration_penalty,"(0.0, 0.2546296296296324, 1, 7.368421052631578)",8.62305068226121,8.62305068226121,1,0,0.0,0.40277777777777773,0.0025462962962963243,0.005555555555555536,0.9444444444444444,0.5474537037037037
766,NSGA-II,multi-objective,rtp_violation_penalty>win_rate_shortfall_penalty>missing_jackpot_penalty>symbol_concentration_penalty,"(0.0, 0.2546296296296324, 1, 7.368421052631578)",8.62305068226121,8.62305068226121,1,0,0.0,0.40277777777777773,0.0025462962962963243,0.005555555555555536,0.9444444444444444,0.5474537037037037
767,NSGA-II,multi-objective,rtp_violation_penalty>win_rate_shortfall_penalty>missing_jackpot_penalty>symbol_concentration_penalty,"(0.0, 0.2546296296296324, 1, 7.368421052631578)",8.62305068226121,8.62305068226121,1,0,0.0,0.40277777777777773,0.0025462962962963243,0.005555555555555536,0.9444444444444444,0.5474537037037037
768,NSGA-II,multi-objective,rtp_violation_penalty>win_rate_shortfall_penalty>missing_jackpot_penalty>symbol_concentration_penalty,"(0.0, 0.2546296296296324, 1, 7.368421052631578)",8.62305068226121,8.62305068226121,1,0,0.0,0.40277777777777773,0.0025462962962963243,0.005555555555555536,0.9444444444444444,0.5474537037037037
769,NSGA-II,multi-objective,rtp_violation_penalty>win_rate_shortfall_penalty>missing_jackpot_penalty>symbol_concentration_penalty,"(0.0, 0.2546296296296324, 1, 7.368421052631578)",8.62305068226121,8.62305068226121,1,0,0.0,0.40277777777777773,0.0025462962962963243,0.005555555555555536,0.9444444444444444,0.5474537037037037
770,NSGA-II,multi-objective,rtp_violation_penalty>win_rate_shortfall_penalty>missing_jackpot_penalty>symbol_concentration_penalty,"(0.0, 0.2546296296296324, 1, 7.368421052631578)",8.62305068226121,8.62305068226121,1,0,0.0,0.40277777777777773,0.0025462962962963243,0.005555555555555536,0.9444444444444444,0.5474537037037037
771,NSGA-II,multi-objective,rtp_violation_penalty>win_rate_shortfall_penalty>missing_jackpot_penalty>symbol_concentration_penalty,"(0.0, 0.2546296296296324, 1, 7.368421052631578)",8.62305068226121,8.62305068226121,1,0,0.0,0.40277777777777773,0.0025462962962963243,0.005555555555555536,0.9444444444444444,0.5474537037037037
772,NSGA-II,multi-objective,rtp_violation_penalty>win_rate_shortfall_penalty>missing_jackpot_penalty>symbol_concentration_penalty,"(0.0, 0.2546296296296324, 1, 7.368421052631578)",8.62305068226121,8.62305068226121,1,0,0.0,0.40277777777777773,0.0025462962962963243,0.005555555555555536,0.9444444444444444,0.5474537037037037
773,NSGA-II,multi-objective,rtp_violation_penalty>win_rate_shortfall_penalty>missing_jackpot_penalty>symbol_concentration_penalty,"(0.0, 0.2546296296296324, 1, 7.368421052631578)",8.62305068226121,8.62305068226121,1,0,0.0,0.40277777777777773,0.0025462962962963243,0.005555555555555536,0.9444444444444444,0.5474537037037037
774,NSGA-II,multi-objective,rtp_violation_penalty>win_rate_shortfall_penalty>missing_jackpot_penalty>symbol_concentration_penalty,"(0.0, 0.2546296296296324, 1, 7.368421052631578)",8.62305068226121,8.62305068226121,1,0,0.0,0.40277777777777773,0.0025462962962963243,0.005555555555555536,0.9444444444444444,0.5474537037037037
775,NSGA-II,multi-objective,rtp_violation_penalty>win_rate_shortfall_penalty>missing_jackpot_penalty>symbol_concentration_penalty,"(0.0, 0.2546296296296324, 1, 7.368421052631578)",8.62305068226121,8.62305068226121,1,0,0.0,0.40277777777777773,0.0025462962962963243,0.005555555555555536,0.9444444444444444,0.5474537037037037
776,NSGA-II,multi-objective,rtp_violation_penalty>win_rate_shortfall_penalty>missing_jackpot_penalty>symbol_concentration_penalty,"(0.0, 0.2546296296296324, 1, 7.368421052631578)",8.62305068226121,8.62305068226121,1,0,0.0,0.40277777777777773,0.0025462962962963243,0.005555555555555536,0.9444444444444444,0.5474537037037037
777,NSGA-II,multi-objective,rtp_violation_penalty>win_rate_shortfall_penalty>missing_jackpot_penalty>symbol_concentration_penalty,"(0.0, 0.2546296296296324, 1, 7.368421052631578)",8.62305068226121,8.62305068226121,1,0,0.0,0.40277777777777773,0.0025462962962963243,0.005555555555555536,0.9444444444444444,0.5474537037037037
778,NSGA-II,multi-objective,rtp_violation_penalty>win_rate_shortfall_penalty>missing_jackpot_penalty>symbol_concentration_penalty,"(0.0, 0.2546296296296324, 1, 7.368421052631578)",8.62305068226121,8.62305068226121,1,0,0.0,0.40277777777777773,0.0025462962962963243,0.005555555555555536,0.9444444444444444,0.5474537037037037
779,NSGA-II,multi-objective,rtp_violation_penalty>win_rate_shortfall_penalty>missing_jackpot_penalty>symbol_concentration_penalty,"(0.0, 0.2546296296296324, 1, 7.368421052631578)",8.62305068226121,8.62305068226121,1,0,0.0,0.40277777777777773,0.0025462962962963243,0.005555555555555536,0.9444444444444444,0.5474537037037037
780,NSGA-II,multi-objective,rtp_violation_penalty>win_rate_shortfall_penalty>missing_jackpot_penalty>symbol_concentration_penalty,"(0.0, 0.2546296296296324, 1, 7.368421052631578)",8.62305068226121,8.62305068226121,1,0,0.0,0.40277777777777773,0.0025462962962963243,0.005555555555555536,0.9444444444444444,0.5474537037037037
781,NSGA-II,multi-objective,rtp_violation_penalty>win_rate_shortfall_penalty>missing_jackpot_penalty>symbol_concentration_penalty,"(0.0, 0.2546296296296324, 1, 7.368421052631578)",8.62305068226121,8.62305068226121,1,0,0.0,0.40277777777777773,0.0025462962962963243,0.005555555555555536,0.9444444444444444,0.5474537037037037
782,NSGA-II,multi-objective,rtp_violation_penalty>win_rate_shortfall_penalty>missing_jackpot_penalty>symbol_concentration_penalty,"(0.0, 0.2546296296296324, 1, 7.368421052631578)",8.62305068226121,8.62305068226121,1,0,0.0,0.40277777777777773,0.0025462962962963243,0.005555555555555536,0.9444444444444444,0.5474537037037037
783,NSGA-II,multi-objective,rtp_violation_penalty>win_rate_shortfall_penalty>missing_jackpot_penalty>symbol_concentration_penalty,"(0.0, 0.2546296296296324, 1, 7.368421052631578)",8.62305068226121,8.62305068226121,1,0,0.0,0.40277777777777773,0.0025462962962963243,0.005555555555555536,0.9444444444444444,0.5474537037037037
784,NSGA-II,multi-objective,rtp_violation_penalty>win_rate_shortfall_penalty>missing_jackpot_penalty>symbol_concentration_penalty,"(0.0, 0.2546296296296324, 1, 7.368421052631578)",8.62305068226121,8.62305068226121,1,0,0.0,0.40277777777777773,0.0025462962962963243,0.005555555555555536,0.9444444444444444,0.5474537037037037
785,NSGA-II,multi-objective,rtp_violation_penalty>win_rate_shortfall_penalty>missing_jackpot_penalty>symbol_concentration_penalty,"(0.0, 0.2546296296296324, 1, 7.368421052631578)",8.62305068226121,8.62305068226121,1,0,0.0,0.40277777777777773,0.0025462962962963243,0.005555555555555536,0.9444444444444444,0.5474537037037037
786,NSGA-II,multi-objective,rtp_violation_penalty>win_rate_shortfall_penalty>missing_jackpot_penalty>symbol_concentration_penalty,"(0.0, 0.2546296296296324, 1, 7.368421052631578)",8.62305068226121,8.62305068226121,1,0,0.0,0.40277777777777773,0.0025462962962963243,0.005555555555555536,0.9444444444444444,0.5474537037037037
787,NSGA-II,multi-objective,rtp_violation_penalty>win_rate_shortfall_penalty>missing_jackpot_penalty>symbol_concentration_penalty,"(0.0, 0.2546296296296324, 1, 7.368421052631578)",8.62305068226121,8.62305068226121,1,0,0.0,0.40277777777777773,0.0025462962962963243,0.005555555555555536,0.9444444444444444,0.5474537037037037
788,NSGA-II,multi-objective,rtp_violation_penalty>win_rate_shortfall_penalty>missing_jackpot_penalty>symbol_concentration_penalty,"(0.0, 0.2546296296296324, 1, 7.368421052631578)",8.62305068226121,8.62305068226121,1,0,0.0,0.40277777777777773,0.0025462962962963243,0.005555555555555536,0.9444444444444444,0.5474537037037037
789,NSGA-II,multi-objective,rtp_violation_penalty>win_rate_shortfall_penalty>missing_jackpot_penalty>symbol_concentration_penalty,"(0.0, 0.2546296296296324, 1, 7.368421052631578)",8.62305068226121,8.62305068226121,1,0,0.0,0.40277777777777773,0.0025462962962963243,0.005555555555555536,0.9444444444444444,0.5474537037037037
790,NSGA-II,multi-objective,rtp_violation_penalty>win_rate_shortfall_penalty>missing_jackpot_penalty>symbol_concentration_penalty,"(0.0, 0.2546296296296324, 1, 7.368421052631578)",8.62305068226121,8.62305068226121,1,0,0.0,0.40277777777777773,0.0025462962962963243,0.005555555555555536,0.9444444444444444,0.5474537037037037
791,NSGA-II,multi-objective,rtp_violation_penalty>win_rate_shortfall_penalty>missing_jackpot_penalty>symbol_concentration_penalty,"(0.0, 0.2546296296296324, 1, 7.368421052631578)",8.62305068226121,8.62305068226121,1,0,0.0,0.40277777777777773,0.0025462962962963243,0.005555555555555536,0.9444444444444444,0.5474537037037037
792,NSGA-II,multi-objective,rtp_violation_penalty>win_rate_shortfall_penalty>missing_jackpot_penalty>symbol_concentration_penalty,"(0.0, 0.2546296296296324, 1, 7.368421052631578)",8.62305068226121,8.62305068226121,1,0,0.0,0.40277777777777773,0.0025462962962963243,0.005555555555555536,0.9444444444444444,0.5474537037037037
793,NSGA-II,multi-objective,rtp_violation_penalty>win_rate_shortfall_penalty>missing_jackpot_penalty>symbol_concentration_penalty,"(0.0, 0.2546296296296324, 1, 7.368421052631578)",8.62305068226121,8.62305068226121,1,0,0.0,0.40277777777777773,0.0025462962962963243,0.005555555555555536,0.9444444444444444,0.5474537037037037
794,NSGA-II,multi-objective,rtp_violation_penalty>win_rate_shortfall_penalty>missing_jackpot_penalty>symbol_concentration_penalty,"(0.0, 0.2546296296296324, 1, 7.368421052631578)",8.62305068226121,8.62305068226121,1,0,0.0,0.40277777777777773,0.0025462962962963243,0.005555555555555536,0.9444444444444444,0.5474537037037037
795,NSGA-II,multi-objective,rtp_violation_penalty>win_rate_shortfall_penalty>missing_jackpot_penalty>symbol_concentration_penalty,"(0.0, 0.2546296296296324, 1, 7.368421052631578)",8.62305068226121,8.62305068226121,1,0,0.0,0.40277777777777773,0.0025462962962963243,0.005555555555555536,0.9444444444444444,0.5474537037037037
796,NSGA-II,multi-objective,rtp_violation_penalty>win_rate_shortfall_penalty>missing_jackpot_penalty>symbol_concentration_penalty,"(0.0, 0.2546296296296324, 1, 7.368421052631578)",8.62305068226121,8.62305068226121,1,0,0.0,0.40277777777777773,0.0025462962962963243,0.005555555555555536,0.9444444444444444,0.5474537037037037
797,NSGA-II,multi-objective,rtp_violation_penalty>win_rate_shortfall_penalty>missing_jackpot_penalty>symbol_concentration_penalty,"(0.0, 0.2546296296296324, 1, 7.368421052631578)",8.62305068226121,8.62305068226121,1,0,0.0,0.40277777777777773,0.0025462962962963243,0.005555555555555536,0.9444444444444444,0.5474537037037037
798,NSGA-II,multi-objective,rtp_violation_penalty>win_rate_shortfall_penalty>missing_jackpot_penalty>symbol_concentration_penalty,"(0.0, 0.2546296296296324, 1, 7.368421052631578)",8.62305068226121,8.62305068226121,1,0,0.0,0.40277777777777773,0.0025462962962963243,0.005555555555555536,0.9444444444444444,0.5474537037037037
799,NSGA-II,multi-objective,rtp_violation_penalty>win_rate_shortfall_penalty>missing_jackpot_penalty>symbol_concentration_penalty,"(0.0, 0.2546296296296324, 1, 7.368421052631578)",8.62305068226121,8.62305068226121,1,0,0.0,0.40277777777777773,0.0025462962962963243,0.005555555555555536,0.9444444444444444,0.5474537037037037
800,NSGA-II,multi-objective,rtp_violation_penalty>win_rate_shortfall_penalty>missing_jackpot_penalty>symbol_concentration_penalty,"(0.0, 0.2546296296296324, 1, 7.368421052631578)",8.62305068226121,8.62305068226121,1,0,0.0,0.40277777777777773,0.0025462962962963243,0.005555555555555536,0.9444444444444444,0.5474537037037037
801,NSGA-II,multi-objective,rtp_violation_penalty>win_rate_shortfall_penalty>missing_jackpot_penalty>symbol_concentration_penalty,"(0.0, 0.2546296296296324, 1, 7.368421052631578)",8.62305068226121,8.62305068226121,1,0,0.0,0.40277777777777773,0.0025462962962963243,0.005555555555555536,0.9444444444444444,0.5474537037037037
802,NSGA-II,multi-objective,rtp_violation_penalty>win_rate_shortfall_penalty>missing_jackpot_penalty>symbol_concentration_penalty,"(0.0, 0.2546296296296324, 1, 7.368421052631578)",8.62305068226121,8.62305068226121,1,0,0.0,0.40277777777777773,0.0025462962962963243,0.005555555555555536,0.9444444444444444,0.5474537037037037
803,NSGA-II,multi-objective,rtp_violation_penalty>win_rate_shortfall_penalty>missing_jackpot_penalty>symbol_concentration_penalty,"(0.0, 0.2546296296296324, 1, 7.368421052631578)",8.62305068226121,8.62305068226121,1,0,0.0,0.40277777777777773,0.0025462962962963243,0.005555555555555536,0.9444444444444444,0.5474537037037037
804,NSGA-II,multi-objective,rtp_violation_penalty>win_rate_shortfall_penalty>missing_jackpot_penalty>symbol_concentration_penalty,"(0.0, 0.2546296296296324, 1, 7.368421052631578)",8.62305068226121,8.62305068226121,1,0,0.0,0.40277777777777773,0.0025462962962963243,0.005555555555555536,0.9444444444444444,0.5474537037037037
805,NSGA-II,multi-objective,rtp_violation_penalty>win_rate_shortfall_penalty>missing_jackpot_penalty>symbol_concentration_penalty,"(0.0, 0.2546296296296324, 1, 7.368421052631578)",8.62305068226121,8.62305068226121,1,0,0.0,0.40277777777777773,0.0025462962962963243,0.005555555555555536,0.9444444444444444,0.5474537037037037
806,NSGA-II,multi-objective,rtp_violation_penalty>win_rate_shortfall_penalty>missing_jackpot_penalty>symbol_concentration_penalty,"(0.0, 0.2546296296296324, 1, 7.368421052631578)",8.62305068226121,8.62305068226121,1,0,0.0,0.40277777777777773,0.0025462962962963243,0.005555555555555536,0.9444444444444444,0.5474537037037037
807,NSGA-II,multi-objective,rtp_violation_penalty>win_rate_shortfall_penalty>missing_jackpot_penalty>symbol_concentration_penalty,"(0.0, 0.2546296296296324, 1, 7.368421052631578)",8.62305068226121,8.62305068226121,1,0,0.0,0.40277777777777773,0.0025462962962963243,0.005555555555555536,0.9444444444444444,0.5474537037037037
808,NSGA-II,multi-objective,rtp_violation_penalty>win_rate_shortfall_penalty>missing_jackpot_penalty>symbol_concentration_penalty,"(0.0, 0.2546296296296324, 1, 7.368421052631578)",8.62305068226121,8.62305068226121,1,0,0.0,0.40277777777777773,0.0025462962962963243,0.005555555555555536,0.9444444444444444,0.5474537037037037
809,NSGA-II,multi-objective,rtp_violation_penalty>win_rate_shortfall_penalty>missing_jackpot_penalty>symbol_concentration_penalty,"(0.0, 0.2546296296296324, 1, 7.368421052631578)",8.62305068226121,8.62305068226121,1,0,0.0,0.40277777777777773,0.0025462962962963243,0.005555555555555536,0.9444444444444444,0.5474537037037037
810,NSGA-II,multi-objective,rtp_violation_penalty>win_rate_shortfall_penalty>missing_jackpot_penalty>symbol_concentration_penalty,"(0.0, 0.2546296296296324, 1, 7.368421052631578)",8.62305068226121,8.62305068226121,1,0,0.0,0.40277777777777773,0.0025462962962963243,0.005555555555555536,0.9444444444444444,0.5474537037037037
811,NSGA-II,multi-objective,rtp_violation_penalty>win_rate_shortfall_penalty>missing_jackpot_penalty>symbol_concentration_penalty,"(0.0, 0.2546296296296324, 1, 7.368421052631578)",8.62305068226121,8.62305068226121,1,0,0.0,0.40277777777777773,0.0025462962962963243,0.005555555555555536,0.9444444444444444,0.5474537037037037
812,NSGA-II,multi-objective,rtp_violation_penalty>win_rate_shortfall_penalty>missing_jackpot_penalty>symbol_concentration_penalty,"(0.0, 0.2546296296296324, 1, 7.368421052631578)",8.62305068226121,8.62305068226121,1,0,0.0,0.40277777777777773,0.0025462962962963243,0.005555555555555536,0.9444444444444444,0.5474537037037037
813,NSGA-II,multi-objective,rtp_violation_penalty>win_rate_shortfall_penalty>missing_jackpot_penalty>symbol_concentration_penalty,"(0.0, 0.2546296296296324, 1, 7.368421052631578)",8.62305068226121,8.62305068226121,1,0,0.0,0.40277777777777773,0.0025462962962963243,0.005555555555555536,0.9444444444444444,0.5474537037037037
814,NSGA-II,multi-objective,rtp_violation_penalty>win_rate_shortfall_penalty>missing_jackpot_penalty>symbol_concentration_penalty,"(0.0, 0.2546296296296324, 1, 7.368421052631578)",8.62305068226121,8.62305068226121,1,0,0.0,0.40277777777777773,0.0025462962962963243,0.005555555555555536,0.9444444444444444,0.5474537037037037
815,NSGA-II,multi-objective,rtp_violation_penalty>win_rate_shortfall_penalty>missing_jackpot_penalty>symbol_concentration_penalty,"(0.0, 0.2546296296296324, 1, 7.368421052631578)",8.62305068226121,8.62305068226121,1,0,0.0,0.40277777777777773,0.0025462962962963243,0.005555555555555536,0.9444444444444444,0.5474537037037037
816,NSGA-II,multi-objective,rtp_violation_penalty>win_rate_shortfall_penalty>missing_jackpot_penalty>symbol_concentration_penalty,"(0.0, 0.2546296296296324, 1, 7.368421052631578)",8.62305068226121,8.62305068226121,1,0,0.0,0.40277777777777773,0.0025462962962963243,0.005555555555555536,0.9444444444444444,0.5474537037037037
817,NSGA-II,multi-objective,rtp_violation_penalty>win_rate_shortfall_penalty>missing_jackpot_penalty>symbol_concentration_penalty,"(0.0, 0.2546296296296324, 1, 7.368421052631578)",8.62305068226121,8.62305068226121,1,0,0.0,0.40277777777777773,0.0025462962962963243,0.005555555555555536,0.9444444444444444,0.5474537037037037
818,NSGA-II,multi-objective,rtp_violation_penalty>win_rate_shortfall_penalty>missing_jackpot_penalty>symbol_concentration_penalty,"(0.0, 0.2546296296296324, 1, 7.368421052631578)",8.62305068226121,8.62305068226121,1,0,0.0,0.40277777777777773,0.0025462962962963243,0.005555555555555536,0.9444444444444444,0.5474537037037037
819,NSGA-II,multi-objective,rtp_violation_penalty>win_rate_shortfall_penalty>missing_jackpot_penalty>symbol_concentration_penalty,"(0.0, 0.2546296296296324, 1, 7.368421052631578)",8.62305068226121,8.62305068226121,1,0,0.0,0.40277777777777773,0.0025462962962963243,0.005555555555555536,0.9444444444444444,0.5474537037037037
820,NSGA-II,multi-objective,rtp_violation_penalty>win_rate_shortfall_penalty>missing_jackpot_penalty>symbol_concentration_penalty,"(0.0, 0.2546296296296324, 1, 7.368421052631578)",8.62305068226121,8.62305068226121,1,0,0.0,0.40277777777777773,0.0025462962962963243,0.005555555555555536,0.9444444444444444,0.5474537037037037
821,NSGA-II,multi-objective,rtp_violation_penalty>win_rate_shortfall_penalty>missing_jackpot_penalty>symbol_concentration_penalty,"(0.0, 0.2546296296296324, 1, 7.368421052631578)",8.62305068226121,8.62305068226121,1,0,0.0,0.40277777777777773,0.0025462962962963243,0.005555555555555536,0.9444444444444444,0.5474537037037037
822,NSGA-II,multi-objective,rtp_violation_penalty>win_rate_shortfall_penalty>missing_jackpot_penalty>symbol_concentration_penalty,"(0.0, 0.2546296296296324, 1, 7.368421052631578)",8.62305068226121,8.62305068226121,1,0,0.0,0.40277777777777773,0.0025462962962963243,0.005555555555555536,0.9444444444444444,0.5474537037037037
823,NSGA-II,multi-objective,rtp_violation_penalty>win_rate_shortfall_penalty>missing_jackpot_penalty>symbol_concentration_penalty,"(0.0, 0.2546296296296324, 1, 7.368421052631578)",8.62305068226121,8.62305068226121,1,0,0.0,0.40277777777777773,0.0025462962962963243,0.005555555555555536,0.9444444444444444,0.5474537037037037
824,NSGA-II,multi-objective,rtp_violation_penalty>win_rate_shortfall_penalty>missing_jackpot_penalty>symbol_concentration_penalty,"(0.0, 0.2546296296296324, 1, 7.368421052631578)",8.62305068226121,8.62305068226121,1,0,0.0,0.40277777777777773,0.0025462962962963243,0.005555555555555536,0.9444444444444444,0.5474537037037037
825,NSGA-II,multi-objective,rtp_violation_penalty>win_rate_shortfall_penalty>missing_jackpot_penalty>symbol_concentration_penalty,"(0.0, 0.2546296296296324, 1, 7.368421052631578)",8.62305068226121,8.62305068226121,1,0,0.0,0.40277777777777773,0.0025462962962963243,0.005555555555555536,0.9444444444444444,0.5474537037037037
826,NSGA-II,multi-objective,rtp_violation_penalty>win_rate_shortfall_penalty>missing_jackpot_penalty>symbol_concentration_penalty,"(0.0, 0.2546296296296324, 1, 7.368421052631578)",8.62305068226121,8.62305068226121,1,0,0.0,0.40277777777777773,0.0025462962962963243,0.005555555555555536,0.9444444444444444,0.5474537037037037
827,NSGA-II,multi-objective,rtp_violation_penalty>win_rate_shortfall_penalty>missing_jackpot_penalty>symbol_concentration_penalty,"(0.0, 0.2546296296296324, 1, 7.368421052631578)",8.62305068226121,8.62305068226121,1,0,0.0,0.40277777777777773,0.0025462962962963243,0.005555555555555536,0.9444444444444444,0.5474537037037037
828,NSGA-II,multi-objective,rtp_violation_penalty>win_rate_shortfall_penalty>missing_jackpot_penalty>symbol_concentration_penalty,"(0.0, 0.2546296296296324, 1, 7.368421052631578)",8.62305068226121,8.62305068226121,1,0,0.0,0.40277777777777773,0.0025462962962963243,0.005555555555555536,0.9444444444444444,0.5474537037037037
829,NSGA-II,multi-objective,rtp_violation_penalty>win_rate_shortfall_penalty>missing_jackpot_penalty>symbol_concentration_penalty,"(0.0, 0.2546296296296324, 1, 7.368421052631578)",8.62305068226121,8.62305068226121,1,0,0.0,0.40277777777777773,0.0025462962962963243,0.005555555555555536,0.9444444444444444,0.5474537037037037
830,NSGA-II,multi-objective,rtp_violation_penalty>win_rate_shortfall_penalty>missing_jackpot_penalty>symbol_concentration_penalty,"(0.0, 0.2546296296296324, 1, 7.368421052631578)",8.62305068226121,8.62305068226121,1,0,0.0,0.40277777777777773,0.0025462962962963243,0.005555555555555536,0.9444444444444444,0.5474537037037037
831,NSGA-II,multi-objective,rtp_violation_penalty>win_rate_shortfall_penalty>missing_jackpot_penalty>symbol_concentration_penalty,"(0.0, 0.2546296296296324, 1, 7.368421052631578)",8.62305068226121,8.62305068226121,1,0,0.0,0.40277777777777773,0.0025462962962963243,0.005555555555555536,0.9444444444444444,0.5474537037037037
832,NSGA-II,multi-objective,rtp_violation_penalty>win_rate_shortfall_penalty>missing_jackpot_penalty>symbol_concentration_penalty,"(0.0, 0.2546296296296324, 1, 7.368421052631578)",8.62305068226121,8.62305068226121,1,0,0.0,0.40277777777777773,0.0025462962962963243,0.005555555555555536,0.9444444444444444,0.5474537037037037
833,NSGA-II,multi-objective,rtp_violation_penalty>win_rate_shortfall_penalty>missing_jackpot_penalty>symbol_concentration_penalty,"(0.0, 0.2546296296296324, 1, 7.368421052631578)",8.62305068226121,8.62305068226121,1,0,0.0,0.40277777777777773,0.0025462962962963243,0.005555555555555536,0.9444444444444444,0.5474537037037037
834,NSGA-II,multi-objective,rtp_violation_penalty>win_rate_shortfall_penalty>missing_jackpot_penalty>symbol_concentration_penalty,"(0.0, 0.2546296296296324, 1, 7.368421052631578)",8.62305068226121,8.62305068226121,1,0,0.0,0.40277777777777773,0.0025462962962963243,0.005555555555555536,0.9444444444444444,0.5474537037037037
835,NSGA-II,multi-objective,rtp_violation_penalty>win_rate_shortfall_penalty>missing_jackpot_penalty>symbol_concentration_penalty,"(0.0, 0.2546296296296324, 1, 7.368421052631578)",8.62305068226121,8.62305068226121,1,0,0.0,0.40277777777777773,0.0025462962962963243,0.005555555555555536,0.9444444444444444,0.5474537037037037
836,NSGA-II,multi-objective,rtp_violation_penalty>win_rate_shortfall_penalty>missing_jackpot_penalty>symbol_concentration_penalty,"(0.0, 0.2546296296296324, 1, 7.368421052631578)",8.62305068226121,8.62305068226121,1,0,0.0,0.40277777777777773,0.0025462962962963243,0.005555555555555536,0.9444444444444444,0.5474537037037037
837,NSGA-II,multi-objective,rtp_violation_penalty>win_rate_shortfall_penalty>missing_jackpot_penalty>symbol_concentration_penalty,"(0.0, 0.2546296296296324, 1, 7.368421052631578)",8.62305068226121,8.62305068226121,1,0,0.0,0.40277777777777773,0.0025462962962963243,0.005555555555555536,0.9444444444444444,0.5474537037037037
838,NSGA-II,multi-objective,rtp_violation_penalty>win_rate_shortfall_penalty>missing_jackpot_penalty>symbol_concentration_penalty,"(0.0, 0.2546296296296324, 1, 7.368421052631578)",8.62305068226121,8.62305068226121,1,0,0.0,0.40277777777777773,0.0025462962962963243,0.005555555555555536,0.9444444444444444,0.5474537037037037
839,NSGA-II,multi-objective,rtp_violation_penalty>win_rate_shortfall_penalty>missing_jackpot_penalty>symbol_concentration_penalty,"(0.0, 0.2546296296296324, 1, 7.368421052631578)",8.62305068226121,8.62305068226121,1,0,0.0,0.40277777777777773,0.0025462962962963243,0.005555555555555536,0.9444444444444444,0.5474537037037037
840,NSGA-II,multi-objective,rtp_violation_penalty>win_rate_shortfall_penalty>missing_jackpot_penalty>symbol_concentration_penalty,"(0.0, 0.2546296296296324, 1, 7.368421052631578)",8.62305068226121,8.62305068226121,1,0,0.0,0.40277777777777773,0.0025462962962963243,0.005555555555555536,0.9444444444444444,0.5474537037037037
841,NSGA-II,multi-objective,rtp_violation_penalty>win_rate_shortfall_penalty>missing_jackpot_penalty>symbol_concentration_penalty,"(0.0, 0.2546296296296324, 1, 7.368421052631578)",8.62305068226121,8.62305068226121,1,0,0.0,0.40277777777777773,0.0025462962962963243,0.005555555555555536,0.9444444444444444,0.5474537037037037
842,NSGA-II,multi-objective,rtp_violation_penalty>win_rate_shortfall_penalty>missing_jackpot_penalty>symbol_concentration_penalty,"(0.0, 0.2546296296296324, 1, 7.368421052631578)",8.62305068226121,8.62305068226121,1,0,0.0,0.40277777777777773,0.0025462962962963243,0.005555555555555536,0.9444444444444444,0.5474537037037037
843,NSGA-II,multi-objective,rtp_violation_penalty>win_rate_shortfall_penalty>missing_jackpot_penalty>symbol_concentration_penalty,"(0.0, 0.2546296296296324, 1, 7.368421052631578)",8.62305068226121,8.62305068226121,1,0,0.0,0.40277777777777773,0.0025462962962963243,0.005555555555555536,0.9444444444444444,0.5474537037037037
844,NSGA-II,multi-objective,rtp_violation_penalty>win_rate_shortfall_penalty>missing_jackpot_penalty>symbol_concentration_penalty,"(0.0, 0.2546296296296324, 1, 7.368421052631578)",8.62305068226121,8.62305068226121,1,0,0.0,0.40277777777777773,0.0025462962962963243,0.005555555555555536,0.9444444444444444,0.5474537037037037
845,NSGA-II,multi-objective,rtp_violation_penalty>win_rate_shortfall_penalty>missing_jackpot_penalty>symbol_concentration_penalty,"(0.0, 0.2546296296296324, 1, 7.368421052631578)",8.62305068226121,8.62305068226121,1,0,0.0,0.40277777777777773,0.0025462962962963243,0.005555555555555536,0.9444444444444444,0.5474537037037037
846,NSGA-II,multi-objective,rtp_violation_penalty>win_rate_shortfall_penalty>missing_jackpot_penalty>symbol_concentration_penalty,"(0.0, 0.2546296296296324, 1, 7.368421052631578)",8.62305068226121,8.62305068226121,1,0,0.0,0.40277777777777773,0.0025462962962963243,0.005555555555555536,0.9444444444444444,0.5474537037037037
847,NSGA-II,multi-objective,rtp_violation_penalty>win_rate_shortfall_penalty>missing_jackpot_penalty>symbol_concentration_penalty,"(0.0, 0.2546296296296324, 1, 7.368421052631578)",8.62305068226121,8.62305068226121,1,0,0.0,0.40277777777777773,0.0025462962962963243,0.005555555555555536,0.9444444444444444,0.5474537037037037
848,NSGA-II,multi-objective,rtp_violation_penalty>win_rate_shortfall_penalty>missing_jackpot_penalty>symbol_concentration_penalty,"(0.0, 0.2546296296296324, 1, 7.368421052631578)",8.62305068226121,8.62305068226121,1,0,0.0,0.40277777777777773,0.0025462962962963243,0.005555555555555536,0.9444444444444444,0.5474537037037037
849,NSGA-II,multi-objective,rtp_violation_penalty>win_rate_shortfall_penalty>missing_jackpot_penalty>symbol_concentration_penalty,"(0.0, 0.2546296296296324, 1, 7.368421052631578)",8.62305068226121,8.62305068226121,1,0,0.0,0.40277777777777773,0.0025462962962963243,0.005555555555555536,0.9444444444444444,0.5474537037037037
850,NSGA-II,multi-objective,rtp_violation_penalty>win_rate_shortfall_penalty>missing_jackpot_penalty>symbol_concentration_penalty,"(0.0, 0.2546296296296324, 1, 7.368421052631578)",8.62305068226121,8.62305068226121,1,0,0.0,0.40277777777777773,0.0025462962962963243,0.005555555555555536,0.9444444444444444,0.5474537037037037
851,NSGA-II,multi-objective,rtp_violation_penalty>win_rate_shortfall_penalty>missing_jackpot_penalty>symbol_concentration_penalty,"(0.0, 0.2546296296296324, 1, 7.368421052631578)",8.62305068226121,8.62305068226121,1,0,0.0,0.40277777777777773,0.0025462962962963243,0.005555555555555536,0.9444444444444444,0.5474537037037037
852,NSGA-II,multi-objective,rtp_violation_penalty>win_rate_shortfall_penalty>missing_jackpot_penalty>symbol_concentration_penalty,"(0.0, 0.2546296296296324, 1, 7.368421052631578)",8.62305068226121,8.62305068226121,1,0,0.0,0.40277777777777773,0.0025462962962963243,0.005555555555555536,0.9444444444444444,0.5474537037037037
853,NSGA-II,multi-objective,rtp_violation_penalty>win_rate_shortfall_penalty>missing_jackpot_penalty>symbol_concentration_penalty,"(0.0, 0.2546296296296324, 1, 7.368421052631578)",8.62305068226121,8.62305068226121,1,0,0.0,0.40277777777777773,0.0025462962962963243,0.005555555555555536,0.9444444444444444,0.5474537037037037
854,NSGA-II,multi-objective,rtp_violation_penalty>win_rate_shortfall_penalty>missing_jackpot_penalty>symbol_concentration_penalty,"(0.0, 0.2546296296296324, 1, 7.368421052631578)",8.62305068226121,8.62305068226121,1,0,0.0,0.40277777777777773,0.0025462962962963243,0.005555555555555536,0.9444444444444444,0.5474537037037037
855,NSGA-II,multi-objective,rtp_violation_penalty>win_rate_shortfall_penalty>missing_jackpot_penalty>symbol_concentration_penalty,"(0.0, 0.2546296296296324, 1, 7.368421052631578)",8.62305068226121,8.62305068226121,1,0,0.0,0.40277777777777773,0.0025462962962963243,0.005555555555555536,0.9444444444444444,0.5474537037037037
856,NSGA-II,multi-objective,rtp_violation_penalty>win_rate_shortfall_penalty>missing_jackpot_penalty>symbol_concentration_penalty,"(0.0, 0.2546296296296324, 1, 7.368421052631578)",8.62305068226121,8.62305068226121,1,0,0.0,0.40277777777777773,0.0025462962962963243,0.005555555555555536,0.9444444444444444,0.5474537037037037
857,NSGA-II,multi-objective,rtp_violation_penalty>win_rate_shortfall_penalty>missing_jackpot_penalty>symbol_concentration_penalty,"(0.0, 0.2546296296296324, 1, 7.368421052631578)",8.62305068226121,8.62305068226121,1,0,0.0,0.40277777777777773,0.0025462962962963243,0.005555555555555536,0.9444444444444444,0.5474537037037037
858,NSGA-II,multi-objective,rtp_violation_penalty>win_rate_shortfall_penalty>missing_jackpot_penalty>symbol_concentration_penalty,"(0.0, 0.2546296296296324, 1, 7.368421052631578)",8.62305068226121,8.62305068226121,1,0,0.0,0.40277777777777773,0.0025462962962963243,0.005555555555555536,0.9444444444444444,0.5474537037037037
859,NSGA-II,multi-objective,rtp_violation_penalty>win_rate_shortfall_penalty>missing_jackpot_penalty>symbol_concentration_penalty,"(0.0, 0.2546296296296324, 1, 7.368421052631578)",8.62305068226121,8.62305068226121,1,0,0.0,0.40277777777777773,0.0025462962962963243,0.005555555555555536,0.9444444444444444,0.5474537037037037
860,NSGA-II,multi-objective,rtp_violation_penalty>win_rate_shortfall_penalty>missing_jackpot_penalty>symbol_concentration_penalty,"(0.0, 0.2546296296296324, 1, 7.368421052631578)",8.62305068226121,8.62305068226121,1,0,0.0,0.40277777777777773,0.0025462962962963243,0.005555555555555536,0.9444444444444444,0.5474537037037037
861,NSGA-II,multi-objective,rtp_violation_penalty>win_rate_shortfall_penalty>missing_jackpot_penalty>symbol_concentration_penalty,"(0.0, 0.2546296296296324, 1, 7.368421052631578)",8.62305068226121,8.62305068226121,1,0,0.0,0.40277777777777773,0.0025462962962963243,0.005555555555555536,0.9444444444444444,0.5474537037037037
862,NSGA-II,multi-objective,rtp_violation_penalty>win_rate_shortfall_penalty>missing_jackpot_penalty>symbol_concentration_penalty,"(0.0, 0.2546296296296324, 1, 7.368421052631578)",8.62305068226121,8.62305068226121,1,0,0.0,0.40277777777777773,0.0025462962962963243,0.005555555555555536,0.9444444444444444,0.5474537037037037
863,NSGA-II,multi-objective,rtp_violation_penalty>win_rate_shortfall_penalty>missing_jackpot_penalty>symbol_concentration_penalty,"(0.0, 0.2546296296296324, 1, 7.368421052631578)",8.62305068226121,8.62305068226121,1,0,0.0,0.40277777777777773,0.0025462962962963243,0.005555555555555536,0.9444444444444444,0.5474537037037037
864,NSGA-II,multi-objective,rtp_violation_penalty>win_rate_shortfall_penalty>missing_jackpot_penalty>symbol_concentration_penalty,"(0.0, 0.2546296296296324, 1, 7.368421052631578)",8.62305068226121,8.62305068226121,1,0,0.0,0.40277777777777773,0.0025462962962963243,0.005555555555555536,0.9444444444444444,0.5474537037037037
865,NSGA-II,multi-objective,rtp_violation_penalty>win_rate_shortfall_penalty>missing_jackpot_penalty>symbol_concentration_penalty,"(0.0, 0.2546296296296324, 1, 7.368421052631578)",8.62305068226121,8.62305068226121,1,0,0.0,0.40277777777777773,0.0025462962962963243,0.005555555555555536,0.9444444444444444,0.5474537037037037
866,NSGA-II,multi-objective,rtp_violation_penalty>win_rate_shortfall_penalty>missing_jackpot_penalty>symbol_concentration_penalty,"(0.0, 0.2546296296296324, 1, 7.368421052631578)",8.62305068226121,8.62305068226121,1,0,0.0,0.40277777777777773,0.0025462962962963243,0.005555555555555536,0.9444444444444444,0.5474537037037037
867,NSGA-II,multi-objective,rtp_violation_penalty>win_rate_shortfall_penalty>missing_jackpot_penalty>symbol_concentration_penalty,"(0.18055555555556244, 0.0, 0, 8.421052631578949)",8.601608187134511,8.601608187134511,0,6,0.003472222222222222,0.4305555555555556,0,0.011805555555555625,0.9618055555555556,0.5578703703703703
868,NSGA-II,multi-objective,rtp_violation_penalty>win_rate_shortfall_penalty>missing_jackpot_penalty>symbol_concentration_penalty,"(0.18055555555556244, 0.0, 0, 8.421052631578949)",8.601608187134511,8.601608187134511,0,6,0.003472222222222222,0.4305555555555556,0,0.011805555555555625,0.9618055555555556,0.5578703703703703
869,NSGA-II,multi-objective,rtp_violation_penalty>win_rate_shortfall_penalty>missing_jackpot_penalty>symbol_concentration_penalty,"(0.18055555555556244, 0.0, 0, 8.421052631578949)",8.601608187134511,8.601608187134511,0,6,0.003472222222222222,0.4305555555555556,0,0.011805555555555625,0.9618055555555556,0.5578703703703703
870,NSGA-II,multi-objective,rtp_violation_penalty>win_rate_shortfall_penalty>missing_jackpot_penalty>symbol_concentration_penalty,"(0.18055555555556244, 0.0, 0, 8.421052631578949)",8.601608187134511,8.601608187134511,0,6,0.003472222222222222,0.4305555555555556,0,0.011805555555555625,0.9618055555555556,0.5578703703703703
871,NSGA-II,multi-objective,rtp_violation_penalty>win_rate_shortfall_penalty>missing_jackpot_penalty>symbol_concentration_penalty,"(0.18055555555556244, 0.0, 0, 8.421052631578949)",8.601608187134511,8.601608187134511,0,6,0.003472222222222222,0.4305555555555556,0,0.011805555555555625,0.9618055555555556,0.5578703703703703
872,NSGA-II,multi-objective,rtp_violation_penalty>win_rate_shortfall_penalty>missing_jackpot_penalty>symbol_concentration_penalty,"(0.18055555555556244, 0.0, 0, 8.421052631578949)",8.601608187134511,8.601608187134511,0,6,0.003472222222222222,0.4305555555555556,0,0.011805555555555625,0.9618055555555556,0.5578703703703703
873,NSGA-II,multi-objective,rtp_violation_penalty>win_rate_shortfall_penalty>missing_jackpot_penalty>symbol_concentration_penalty,"(0.18055555555556244, 0.0, 0, 8.421052631578949)",8.601608187134511,8.601608187134511,0,6,0.003472222222222222,0.4305555555555556,0,0.011805555555555625,0.9618055555555556,0.5578703703703703
874,NSGA-II,multi-objective,rtp_violation_penalty>win_rate_shortfall_penalty>missing_jackpot_penalty>symbol_concentration_penalty,"(0.18055555555556244, 0.0, 0, 8.421052631578949)",8.601608187134511,8.601608187134511,0,6,0.003472222222222222,0.4305555555555556,0,0.011805555555555625,0.9618055555555556,0.5578703703703703
875,NSGA-II,multi-objective,rtp_violation_penalty>win_rate_shortfall_penalty>missing_jackpot_penalty>symbol_concentration_penalty,"(0.18055555555556244, 0.0, 0, 8.421052631578949)",8.601608187134511,8.601608187134511,0,6,0.003472222222222222,0.4305555555555556,0,0.011805555555555625,0.9618055555555556,0.5578703703703703
876,NSGA-II,multi-objective,rtp_violation_penalty>win_rate_shortfall_penalty>missing_jackpot_penalty>symbol_concentration_penalty,"(0.18055555555556244, 0.0, 0, 8.421052631578949)",8.601608187134511,8.601608187134511,0,6,0.003472222222222222,0.4305555555555556,0,0.011805555555555625,0.9618055555555556,0.5578703703703703
877,NSGA-II,multi-objective,rtp_violation_penalty>win_rate_shortfall_penalty>missing_jackpot_penalty>symbol_concentration_penalty,"(0.18055555555556244, 0.0, 0, 8.421052631578949)",8.601608187134511,8.601608187134511,0,6,0.003472222222222222,0.4305555555555556,0,0.011805555555555625,0.9618055555555556,0.5578703703703703
878,NSGA-II,multi-objective,rtp_violation_penalty>win_rate_shortfall_penalty>missing_jackpot_penalty>symbol_concentration_penalty,"(0.18055555555556244, 0.0, 0, 8.421052631578949)",8.601608187134511,8.601608187134511,0,6,0.003472222222222222,0.4305555555555556,0,0.011805555555555625,0.9618055555555556,0.5578703703703703
879,NSGA-II,multi-objective,rtp_violation_penalty>win_rate_shortfall_penalty>missing_jackpot_penalty>symbol_concentration_penalty,"(0.18055555555556244, 0.0, 0, 8.421052631578949)",8.601608187134511,8.601608187134511,0,6,0.003472222222222222,0.4305555555555556,0,0.011805555555555625,0.9618055555555556,0.5578703703703703
880,NSGA-II,multi-objective,rtp_violation_penalty>win_rate_shortfall_penalty>missing_jackpot_penalty>symbol_concentration_penalty,"(0.18055555555556244, 0.0, 0, 8.421052631578949)",8.601608187134511,8.601608187134511,0,6,0.003472222222222222,0.4305555555555556,0,0.011805555555555625,0.9618055555555556,0.5578703703703703
881,NSGA-II,multi-objective,rtp_violation_penalty>win_rate_shortfall_penalty>missing_jackpot_penalty>symbol_concentration_penalty,"(0.18055555555556244, 0.0, 0, 8.421052631578949)",8.601608187134511,8.601608187134511,0,6,0.003472222222222222,0.4305555555555556,0,0.011805555555555625,0.9618055555555556,0.5578703703703703
882,NSGA-II,multi-objective,rtp_violation_penalty>win_rate_shortfall_penalty>missing_jackpot_penalty>symbol_concentration_penalty,"(0.18055555555556244, 0.0, 0, 8.421052631578949)",8.601608187134511,8.601608187134511,0,6,0.003472222222222222,0.4305555555555556,0,0.011805555555555625,0.9618055555555556,0.5578703703703703
883,NSGA-II,multi-objective,rtp_violation_penalty>win_rate_shortfall_penalty>missing_jackpot_penalty>symbol_concentration_penalty,"(0.18055555555556244, 0.0, 0, 8.421052631578949)",8.601608187134511,8.601608187134511,0,6,0.003472222222222222,0.4305555555555556,0,0.011805555555555625,0.9618055555555556,0.5578703703703703
884,NSGA-II,multi-objective,rtp_violation_penalty>win_rate_shortfall_penalty>missing_jackpot_penalty>symbol_concentration_penalty,"(0.18055555555556244, 0.0, 0, 8.421052631578949)",8.601608187134511,8.601608187134511,0,6,0.003472222222222222,0.4305555555555556,0,0.011805555555555625,0.9618055555555556,0.5578703703703703
885,NSGA-II,multi-objective,rtp_violation_penalty>win_rate_shortfall_penalty>missing_jackpot_penalty>symbol_concentration_penalty,"(0.18055555555556244, 0.0, 0, 8.421052631578949)",8.601608187134511,8.601608187134511,0,6,0.003472222222222222,0.4305555555555556,0,0.011805555555555625,0.9618055555555556,0.5578703703703703
886,NSGA-II,multi-objective,rtp_violation_penalty>win_rate_shortfall_penalty>missing_jackpot_penalty>symbol_concentration_penalty,"(0.18055555555556244, 0.0, 0, 8.421052631578949)",8.601608187134511,8.601608187134511,0,6,0.003472222222222222,0.4305555555555556,0,0.011805555555555625,0.9618055555555556,0.5578703703703703
887,NSGA-II,multi-objective,rtp_violation_penalty>win_rate_shortfall_penalty>missing_jackpot_penalty>symbol_concentration_penalty,"(0.18055555555556244, 0.0, 0, 8.421052631578949)",8.601608187134511,8.601608187134511,0,6,0.003472222222222222,0.4305555555555556,0,0.011805555555555625,0.9618055555555556,0.5578703703703703
888,NSGA-II,multi-objective,rtp_violation_penalty>win_rate_shortfall_penalty>missing_jackpot_penalty>symbol_concentration_penalty,"(0.18055555555556244, 0.0, 0, 8.421052631578949)",8.601608187134511,8.601608187134511,0,6,0.003472222222222222,0.4305555555555556,0,0.011805555555555625,0.9618055555555556,0.5578703703703703
889,NSGA-II,multi-objective,rtp_violation_penalty>win_rate_shortfall_penalty>missing_jackpot_penalty>symbol_concentration_penalty,"(0.18055555555556244, 0.0, 0, 8.421052631578949)",8.601608187134511,8.601608187134511,0,6,0.003472222222222222,0.4305555555555556,0,0.011805555555555625,0.9618055555555556,0.5578703703703703
890,NSGA-II,multi-objective,rtp_violation_penalty>win_rate_shortfall_penalty>missing_jackpot_penalty>symbol_concentration_penalty,"(0.18055555555556244, 0.0, 0, 8.421052631578949)",8.601608187134511,8.601608187134511,0,6,0.003472222222222222,0.4305555555555556,0,0.011805555555555625,0.9618055555555556,0.5578703703703703
891,NSGA-II,multi-objective,rtp_violation_penalty>win_rate_shortfall_penalty>missing_jackpot_penalty>symbol_concentration_penalty,"(0.18055555555556244, 0.0, 0, 8.421052631578949)",8.601608187134511,8.601608187134511,0,6,0.003472222222222222,0.4305555555555556,0,0.011805555555555625,0.9618055555555556,0.5578703703703703
892,NSGA-II,multi-objective,rtp_violation_penalty>win_rate_shortfall_penalty>missing_jackpot_penalty>symbol_concentration_penalty,"(0.18055555555556244, 0.0, 0, 8.421052631578949)",8.601608187134511,8.601608187134511,0,6,0.003472222222222222,0.4305555555555556,0,0.011805555555555625,0.9618055555555556,0.5578703703703703
893,NSGA-II,multi-objective,rtp_violation_penalty>win_rate_shortfall_penalty>missing_jackpot_penalty>symbol_concentration_penalty,"(0.18055555555556244, 0.0, 0, 8.421052631578949)",8.601608187134511,8.601608187134511,0,6,0.003472222222222222,0.4305555555555556,0,0.011805555555555625,0.9618055555555556,0.5578703703703703
894,NSGA-II,multi-objective,rtp_violation_penalty>win_rate_shortfall_penalty>missing_jackpot_penalty>symbol_concentration_penalty,"(0.18055555555556244, 0.0, 0, 8.421052631578949)",8.601608187134511,8.601608187134511,0,6,0.003472222222222222,0.4305555555555556,0,0.011805555555555625,0.9618055555555556,0.5578703703703703
895,NSGA-II,multi-objective,rtp_violation_penalty>win_rate_shortfall_penalty>missing_jackpot_penalty>symbol_concentration_penalty,"(0.18055555555556244, 0.0, 0, 8.421052631578949)",8.601608187134511,8.601608187134511,0,6,0.003472222222222222,0.4305555555555556,0,0.011805555555555625,0.9618055555555556,0.5578703703703703
896,NSGA-II,multi-objective,rtp_violation_penalty>win_rate_shortfall_penalty>missing_jackpot_penalty>symbol_concentration_penalty,"(0.18055555555556244, 0.0, 0, 8.421052631578949)",8.601608187134511,8.601608187134511,0,6,0.003472222222222222,0.4305555555555556,0,0.011805555555555625,0.9618055555555556,0.5578703703703703
897,NSGA-II,multi-objective,rtp_violation_penalty>win_rate_shortfall_penalty>missing_jackpot_penalty>symbol_concentration_penalty,"(0.18055555555556244, 0.0, 0, 8.421052631578949)",8.601608187134511,8.601608187134511,0,6,0.003472222222222222,0.4305555555555556,0,0.011805555555555625,0.9618055555555556,0.5578703703703703
898,NSGA-II,multi-objective,rtp_violation_penalty>win_rate_shortfall_penalty>missing_jackpot_penalty>symbol_concentration_penalty,"(0.18055555555556244, 0.0, 0, 8.421052631578949)",8.601608187134511,8.601608187134511,0,6,0.003472222222222222,0.4305555555555556,0,0.011805555555555625,0.9618055555555556,0.5578703703703703
899,NSGA-II,multi-objective,rtp_violation_penalty>win_rate_shortfall_penalty>missing_jackpot_penalty>symbol_concentration_penalty,"(0.18055555555556244, 0.0, 0, 8.421052631578949)",8.601608187134511,8.601608187134511,0,6,0.003472222222222222,0.4305555555555556,0,0.011805555555555625,0.9618055555555556,0.5578703703703703
900,NSGA-II,multi-objective,rtp_violation_penalty>win_rate_shortfall_penalty>missing_jackpot_penalty>symbol_concentration_penalty,"(0.18055555555556244, 0.0, 0, 8.421052631578949)",8.601608187134511,8.601608187134511,0,6,0.003472222222222222,0.4305555555555556,0,0.011805555555555625,0.9618055555555556,0.5578703703703703
901,NSGA-II,multi-objective,rtp_violation_penalty>win_rate_shortfall_penalty>missing_jackpot_penalty>symbol_concentration_penalty,"(0.18055555555556244, 0.0, 0, 8.421052631578949)",8.601608187134511,8.601608187134511,0,6,0.003472222222222222,0.4305555555555556,0,0.011805555555555625,0.9618055555555556,0.5578703703703703
902,NSGA-II,multi-objective,rtp_violation_penalty>win_rate_shortfall_penalty>missing_jackpot_penalty>symbol_concentration_penalty,"(0.18055555555556244, 0.0, 0, 8.421052631578949)",8.601608187134511,8.601608187134511,0,6,0.003472222222222222,0.4305555555555556,0,0.011805555555555625,0.9618055555555556,0.5578703703703703
903,NSGA-II,multi-objective,rtp_violation_penalty>win_rate_shortfall_penalty>missing_jackpot_penalty>symbol_concentration_penalty,"(0.18055555555556244, 0.0, 0, 8.421052631578949)",8.601608187134511,8.601608187134511,0,6,0.003472222222222222,0.4305555555555556,0,0.011805555555555625,0.9618055555555556,0.5578703703703703
904,NSGA-II,multi-objective,rtp_violation_penalty>win_rate_shortfall_penalty>missing_jackpot_penalty>symbol_concentration_penalty,"(0.18055555555556244, 0.0, 0, 8.421052631578949)",8.601608187134511,8.601608187134511,0,6,0.003472222222222222,0.4305555555555556,0,0.011805555555555625,0.9618055555555556,0.5578703703703703
905,NSGA-II,multi-objective,rtp_violation_penalty>win_rate_shortfall_penalty>missing_jackpot_penalty>symbol_concentration_penalty,"(0.18055555555556244, 0.0, 0, 8.421052631578949)",8.601608187134511,8.601608187134511,0,6,0.003472222222222222,0.4305555555555556,0,0.011805555555555625,0.9618055555555556,0.5578703703703703
906,NSGA-II,multi-objective,rtp_violation_penalty>win_rate_shortfall_penalty>missing_jackpot_penalty>symbol_concentration_penalty,"(0.18055555555556244, 0.0, 0, 8.421052631578949)",8.601608187134511,8.601608187134511,0,6,0.003472222222222222,0.4305555555555556,0,0.011805555555555625,0.9618055555555556,0.5578703703703703
907,NSGA-II,multi-objective,rtp_violation_penalty>win_rate_shortfall_penalty>missing_jackpot_penalty>symbol_concentration_penalty,"(0.18055555555556244, 0.0, 0, 8.421052631578949)",8.601608187134511,8.601608187134511,0,6,0.003472222222222222,0.4305555555555556,0,0.011805555555555625,0.9618055555555556,0.5578703703703703
908,NSGA-II,multi-objective,rtp_violation_penalty>win_rate_shortfall_penalty>missing_jackpot_penalty>symbol_concentration_penalty,"(0.18055555555556244, 0.0, 0, 8.421052631578949)",8.601608187134511,8.601608187134511,0,6,0.003472222222222222,0.4305555555555556,0,0.011805555555555625,0.9618055555555556,0.5578703703703703
909,NSGA-II,multi-objective,rtp_violation_penalty>win_rate_shortfall_penalty>missing_jackpot_penalty>symbol_concentration_penalty,"(0.18055555555556244, 0.0, 0, 8.421052631578949)",8.601608187134511,8.601608187134511,0,6,0.003472222222222222,0.4305555555555556,0,0.011805555555555625,0.9618055555555556,0.5578703703703703
910,NSGA-II,multi-objective,rtp_violation_penalty>win_rate_shortfall_penalty>missing_jackpot_penalty>symbol_concentration_penalty,"(0.18055555555556244, 0.0, 0, 8.421052631578949)",8.601608187134511,8.601608187134511,0,6,0.003472222222222222,0.4305555555555556,0,0.011805555555555625,0.9618055555555556,0.5578703703703703
911,NSGA-II,multi-objective,rtp_violation_penalty>win_rate_shortfall_penalty>missing_jackpot_penalty>symbol_concentration_penalty,"(0.18055555555556244, 0.0, 0, 8.421052631578949)",8.601608187134511,8.601608187134511,0,6,0.003472222222222222,0.4305555555555556,0,0.011805555555555625,0.9618055555555556,0.5578703703703703
912,NSGA-II,multi-objective,rtp_violation_penalty>win_rate_shortfall_penalty>missing_jackpot_penalty>symbol_concentration_penalty,"(0.18055555555556244, 0.0, 0, 8.421052631578949)",8.601608187134511,8.601608187134511,0,6,0.003472222222222222,0.4305555555555556,0,0.011805555555555625,0.9618055555555556,0.5578703703703703
913,NSGA-II,multi-objective,rtp_violation_penalty>win_rate_shortfall_penalty>missing_jackpot_penalty>symbol_concentration_penalty,"(0.18055555555556244, 0.0, 0, 8.421052631578949)",8.601608187134511,8.601608187134511,0,6,0.003472222222222222,0.4305555555555556,0,0.011805555555555625,0.9618055555555556,0.5578703703703703
914,NSGA-II,multi-objective,rtp_violation_penalty>win_rate_shortfall_penalty>missing_jackpot_penalty>symbol_concentration_penalty,"(0.18055555555556244, 0.0, 0, 8.421052631578949)",8.601608187134511,8.601608187134511,0,6,0.003472222222222222,0.4305555555555556,0,0.011805555555555625,0.9618055555555556,0.5578703703703703
915,NSGA-II,multi-objective,rtp_violation_penalty>win_rate_shortfall_penalty>missing_jackpot_penalty>symbol_concentration_penalty,"(0.18055555555556244, 0.0, 0, 8.421052631578949)",8.601608187134511,8.601608187134511,0,6,0.003472222222222222,0.4305555555555556,0,0.011805555555555625,0.9618055555555556,0.5578703703703703
916,NSGA-II,multi-objective,rtp_violation_penalty>win_rate_shortfall_penalty>missing_jackpot_penalty>symbol_concentration_penalty,"(0.18055555555556244, 0.0, 0, 8.421052631578949)",8.601608187134511,8.601608187134511,0,6,0.003472222222222222,0.4305555555555556,0,0.011805555555555625,0.9618055555555556,0.5578703703703703
917,NSGA-II,multi-objective,rtp_violation_penalty>win_rate_shortfall_penalty>missing_jackpot_penalty>symbol_concentration_penalty,"(0.18055555555556244, 0.0, 0, 8.421052631578949)",8.601608187134511,8.601608187134511,0,6,0.003472222222222222,0.4305555555555556,0,0.011805555555555625,0.9618055555555556,0.5578703703703703
918,NSGA-II,multi-objective,rtp_violation_penalty>win_rate_shortfall_penalty>missing_jackpot_penalty>symbol_concentration_penalty,"(0.18055555555556244, 0.0, 0, 8.421052631578949)",8.601608187134511,8.601608187134511,0,6,0.003472222222222222,0.4305555555555556,0,0.011805555555555625,0.9618055555555556,0.5578703703703703
919,NSGA-II,multi-objective,rtp_violation_penalty>win_rate_shortfall_penalty>missing_jackpot_penalty>symbol_concentration_penalty,"(0.18055555555556244, 0.0, 0, 8.421052631578949)",8.601608187134511,8.601608187134511,0,6,0.003472222222222222,0.4305555555555556,0,0.011805555555555625,0.9618055555555556,0.5578703703703703
920,NSGA-II,multi-objective,rtp_violation_penalty>win_rate_shortfall_penalty>missing_jackpot_penalty>symbol_concentration_penalty,"(0.18055555555556244, 0.0, 0, 8.421052631578949)",8.601608187134511,8.601608187134511,0,6,0.003472222222222222,0.4305555555555556,0,0.011805555555555625,0.9618055555555556,0.5578703703703703
921,NSGA-II,multi-objective,rtp_violation_penalty>win_rate_shortfall_penalty>missing_jackpot_penalty>symbol_concentration_penalty,"(0.18055555555556244, 0.0, 0, 8.421052631578949)",8.601608187134511,8.601608187134511,0,6,0.003472222222222222,0.4305555555555556,0,0.011805555555555625,0.9618055555555556,0.5578703703703703
922,NSGA-II,multi-objective,rtp_violation_penalty>win_rate_shortfall_penalty>missing_jackpot_penalty>symbol_concentration_penalty,"(0.18055555555556244, 0.0, 0, 8.421052631578949)",8.601608187134511,8.601608187134511,0,6,0.003472222222222222,0.4305555555555556,0,0.011805555555555625,0.9618055555555556,0.5578703703703703
923,NSGA-II,multi-objective,rtp_violation_penalty>win_rate_shortfall_penalty>missing_jackpot_penalty>symbol_concentration_penalty,"(0.18055555555556244, 0.0, 0, 8.421052631578949)",8.601608187134511,8.601608187134511,0,6,0.003472222222222222,0.4305555555555556,0,0.011805555555555625,0.9618055555555556,0.5578703703703703
924,NSGA-II,multi-objective,rtp_violation_penalty>win_rate_shortfall_penalty>missing_jackpot_penalty>symbol_concentration_penalty,"(0.18055555555556244, 0.0, 0, 8.421052631578949)",8.601608187134511,8.601608187134511,0,6,0.003472222222222222,0.4305555555555556,0,0.011805555555555625,0.9618055555555556,0.5578703703703703
925,NSGA-II,multi-objective,rtp_violation_penalty>win_rate_shortfall_penalty>missing_jackpot_penalty>symbol_concentration_penalty,"(0.18055555555556244, 0.0, 0, 8.421052631578949)",8.601608187134511,8.601608187134511,0,6,0.003472222222222222,0.4305555555555556,0,0.011805555555555625,0.9618055555555556,0.5578703703703703
926,NSGA-II,multi-objective,rtp_violation_penalty>win_rate_shortfall_penalty>missing_jackpot_penalty>symbol_concentration_penalty,"(0.18055555555556244, 0.0, 0, 8.421052631578949)",8.601608187134511,8.601608187134511,0,6,0.003472222222222222,0.4305555555555556,0,0.011805555555555625,0.9618055555555556,0.5578703703703703
927,NSGA-II,multi-objective,rtp_violation_penalty>win_rate_shortfall_penalty>missing_jackpot_penalty>symbol_concentration_penalty,"(0.18055555555556244, 0.0, 0, 8.421052631578949)",8.601608187134511,8.601608187134511,0,6,0.003472222222222222,0.4305555555555556,0,0.011805555555555625,0.9618055555555556,0.5578703703703703
928,NSGA-II,multi-objective,rtp_violation_penalty>win_rate_shortfall_penalty>missing_jackpot_penalty>symbol_concentration_penalty,"(0.18055555555556244, 0.0, 0, 8.421052631578949)",8.601608187134511,8.601608187134511,0,6,0.003472222222222222,0.4305555555555556,0,0.011805555555555625,0.9618055555555556,0.5578703703703703
929,NSGA-II,multi-objective,rtp_violation_penalty>win_rate_shortfall_penalty>missing_jackpot_penalty>symbol_concentration_penalty,"(0.18055555555556244, 0.0, 0, 8.421052631578949)",8.601608187134511,8.601608187134511,0,6,0.003472222222222222,0.4305555555555556,0,0.011805555555555625,0.9618055555555556,0.5578703703703703
930,NSGA-II,multi-objective,rtp_violation_penalty>win_rate_shortfall_penalty>missing_jackpot_penalty>symbol_concentration_penalty,"(0.18055555555556244, 0.0, 0, 8.421052631578949)",8.601608187134511,8.601608187134511,0,6,0.003472222222222222,0.4305555555555556,0,0.011805555555555625,0.9618055555555556,0.5578703703703703
931,NSGA-II,multi-objective,rtp_violation_penalty>win_rate_shortfall_penalty>missing_jackpot_penalty>symbol_concentration_penalty,"(0.18055555555556244, 0.0, 0, 8.421052631578949)",8.601608187134511,8.601608187134511,0,6,0.003472222222222222,0.4305555555555556,0,0.011805555555555625,0.9618055555555556,0.5578703703703703
932,NSGA-II,multi-objective,rtp_violation_penalty>win_rate_shortfall_penalty>missing_jackpot_penalty>symbol_concentration_penalty,"(0.18055555555556244, 0.0, 0, 8.421052631578949)",8.601608187134511,8.601608187134511,0,6,0.003472222222222222,0.4305555555555556,0,0.011805555555555625,0.9618055555555556,0.5578703703703703
933,NSGA-II,multi-objective,rtp_violation_penalty>win_rate_shortfall_penalty>missing_jackpot_penalty>symbol_concentration_penalty,"(0.18055555555556244, 0.0, 0, 8.421052631578949)",8.601608187134511,8.601608187134511,0,6,0.003472222222222222,0.4305555555555556,0,0.011805555555555625,0.9618055555555556,0.5578703703703703
934,NSGA-II,multi-objective,rtp_violation_penalty>win_rate_shortfall_penalty>missing_jackpot_penalty>symbol_concentration_penalty,"(0.18055555555556244, 0.0, 0, 8.421052631578949)",8.601608187134511,8.601608187134511,0,6,0.003472222222222222,0.4305555555555556,0,0.011805555555555625,0.9618055555555556,0.5578703703703703
935,NSGA-II,multi-objective,rtp_violation_penalty>win_rate_shortfall_penalty>missing_jackpot_penalty>symbol_concentration_penalty,"(0.18055555555556244, 0.0, 0, 8.421052631578949)",8.601608187134511,8.601608187134511,0,6,0.003472222222222222,0.4305555555555556,0,0.011805555555555625,0.9618055555555556,0.5578703703703703
936,NSGA-II,multi-objective,rtp_violation_penalty>win_rate_shortfall_penalty>missing_jackpot_penalty>symbol_concentration_penalty,"(0.18055555555556244, 0.0, 0, 8.421052631578949)",8.601608187134511,8.601608187134511,0,6,0.003472222222222222,0.4305555555555556,0,0.011805555555555625,0.9618055555555556,0.5578703703703703
937,NSGA-II,multi-objective,rtp_violation_penalty>win_rate_shortfall_penalty>missing_jackpot_penalty>symbol_concentration_penalty,"(0.18055555555556244, 0.0, 0, 8.421052631578949)",8.601608187134511,8.601608187134511,0,6,0.003472222222222222,0.4305555555555556,0,0.011805555555555625,0.9618055555555556,0.5578703703703703
938,NSGA-II,multi-objective,rtp_violation_penalty>win_rate_shortfall_penalty>missing_jackpot_penalty>symbol_concentration_penalty,"(0.18055555555556244, 0.0, 0, 8.421052631578949)",8.601608187134511,8.601608187134511,0,6,0.003472222222222222,0.4305555555555556,0,0.011805555555555625,0.9618055555555556,0.5578703703703703
939,NSGA-II,multi-objective,rtp_violation_penalty>win_rate_shortfall_penalty>missing_jackpot_penalty>symbol_concentration_penalty,"(0.18055555555556244, 0.0, 0, 8.421052631578949)",8.601608187134511,8.601608187134511,0,6,0.003472222222222222,0.4305555555555556,0,0.011805555555555625,0.9618055555555556,0.5578703703703703
940,NSGA-II,multi-objective,rtp_violation_penalty>win_rate_shortfall_penalty>missing_jackpot_penalty>symbol_concentration_penalty,"(0.18055555555556244, 0.0, 0, 8.421052631578949)",8.601608187134511,8.601608187134511,0,6,0.003472222222222222,0.4305555555555556,0,0.011805555555555625,0.9618055555555556,0.5578703703703703
941,NSGA-II,multi-objective,rtp_violation_penalty>win_rate_shortfall_penalty>missing_jackpot_penalty>symbol_concentration_penalty,"(0.18055555555556244, 0.0, 0, 8.421052631578949)",8.601608187134511,8.601608187134511,0,6,0.003472222222222222,0.4305555555555556,0,0.011805555555555625,0.9618055555555556,0.5578703703703703
942,NSGA-II,multi-objective,rtp_violation_penalty>win_rate_shortfall_penalty>missing_jackpot_penalty>symbol_concentration_penalty,"(0.18055555555556244, 0.0, 0, 8.421052631578949)",8.601608187134511,8.601608187134511,0,6,0.003472222222222222,0.4305555555555556,0,0.011805555555555625,0.9618055555555556,0.5578703703703703
943,NSGA-II,multi-objective,rtp_violation_penalty>win_rate_shortfall_penalty>missing_jackpot_penalty>symbol_concentration_penalty,"(0.18055555555556244, 0.0, 0, 8.421052631578949)",8.601608187134511,8.601608187134511,0,6,0.003472222222222222,0.4305555555555556,0,0.011805555555555625,0.9618055555555556,0.5578703703703703
944,NSGA-II,multi-objective,rtp_violation_penalty>win_rate_shortfall_penalty>missing_jackpot_penalty>symbol_concentration_penalty,"(0.18055555555556244, 0.0, 0, 8.421052631578949)",8.601608187134511,8.601608187134511,0,6,0.003472222222222222,0.4305555555555556,0,0.011805555555555625,0.9618055555555556,0.5578703703703703
945,NSGA-II,multi-objective,rtp_violation_penalty>win_rate_shortfall_penalty>missing_jackpot_penalty>symbol_concentration_penalty,"(0.18055555555556244, 0.0, 0, 8.421052631578949)",8.601608187134511,8.601608187134511,0,6,0.003472222222222222,0.4305555555555556,0,0.011805555555555625,0.9618055555555556,0.5578703703703703
946,NSGA-II,multi-objective,rtp_violation_penalty>win_rate_shortfall_penalty>missing_jackpot_penalty>symbol_concentration_penalty,"(0.18055555555556244, 0.0, 0, 8.421052631578949)",8.601608187134511,8.601608187134511,0,6,0.003472222222222222,0.4305555555555556,0,0.011805555555555625,0.9618055555555556,0.5578703703703703
947,NSGA-II,multi-objective,rtp_violation_penalty>win_rate_shortfall_penalty>missing_jackpot_penalty>symbol_concentration_penalty,"(0.18055555555556244, 0.0, 0, 8.421052631578949)",8.601608187134511,8.601608187134511,0,6,0.003472222222222222,0.4305555555555556,0,0.011805555555555625,0.9618055555555556,0.5578703703703703
948,NSGA-II,multi-objective,rtp_violation_penalty>win_rate_shortfall_penalty>missing_jackpot_penalty>symbol_concentration_penalty,"(0.18055555555556244, 0.0, 0, 8.421052631578949)",8.601608187134511,8.601608187134511,0,6,0.003472222222222222,0.4305555555555556,0,0.011805555555555625,0.9618055555555556,0.5578703703703703
949,NSGA-II,multi-objective,rtp_violation_penalty>win_rate_shortfall_penalty>missing_jackpot_penalty>symbol_concentration_penalty,"(0.18055555555556244, 0.0, 0, 8.421052631578949)",8.601608187134511,8.601608187134511,0,6,0.003472222222222222,0.4305555555555556,0,0.011805555555555625,0.9618055555555556,0.5578703703703703
950,NSGA-II,multi-objective,rtp_violation_penalty>win_rate_shortfall_penalty>missing_jackpot_penalty>symbol_concentration_penalty,"(0.18055555555556244, 0.0, 0, 8.421052631578949)",8.601608187134511,8.601608187134511,0,6,0.003472222222222222,0.4305555555555556,0,0.011805555555555625,0.9618055555555556,0.5578703703703703
951,NSGA-II,multi-objective,rtp_violation_penalty>win_rate_shortfall_penalty>missing_jackpot_penalty>symbol_concentration_penalty,"(0.18055555555556244, 0.0, 0, 8.421052631578949)",8.601608187134511,8.601608187134511,0,6,0.003472222222222222,0.4305555555555556,0,0.011805555555555625,0.9618055555555556,0.5578703703703703
952,NSGA-II,multi-objective,rtp_violation_penalty>win_rate_shortfall_penalty>missing_jackpot_penalty>symbol_concentration_penalty,"(0.18055555555556244, 0.0, 0, 8.421052631578949)",8.601608187134511,8.601608187134511,0,6,0.003472222222222222,0.4305555555555556,0,0.011805555555555625,0.9618055555555556,0.5578703703703703
953,NSGA-II,multi-objective,rtp_violation_penalty>win_rate_shortfall_penalty>missing_jackpot_penalty>symbol_concentration_penalty,"(0.18055555555556244, 0.0, 0, 8.421052631578949)",8.601608187134511,8.601608187134511,0,6,0.003472222222222222,0.4305555555555556,0,0.011805555555555625,0.9618055555555556,0.5578703703703703
954,NSGA-II,multi-objective,rtp_violation_penalty>win_rate_shortfall_penalty>missing_jackpot_penalty>symbol_concentration_penalty,"(0.18055555555556244, 0.0, 0, 8.421052631578949)",8.601608187134511,8.601608187134511,0,6,0.003472222222222222,0.4305555555555556,0,0.011805555555555625,0.9618055555555556,0.5578703703703703
955,NSGA-II,multi-objective,rtp_violation_penalty>win_rate_shortfall_penalty>missing_jackpot_penalty>symbol_concentration_penalty,"(0.18055555555556244, 0.0, 0, 8.421052631578949)",8.601608187134511,8.601608187134511,0,6,0.003472222222222222,0.4305555555555556,0,0.011805555555555625,0.9618055555555556,0.5578703703703703
956,NSGA-II,multi-objective,rtp_violation_penalty>win_rate_shortfall_penalty>missing_jackpot_penalty>symbol_concentration_penalty,"(0.18055555555556244, 0.0, 0, 8.421052631578949)",8.601608187134511,8.601608187134511,0,6,0.003472222222222222,0.4305555555555556,0,0.011805555555555625,0.9618055555555556,0.5578703703703703
957,NSGA-II,multi-objective,rtp_violation_penalty>win_rate_shortfall_penalty>missing_jackpot_penalty>symbol_concentration_penalty,"(0.18055555555556244, 0.0, 0, 8.421052631578949)",8.601608187134511,8.601608187134511,0,6,0.003472222222222222,0.4305555555555556,0,0.011805555555555625,0.9618055555555556,0.5578703703703703
958,NSGA-II,multi-objective,rtp_violation_penalty>win_rate_shortfall_penalty>missing_jackpot_penalty>symbol_concentration_penalty,"(0.18055555555556244, 0.0, 0, 8.421052631578949)",8.601608187134511,8.601608187134511,0,6,0.003472222222222222,0.4305555555555556,0,0.011805555555555625,0.9618055555555556,0.5578703703703703
959,NSGA-II,multi-objective,rtp_violation_penalty>win_rate_shortfall_penalty>missing_jackpot_penalty>symbol_concentration_penalty,"(0.18055555555556244, 0.0, 0, 8.421052631578949)",8.601608187134511,8.601608187134511,0,6,0.003472222222222222,0.4305555555555556,0,0.011805555555555625,0.9618055555555556,0.5578703703703703
960,NSGA-II,multi-objective,rtp_violation_penalty>win_rate_shortfall_penalty>missing_jackpot_penalty>symbol_concentration_penalty,"(0.18055555555556244, 0.0, 0, 8.421052631578949)",8.601608187134511,8.601608187134511,0,6,0.003472222222222222,0.4305555555555556,0,0.011805555555555625,0.9618055555555556,0.5578703703703703
961,NSGA-II,multi-objective,rtp_violation_penalty>win_rate_shortfall_penalty>missing_jackpot_penalty>symbol_concentration_penalty,"(0.18055555555556244, 0.0, 0, 8.421052631578949)",8.601608187134511,8.601608187134511,0,6,0.003472222222222222,0.4305555555555556,0,0.011805555555555625,0.9618055555555556,0.5578703703703703
962,NSGA-II,multi-objective,rtp_violation_penalty>win_rate_shortfall_penalty>missing_jackpot_penalty>symbol_concentration_penalty,"(0.18055555555556244, 0.0, 0, 8.421052631578949)",8.601608187134511,8.601608187134511,0,6,0.003472222222222222,0.4305555555555556,0,0.011805555555555625,0.9618055555555556,0.5578703703703703
963,NSGA-II,multi-objective,rtp_violation_penalty>win_rate_shortfall_penalty>missing_jackpot_penalty>symbol_concentration_penalty,"(0.18055555555556244, 0.0, 0, 8.421052631578949)",8.601608187134511,8.601608187134511,0,6,0.003472222222222222,0.4305555555555556,0,0.011805555555555625,0.9618055555555556,0.5578703703703703
964,NSGA-II,multi-objective,rtp_violation_penalty>win_rate_shortfall_penalty>missing_jackpot_penalty>symbol_concentration_penalty,"(0.18055555555556244, 0.0, 0, 8.421052631578949)",8.601608187134511,8.601608187134511,0,6,0.003472222222222222,0.4305555555555556,0,0.011805555555555625,0.9618055555555556,0.5578703703703703
965,NSGA-II,multi-objective,rtp_violation_penalty>win_rate_shortfall_penalty>missing_jackpot_penalty>symbol_concentration_penalty,"(0.18055555555556244, 0.0, 0, 8.421052631578949)",8.601608187134511,8.601608187134511,0,6,0.003472222222222222,0.4305555555555556,0,0.011805555555555625,0.9618055555555556,0.5578703703703703
966,NSGA-II,multi-objective,rtp_violation_penalty>win_rate_shortfall_penalty>missing_jackpot_penalty>symbol_concentration_penalty,"(0.18055555555556244, 0.0, 0, 8.421052631578949)",8.601608187134511,8.601608187134511,0,6,0.003472222222222222,0.4305555555555556,0,0.011805555555555625,0.9618055555555556,0.5578703703703703
967,NSGA-II,multi-objective,rtp_violation_penalty>win_rate_shortfall_penalty>missing_jackpot_penalty>symbol_concentration_penalty,"(0.18055555555556244, 0.0, 0, 8.421052631578949)",8.601608187134511,8.601608187134511,0,6,0.003472222222222222,0.4305555555555556,0,0.011805555555555625,0.9618055555555556,0.5578703703703703
968,NSGA-II,multi-objective,rtp_violation_penalty>win_rate_shortfall_penalty>missing_jackpot_penalty>symbol_concentration_penalty,"(0.18055555555556244, 0.0, 0, 8.421052631578949)",8.601608187134511,8.601608187134511,0,6,0.003472222222222222,0.4305555555555556,0,0.011805555555555625,0.9618055555555556,0.5578703703703703
969,NSGA-II,multi-objective,rtp_violation_penalty>win_rate_shortfall_penalty>missing_jackpot_penalty>symbol_concentration_penalty,"(0.18055555555556244, 0.0, 0, 8.421052631578949)",8.601608187134511,8.601608187134511,0,6,0.003472222222222222,0.4305555555555556,0,0.011805555555555625,0.9618055555555556,0.5578703703703703
970,NSGA-II,multi-objective,rtp_violation_penalty>win_rate_shortfall_penalty>missing_jackpot_penalty>symbol_concentration_penalty,"(0.18055555555556244, 0.0, 0, 8.421052631578949)",8.601608187134511,8.601608187134511,0,6,0.003472222222222222,0.4305555555555556,0,0.011805555555555625,0.9618055555555556,0.5578703703703703
971,NSGA-II,multi-objective,rtp_violation_penalty>win_rate_shortfall_penalty>missing_jackpot_penalty>symbol_concentration_penalty,"(0.18055555555556244, 0.0, 0, 8.421052631578949)",8.601608187134511,8.601608187134511,0,6,0.003472222222222222,0.4305555555555556,0,0.011805555555555625,0.9618055555555556,0.5578703703703703
972,NSGA-II,multi-objective,rtp_violation_penalty>win_rate_shortfall_penalty>missing_jackpot_penalty>symbol_concentration_penalty,"(0.18055555555556244, 0.0, 0, 8.421052631578949)",8.601608187134511,8.601608187134511,0,6,0.003472222222222222,0.4305555555555556,0,0.011805555555555625,0.9618055555555556,0.5578703703703703
973,NSGA-II,multi-objective,rtp_violation_penalty>win_rate_shortfall_penalty>missing_jackpot_penalty>symbol_concentration_penalty,"(0.18055555555556244, 0.0, 0, 8.421052631578949)",8.601608187134511,8.601608187134511,0,6,0.003472222222222222,0.4305555555555556,0,0.011805555555555625,0.9618055555555556,0.5578703703703703
974,NSGA-II,multi-objective,rtp_violation_penalty>win_rate_shortfall_penalty>missing_jackpot_penalty>symbol_concentration_penalty,"(0.18055555555556244, 0.0, 0, 8.421052631578949)",8.601608187134511,8.601608187134511,0,6,0.003472222222222222,0.4305555555555556,0,0.011805555555555625,0.9618055555555556,0.5578703703703703
975,NSGA-II,multi-objective,rtp_violation_penalty>win_rate_shortfall_penalty>missing_jackpot_penalty>symbol_concentration_penalty,"(0.18055555555556244, 0.0, 0, 8.421052631578949)",8.601608187134511,8.601608187134511,0,6,0.003472222222222222,0.4305555555555556,0,0.011805555555555625,0.9618055555555556,0.5578703703703703
976,NSGA-II,multi-objective,rtp_violation_penalty>win_rate_shortfall_penalty>missing_jackpot_penalty>symbol_concentration_penalty,"(0.18055555555556244, 0.0, 0, 8.421052631578949)",8.601608187134511,8.601608187134511,0,6,0.003472222222222222,0.4305555555555556,0,0.011805555555555625,0.9618055555555556,0.5578703703703703
977,NSGA-II,multi-objective,rtp_violation_penalty>win_rate_shortfall_penalty>missing_jackpot_penalty>symbol_concentration_penalty,"(0.18055555555556244, 0.0, 0, 8.421052631578949)",8.601608187134511,8.601608187134511,0,6,0.003472222222222222,0.4305555555555556,0,0.011805555555555625,0.9618055555555556,0.5578703703703703
978,NSGA-II,multi-objective,rtp_violation_penalty>win_rate_shortfall_penalty>missing_jackpot_penalty>symbol_concentration_penalty,"(0.18055555555556244, 0.0, 0, 8.421052631578949)",8.601608187134511,8.601608187134511,0,6,0.003472222222222222,0.4305555555555556,0,0.011805555555555625,0.9618055555555556,0.5578703703703703
979,NSGA-II,multi-objective,rtp_violation_penalty>win_rate_shortfall_penalty>missing_jackpot_penalty>symbol_concentration_penalty,"(0.18055555555556244, 0.0, 0, 8.421052631578949)",8.601608187134511,8.601608187134511,0,6,0.003472222222222222,0.4305555555555556,0,0.011805555555555625,0.9618055555555556,0.5578703703703703
980,NSGA-II,multi-objective,rtp_violation_penalty>win_rate_shortfall_penalty>missing_jackpot_penalty>symbol_concentration_penalty,"(0.18055555555556244, 0.0, 0, 8.421052631578949)",8.601608187134511,8.601608187134511,0,6,0.003472222222222222,0.4305555555555556,0,0.011805555555555625,0.9618055555555556,0.5578703703703703
981,NSGA-II,multi-objective,rtp_violation_penalty>win_rate_shortfall_penalty>missing_jackpot_penalty>symbol_concentration_penalty,"(0.18055555555556244, 0.0, 0, 8.421052631578949)",8.601608187134511,8.601608187134511,0,6,0.003472222222222222,0.4305555555555556,0,0.011805555555555625,0.9618055555555556,0.5578703703703703
982,NSGA-II,multi-objective,rtp_violation_penalty>win_rate_shortfall_penalty>missing_jackpot_penalty>symbol_concentration_penalty,"(0.18055555555556244, 0.0, 0, 8.421052631578949)",8.601608187134511,8.601608187134511,0,6,0.003472222222222222,0.4305555555555556,0,0.011805555555555625,0.9618055555555556,0.5578703703703703
983,NSGA-II,multi-objective,rtp_violation_penalty>win_rate_shortfall_penalty>missing_jackpot_penalty>symbol_concentration_penalty,"(0.18055555555556244, 0.0, 0, 8.421052631578949)",8.601608187134511,8.601608187134511,0,6,0.003472222222222222,0.4305555555555556,0,0.011805555555555625,0.9618055555555556,0.5578703703703703
984,NSGA-II,multi-objective,rtp_violation_penalty>win_rate_shortfall_penalty>missing_jackpot_penalty>symbol_concentration_penalty,"(0.18055555555556244, 0.0, 0, 8.421052631578949)",8.601608187134511,8.601608187134511,0,6,0.003472222222222222,0.4305555555555556,0,0.011805555555555625,0.9618055555555556,0.5578703703703703
985,NSGA-II,multi-objective,rtp_violation_penalty>win_rate_shortfall_penalty>missing_jackpot_penalty>symbol_concentration_penalty,"(0.18055555555556244, 0.0, 0, 8.421052631578949)",8.601608187134511,8.601608187134511,0,6,0.003472222222222222,0.4305555555555556,0,0.011805555555555625,0.9618055555555556,0.5578703703703703
986,NSGA-II,multi-objective,rtp_violation_penalty>win_rate_shortfall_penalty>missing_jackpot_penalty>symbol_concentration_penalty,"(0.18055555555556244, 0.0, 0, 8.421052631578949)",8.601608187134511,8.601608187134511,0,6,0.003472222222222222,0.4305555555555556,0,0.011805555555555625,0.9618055555555556,0.5578703703703703
987,NSGA-II,multi-objective,rtp_violation_penalty>win_rate_shortfall_penalty>missing_jackpot_penalty>symbol_concentration_penalty,"(0.18055555555556244, 0.0, 0, 8.421052631578949)",8.601608187134511,8.601608187134511,0,6,0.003472222222222222,0.4305555555555556,0,0.011805555555555625,0.9618055555555556,0.5578703703703703
988,NSGA-II,multi-objective,rtp_violation_penalty>win_rate_shortfall_penalty>missing_jackpot_penalty>symbol_concentration_penalty,"(0.18055555555556244, 0.0, 0, 8.421052631578949)",8.601608187134511,8.601608187134511,0,6,0.003472222222222222,0.4305555555555556,0,0.011805555555555625,0.9618055555555556,0.5578703703703703
989,NSGA-II,multi-objective,rtp_violation_penalty>win_rate_shortfall_penalty>missing_jackpot_penalty>symbol_concentration_penalty,"(0.18055555555556244, 0.0, 0, 8.421052631578949)",8.601608187134511,8.601608187134511,0,6,0.003472222222222222,0.4305555555555556,0,0.011805555555555625,0.9618055555555556,0.5578703703703703
990,NSGA-II,multi-objective,rtp_violation_penalty>win_rate_shortfall_penalty>missing_jackpot_penalty>symbol_concentration_penalty,"(0.18055555555556244, 0.0, 0, 8.421052631578949)",8.601608187134511,8.601608187134511,0,6,0.003472222222222222,0.4305555555555556,0,0.011805555555555625,0.9618055555555556,0.5578703703703703
991,NSGA-II,multi-objective,rtp_violation_penalty>win_rate_shortfall_penalty>missing_jackpot_penalty>symbol_concentration_penalty,"(0.18055555555556244, 0.0, 0, 8.421052631578949)",8.601608187134511,8.601608187134511,0,6,0.003472222222222222,0.4305555555555556,0,0.011805555555555625,0.9618055555555556,0.5578703703703703
992,NSGA-II,multi-objective,rtp_violation_penalty>win_rate_shortfall_penalty>missing_jackpot_penalty>symbol_concentration_penalty,"(0.18055555555556244, 0.0, 0, 8.421052631578949)",8.601608187134511,8.601608187134511,0,6,0.003472222222222222,0.4305555555555556,0,0.011805555555555625,0.9618055555555556,0.5578703703703703
993,NSGA-II,multi-objective,rtp_violation_penalty>win_rate_shortfall_penalty>missing_jackpot_penalty>symbol_concentration_penalty,"(0.18055555555556244, 0.0, 0, 8.421052631578949)",8.601608187134511,8.601608187134511,0,6,0.003472222222222222,0.4305555555555556,0,0.011805555555555625,0.9618055555555556,0.5578703703703703
994,NSGA-II,multi-objective,rtp_violation_penalty>win_rate_shortfall_penalty>missing_jackpot_penalty>symbol_concentration_penalty,"(0.18055555555556244, 0.0, 0, 8.421052631578949)",8.601608187134511,8.601608187134511,0,6,0.003472222222222222,0.4305555555555556,0,0.011805555555555625,0.9618055555555556,0.5578703703703703
995,NSGA-II,multi-objective,rtp_violation_penalty>win_rate_shortfall_penalty>missing_jackpot_penalty>symbol_concentration_penalty,"(0.18055555555556244, 0.0, 0, 8.421052631578949)",8.601608187134511,8.601608187134511,0,6,0.003472222222222222,0.4305555555555556,0,0.011805555555555625,0.9618055555555556,0.5578703703703703
996,NSGA-II,multi-objective,rtp_violation_penalty>win_rate_shortfall_penalty>missing_jackpot_penalty>symbol_concentration_penalty,"(0.18055555555556244, 0.0, 0, 8.421052631578949)",8.601608187134511,8.601608187134511,0,6,0.003472222222222222,0.4305555555555556,0,0.011805555555555625,0.9618055555555556,0.5578703703703703
997,NSGA-II,multi-objective,rtp_violation_penalty>win_rate_shortfall_penalty>missing_jackpot_penalty>symbol_concentration_penalty,"(0.18055555555556244, 0.0, 0, 8.421052631578949)",8.601608187134511,8.601608187134511,0,6,0.003472222222222222,0.4305555555555556,0,0.011805555555555625,0.9618055555555556,0.5578703703703703
998,NSGA-II,multi-objective,rtp_violation_penalty>win_rate_shortfall_penalty>missing_jackpot_penalty>symbol_concentration_penalty,"(0.18055555555556244, 0.0, 0, 8.421052631578949)",8.601608187134511,8.601608187134511,0,6,0.003472222222222222,0.4305555555555556,0,0.011805555555555625,0.9618055555555556,0.5578703703703703
999,NSGA-II,multi-objective,rtp_violation_penalty>win_rate_shortfall_penalty>missing_jackpot_penalty>symbol_concentration_penalty,"(0.18055555555556244, 0.0, 0, 8.421052631578949)",8.601608187134511,8.601608187134511,0,6,0.003472222222222222,0.4305555555555556,0,0.011805555555555625,0.9618055555555556,0.5578703703703703
1000,NSGA-II,multi-objective,rtp_violation_penalty>win_rate_shortfall_penalty>missing_jackpot_penalty>symbol_concentration_penalty,"(0.18055555555556244, 0.0, 0, 8.421052631578949)",8.601608187134511,8.601608187134511,0,6,0.003472222222222222,0.4305555555555556,0,0.011805555555555625,0.9618055555555556,0.5578703703703703
